{
  "type": "FeatureCollection",
  "features": [
    {
      "type": "Feature",
      "properties": { "code": "023", "areaM2": 45.28, "surveyState": "COMPLETO" },
      "geometry": {
        "type": "MultiPolygon",
        "coordinates": [
          [
            [
              [-78.7423071265874, -3.816626865710167],
              [-78.74231370382948, -3.816654299268467],
              [-78.74228823875507, -3.8165364006117604],
              [-78.74227723183382, -3.816465933571907],
              [-78.74227307098543, -3.8164178312204067],
              [-78.7422720051633, -3.8162791029524876],
              [-78.74228069358163, -3.816216328353814],
              [-78.74227985430447, -3.8162203145472424],
              [-78.74227834522002, -3.8162278362895448],
              [-78.74227690895626, -3.81623538715146],
              [-78.7422755482154, -3.8162429662361226],
              [-78.74227426659496, -3.816250574457006],
              [-78.7422730850914, -3.81625809796666],
              [-78.74227038033888, -3.816277950727267],
              [-78.74226826635703, -3.816297875700252],
              [-78.7422667450273, -3.816317855143146],
              [-78.74226581770367, -3.8163378712806293],
              [-78.74226548521133, -3.8163579063036654],
              [-78.74226574784664, -3.816377942365175],
              [-78.74226660537593, -3.816397961645158],
              [-78.74226708589667, -3.816405562758794],
              [-78.74226765796953, -3.8164132572247564],
              [-78.74226831199258, -3.816420931114962],
              [-78.74226904346838, -3.8164285835135647],
              [-78.74226985059941, -3.8164362135118424],
              [-78.74227072888591, -3.816443821097915],
              [-78.74227167562799, -3.816451406264685],
              [-78.74227268813053, -3.8164589671970535],
              [-78.74227376278897, -3.8164665056935334],
              [-78.74227489690581, -3.8164740208429895],
              [-78.74227608688126, -3.816481512635934],
              [-78.74227733001541, -3.816488981065269],
              [-78.7422786227085, -3.816496426121505],
              [-78.74227996226062, -3.816503847797511],
              [-78.74228134686953, -3.8165112469925395],
              [-78.74228277113548, -3.816518623692357],
              [-78.74228423415855, -3.8165259778945986],
              [-78.7422857323365, -3.816533310493732],
              [-78.74228726297187, -3.8165406205786803],
              [-78.74228882335771, -3.816547910854273],
              [-78.74229040989657, -3.8165551804070397],
              [-78.74229201988855, -3.816562429229863],
              [-78.74229365152905, -3.8165696591259635],
              [-78.74229530032063, -3.816576869179498],
              [-78.74229696535629, -3.8165840621000435],
              [-78.74229864304091, -3.8165912360701584],
              [-78.74230033066752, -3.8165983937946457],
              [-78.74230202553866, -3.8166055343624357],
              [-78.74230372761416, -3.816612673141251],
              [-78.74230542708425, -3.8166197757535905],
              [-78.7423071265874, -3.816626865710167]
            ]
          ],
          [
            [
              [-78.74228837504548, -3.816183141417488],
              [-78.74228801303559, -3.816184605831744],
              [-78.74230405212015, -3.816127078381963],
              [-78.74230247619958, -3.816132280309032],
              [-78.74230033982133, -3.8161394659218124],
              [-78.74229823847274, -3.8161466778426023],
              [-78.74229617665361, -3.8161539160832825],
              [-78.74229415616385, -3.816161180648577],
              [-78.74229218059854, -3.816168473355976],
              [-78.74229025175995, -3.8161757933061904],
              [-78.74228837504548, -3.816183141417488]
            ]
          ],
          [
            [
              [-78.74234519539141, -3.816279790347996],
              [-78.74234488160423, -3.816310337165155],
              [-78.74234538306905, -3.816304555318092],
              [-78.74234594075722, -3.816298778666864],
              [-78.74234655461535, -3.8162930077674284],
              [-78.74234722458515, -3.816287243169194],
              [-78.74234795060266, -3.816281485423742],
              [-78.7423487325981, -3.8162757350762067],
              [-78.742349570497, -3.816269992679508],
              [-78.74235065041188, -3.816263117062734],
              [-78.74235179034271, -3.816256349178993],
              [-78.74235300587439, -3.8162495796865232],
              [-78.74235429340476, -3.816242809479801],
              [-78.74235565203622, -3.816236037652503],
              [-78.74235707816423, -3.81622926600307],
              [-78.74235856999127, -3.8162224936228117],
              [-78.74236012571738, -3.8162157205069454],
              [-78.74236174174041, -3.816208947549985],
              [-78.7423634162628, -3.8162021738431995],
              [-78.74236514748465, -3.816195399381862],
              [-78.74236693180612, -3.8161886241564513],
              [-78.74236876832964, -3.816181847260609],
              [-78.742370653453, -3.8161750695888657],
              [-78.74237258448109, -3.816168289326117],
              [-78.7423745605092, -3.8161615082779443],
              [-78.74237657794698, -3.816154722818941],
              [-78.74237863408747, -3.8161479356539423],
              [-78.7423807280378, -3.8161411440686086],
              [-78.74238285619816, -3.8161343480534673],
              [-78.74238501586866, -3.816127547601387],
              [-78.7423872061541, -3.816120740902045],
              [-78.74238942255468, -3.816113927943564],
              [-78.74239166417047, -3.8161071087235734],
              [-78.7423939274087, -3.8161002805206534],
              [-78.74239621046715, -3.816093444234007],
              [-78.7423985115482, -3.816086598954942],
              [-78.74240082705683, -3.816079742865992],
              [-78.74240315882831, -3.8160728624121187],
              [-78.74240549417831, -3.8160659901035663],
              [-78.74240783586097, -3.8160591051558126],
              [-78.7424768426955, -3.8158562968567016],
              [-78.74247224898058, -3.815862275496028],
              [-78.74243629072366, -3.8159547439360786],
              [-78.74238876718347, -3.816098844943623],
              [-78.74237075541491, -3.816157396844561],
              [-78.74235199186673, -3.816230536263608],
              [-78.74234519539141, -3.816279790347996]
            ]
          ]
        ]
      }
    },
    {
      "type": "Feature",
      "properties": { "code": "028", "areaM2": 13.56, "surveyState": "COMPLETO" },
      "geometry": {
        "type": "MultiPolygon",
        "coordinates": [
          [
            [
              [-78.74239376549238, -3.814379257618155],
              [-78.74239477065824, -3.814381014911659],
              [-78.74239838639107, -3.814387335194389],
              [-78.74245349854587, -3.814483672201454],
              [-78.74248809795792, -3.814544153532355],
              [-78.7424064015974, -3.8143779629441816],
              [-78.74239376549238, -3.814379257618155]
            ]
          ]
        ]
      }
    },
    {
      "type": "Feature",
      "properties": { "code": "029", "areaM2": 5615.16, "surveyState": "COMPLETO" },
      "geometry": {
        "type": "MultiPolygon",
        "coordinates": [
          [
            [
              [-78.74386641416771, -3.8132394881878406],
              [-78.74398303181151, -3.8142206122980733],
              [-78.74444217436982, -3.8141636534736945],
              [-78.74432072380064, -3.8131758024573044],
              [-78.74386641416771, -3.8132394881878406]
            ]
          ]
        ]
      }
    },
    {
      "type": "Feature",
      "properties": { "code": "030", "areaM2": 115.41, "surveyState": "COMPLETO" },
      "geometry": {
        "type": "MultiPolygon",
        "coordinates": [
          [
            [
              [-78.74192370768013, -3.813475330730972],
              [-78.74199873749969, -3.813593780247393],
              [-78.74247726331248, -3.814377679540895],
              [-78.74248338717999, -3.8143798833298965],
              [-78.7424654921692, -3.8143486015088284],
              [-78.7424618755381, -3.81434228031981],
              [-78.74245825890941, -3.8143359582268244],
              [-78.74245464138079, -3.8143296361314816],
              [-78.74245102295463, -3.814323313129801],
              [-78.74244740363088, -3.8143169892217825],
              [-78.74244378250492, -3.814310666213022],
              [-78.74244015958381, -3.814304341391568],
              [-78.74243653576042, -3.814298017471744],
              [-78.74243290923957, -3.8142916926408383],
              [-78.74242928181879, -3.8142853678075785],
              [-78.74242565169583, -3.814279043871204],
              [-78.74242201887542, -3.8142727190237498],
              [-78.74241838425277, -3.8142663950755527],
              [-78.74241474692793, -3.8142600720242434],
              [-78.74241110690564, -3.8142537480618532],
              [-78.74240746327885, -3.814247425897961],
              [-78.74240381695223, -3.814241103726972],
              [-78.74240016702348, -3.8142347824504976],
              [-78.74239651439255, -3.8142284620709273],
              [-78.74239285725953, -3.8142221425834837],
              [-78.74238919652437, -3.8142158239905726],
              [-78.74238553218473, -3.814209507196143],
              [-78.74238186424529, -3.8142031903922624],
              [-78.7423781908991, -3.81419687628612],
              [-78.74237451395314, -3.8141905621705123],
              [-78.74237083160041, -3.8141842507526427],
              [-78.74236714564557, -3.8141779402293046],
              [-78.742363453384, -3.8141716324013197],
              [-78.74235975662035, -3.814165325465496],
              [-78.74235605534989, -3.8141590212297816],
              [-78.74235234777743, -3.8141527178814703],
              [-78.74234188614467, -3.8141349945786223],
              [-78.7423313844995, -3.814117295171369],
              [-78.74232084289541, -3.8140996197463934],
              [-78.74231026138693, -3.8140819683965193],
              [-78.74229964002879, -3.814064341216721],
              [-78.7422889788755, -3.814046738286888],
              [-78.74227827798194, -3.8140291597069638],
              [-78.74227447391473, -3.8140229329439626],
              [-78.74227065817415, -3.8140166962063318],
              [-78.74226683792439, -3.814010463072793],
              [-78.74226301316548, -3.8140042335433626],
              [-78.74225918479499, -3.813998008524378],
              [-78.74225535281765, -3.8139917862078723],
              [-78.74225151723347, -3.8139855665938653],
              [-78.74224767893766, -3.8139793514926734],
              [-78.742243837035, -3.813973139093963],
              [-78.7422399915255, -3.8139669293977305],
              [-78.74223614420667, -3.81396072331272],
              [-78.742232293281, -3.8139545199301876],
              [-78.74222844054839, -3.8139483192548944],
              [-78.74222458510889, -3.813942121284452],
              [-78.7422207278648, -3.8139359251172475],
              [-78.74221686791144, -3.813929732558877],
              [-78.74221300705346, -3.813923541806116],
              [-78.74220914348858, -3.813917353758222],
              [-78.74220527901906, -3.8139111675159367],
              [-78.74220141274496, -3.8139049830768905],
              [-78.74219754556387, -3.8138988013474355],
              [-78.7421936774805, -3.813892620519625],
              [-78.7421898075902, -3.813886442399034],
              [-78.74218593769756, -3.813880265182441],
              [-78.74218206780024, -3.8138740897738286],
              [-78.74217819609835, -3.813867916168453],
              [-78.74217432529407, -3.813861743469447],
              [-78.74217045358517, -3.8138555725760495],
              [-78.7421665827739, -3.813849402589036],
              [-78.74216271106036, -3.8138432335036505],
              [-78.74215884024446, -3.8138370653246154],
              [-78.74193125712405, -3.813474412276565],
              [-78.74192370768013, -3.813475330730972]
            ]
          ]
        ]
      }
    },
    {
      "type": "Feature",
      "properties": { "code": "032", "areaM2": 188.07, "surveyState": "COMPLETO" },
      "geometry": {
        "type": "MultiPolygon",
        "coordinates": [
          [
            [
              [-78.74239115492543, -3.814374694628927],
              [-78.74239376549238, -3.814379257618155],
              [-78.7424064015974, -3.8143779629441816],
              [-78.74215355644587, -3.8139656919432925],
              [-78.7420860530074, -3.8138668661704873],
              [-78.74209336713558, -3.813878521601827],
              [-78.74209723615567, -3.8138846879682613],
              [-78.7421011051758, -3.813890854334712],
              [-78.74210497330074, -3.813897018890839],
              [-78.74210884052577, -3.8139031834446095],
              [-78.74211270685325, -3.8139093470920424],
              [-78.74211657138086, -3.813915510734747],
              [-78.74212043410861, -3.8139216743727253],
              [-78.74212429593881, -3.8139278371043486],
              [-78.74212815506682, -3.8139340007328717],
              [-78.74213201329728, -3.8139401634550585],
              [-78.74213586882557, -3.813946327074129],
              [-78.74213972165404, -3.8139524906860847],
              [-78.74214357268265, -3.813958654293331],
              [-78.74214742100908, -3.81396481879746],
              [-78.74215126573337, -3.813970984196104],
              [-78.7421551086578, -3.813977149590022],
              [-78.7421589479801, -3.8139833158784535],
              [-78.74216278370028, -3.8139894830613983],
              [-78.74216661671825, -3.813995651141228],
              [-78.74217044613414, -3.8140018201155885],
              [-78.74217427104554, -3.81400799088606],
              [-78.74217809325714, -3.8140141616494483],
              [-78.742181910062, -3.814020335110575],
              [-78.74218572416466, -3.814026509468585],
              [-78.74218953286528, -3.8140326847163695],
              [-78.7421933370591, -3.814038862664261],
              [-78.74219713675085, -3.8140450415042975],
              [-78.74220093193578, -3.8140512230444594],
              [-78.7422047217187, -3.814057405474374],
              [-78.74220850609484, -3.814063590602047],
              [-78.7422122940307, -3.814069791106953],
              [-78.74222290093994, -3.814087215494716],
              [-78.74223346845767, -3.814104664023865],
              [-78.74224399652921, -3.814122136588363],
              [-78.74225448510029, -3.8141396331083226],
              [-78.74226493411726, -3.8141571534973906],
              [-78.7422753435259, -3.814174697649816],
              [-78.74228571327306, -3.814192265493206],
              [-78.74228939038574, -3.8141985154259452],
              [-78.74229306208692, -3.814204769864385],
              [-78.7422967301789, -3.814211027909288],
              [-78.742300394664, -3.8142172886566876],
              [-78.74230405463759, -3.8142235539121634],
              [-78.74230771100432, -3.8142298218701334],
              [-78.74231136376183, -3.814236093434551],
              [-78.74231501381243, -3.8142423677038337],
              [-78.74231865935386, -3.814248645577228],
              [-78.74232230308836, -3.814254926157827],
              [-78.74232594321599, -3.8142612094409216],
              [-78.74232958063436, -3.814267496332868],
              [-78.74233321534818, -3.8142737850256636],
              [-78.74233684825505, -3.8142800764256988],
              [-78.74234047845503, -3.814286370530586],
              [-78.74234410684804, -3.8142926673426927],
              [-78.74234773253652, -3.8142989659556883],
              [-78.74235135732036, -3.814305266374274],
              [-78.74235498029725, -3.814311569500098],
              [-78.74235860146955, -3.8143178744291624],
              [-78.7423622217372, -3.8143241811638537],
              [-78.7423658401979, -3.8143304906057485],
              [-78.74236945775634, -3.814336800949291],
              [-78.74237307531007, -3.8143431131008105],
              [-78.74237669195918, -3.8143494270579406],
              [-78.742380307706, -3.8143557419166982],
              [-78.74238392344813, -3.8143620585834372],
              [-78.74238753918794, -3.8143683761541913],
              [-78.74239115492543, -3.814374694628927]
            ]
          ],
          [
            [
              [-78.74167772208494, -3.8132161957799444],
              [-78.7418520529201, -3.8134939910669803],
              [-78.74168106643371, -3.8131906478872963],
              [-78.74158048977101, -3.8129997458965206],
              [-78.74150767877639, -3.812841178657512],
              [-78.74149205749482, -3.8127980271287467],
              [-78.7414744123635, -3.8127286202092034],
              [-78.74147282738684, -3.812729368153517],
              [-78.7414735374242, -3.8127338601420107],
              [-78.74147500094669, -3.8127427484105247],
              [-78.74147652656103, -3.8127516386506004],
              [-78.74147811877168, -3.8127605290661433],
              [-78.74147977937857, -3.812769419661861],
              [-78.74148151108623, -3.8127783086369393],
              [-78.74148331659694, -3.8127871950944727],
              [-78.74148519951281, -3.812796078139965],
              [-78.74148716253845, -3.8128049559725983],
              [-78.74148920747608, -3.8128138276930783],
              [-78.74149131657693, -3.8128225974317482],
              [-78.74149707169975, -3.812844879720849],
              [-78.74150336666474, -3.8128670142379635],
              [-78.74151019771918, -3.8128889877886794],
              [-78.74151756079104, -3.8129107872775707],
              [-78.7415254514913, -3.812932399705368],
              [-78.74153386511657, -3.812953812186199],
              [-78.74154279665163, -3.8129750119671293],
              [-78.7415464361403, -3.8129832605196716],
              [-78.7415501871167, -3.8129915500455036],
              [-78.74155400840496, -3.812999795461057],
              [-78.74155789551004, -3.8130079949465614],
              [-78.74156184572738, -3.813016150302819],
              [-78.7415658563524, -3.813024263330729],
              [-78.74156992468761, -3.8130323331191676],
              [-78.74157404712848, -3.813040361466629],
              [-78.74157822187513, -3.8130483483683575],
              [-78.74158244532066, -3.8130562965268466],
              [-78.74158671386529, -3.8130642059325988],
              [-78.7415910266067, -3.8130720774872233],
              [-78.74159537994035, -3.813079912989203],
              [-78.74159977026645, -3.8130877124290676],
              [-78.74160419667798, -3.8130954785163795],
              [-78.74160865557512, -3.81310321124167],
              [-78.741613143351, -3.813110913307404],
              [-78.74161765910566, -3.8131185847112077],
              [-78.74162220013453, -3.8131262272539197],
              [-78.74162676283547, -3.8131338418300675],
              [-78.74163134540143, -3.8131414311468608],
              [-78.74163594513264, -3.813148995197167],
              [-78.74164055932448, -3.813156535781838],
              [-78.74164518617235, -3.813164054704132],
              [-78.741649822974, -3.8131715528608834],
              [-78.74165446792485, -3.8131790320553325],
              [-78.74165911742271, -3.8131864931819948],
              [-78.74166377951994, -3.813193954341853],
              [-78.74166842910998, -3.8132013802131817],
              [-78.74167307783551, -3.8132087925224085],
              [-78.74167772208494, -3.8132161957799444]
            ]
          ]
        ]
      }
    },
    {
      "type": "Feature",
      "properties": { "code": "032A", "areaM2": 2.03, "surveyState": "COMPLETO" },
      "geometry": {
        "type": "MultiPolygon",
        "coordinates": [
          [
            [
              [-78.74145892915902, -3.812618794364159],
              [-78.74145983492737, -3.8126275989001672],
              [-78.74146076767059, -3.8126364125471444],
              [-78.74146172828863, -3.8126452353074605],
              [-78.74146272038132, -3.8126540671905826],
              [-78.74146374755078, -3.8126629073020437],
              [-78.74146481159931, -3.8126717547425732],
              [-78.7414659152244, -3.812680610423281],
              [-78.7414670620329, -3.812689471641703],
              [-78.74146825382238, -3.812698339306549],
              [-78.74146949509259, -3.812707213429689],
              [-78.74147078765053, -3.812716091303918],
              [-78.7414721332937, -3.8127249738379283],
              [-78.74147282738684, -3.812729368153517],
              [-78.7414744123635, -3.8127286202092034],
              [-78.74145892915902, -3.812618794364159]
            ]
          ],
          [
            [
              [-78.74145892915902, -3.812618794364159],
              [-78.74144361341435, -3.812454131125139],
              [-78.7414522777917, -3.81254873751096],
              [-78.74145307757622, -3.812557461312616],
              [-78.74145388092983, -3.81256619687555],
              [-78.74145469055473, -3.812574943302888],
              [-78.74145550740988, -3.812583677997414],
              [-78.7414563376911, -3.812592440751005],
              [-78.74145718324075, -3.8126012152966906],
              [-78.74145804586581, -3.8126099989272655],
              [-78.74145892915902, -3.812618794364159]
            ]
          ]
        ]
      }
    },
    {
      "type": "Feature",
      "properties": { "code": "033", "areaM2": 5.85, "surveyState": "COMPLETO" },
      "geometry": {
        "type": "MultiPolygon",
        "coordinates": [
          [
            [
              [-78.74187286331664, -3.81338136261004],
              [-78.74192370768013, -3.813475330730972],
              [-78.74193125712405, -3.813474412276565],
              [-78.74187286331664, -3.81338136261004]
            ]
          ],
          [
            [
              [-78.74151478120835, -3.812413055062996],
              [-78.74152395439987, -3.812482715381444],
              [-78.74151752741824, -3.81241254069441],
              [-78.74151478120835, -3.812413055062996]
            ]
          ]
        ]
      }
    },
    {
      "type": "Feature",
      "properties": { "code": "034", "areaM2": 4416.02, "surveyState": "COMPLETO" },
      "geometry": {
        "type": "MultiPolygon",
        "coordinates": [
          [
            [
              [-78.74158794391424, -3.8116790831236997],
              [-78.74165431833933, -3.8122486875860164],
              [-78.7421927694106, -3.812173204013563],
              [-78.74210614542999, -3.8114298226297647],
              [-78.74158794391424, -3.8116790831236997]
            ]
          ]
        ]
      }
    },
    {
      "type": "Feature",
      "properties": { "code": "035", "areaM2": 24.37, "surveyState": "INCOMPLETO" },
      "geometry": {
        "type": "MultiPolygon",
        "coordinates": [
          [
            [
              [-78.74131648052646, -3.8110659873782677],
              [-78.74137897781006, -3.811748384998992],
              [-78.74132226178884, -3.8110656608941746],
              [-78.74131648052646, -3.8110659873782677]
            ]
          ]
        ]
      }
    },
    {
      "type": "Feature",
      "properties": { "code": "040", "areaM2": 89.5, "surveyState": "INCOMPLETO" },
      "geometry": {
        "type": "MultiPolygon",
        "coordinates": [
          [
            [
              [-78.74123829912865, -3.8102123355434183],
              [-78.74130176268785, -3.810905287926155],
              [-78.74130632964592, -3.810905407526915],
              [-78.74129538855098, -3.8107444983520744],
              [-78.74128274957918, -3.8105586246443557],
              [-78.74127577018291, -3.8105031971129995],
              [-78.74126469136317, -3.810368843186219],
              [-78.74125284449026, -3.8102115286086287],
              [-78.74123829912865, -3.8102123355434183]
            ]
          ]
        ]
      }
    },
    {
      "type": "Feature",
      "properties": { "code": "040B", "areaM2": 37.19, "surveyState": "COMPLETO" },
      "geometry": {
        "type": "MultiPolygon",
        "coordinates": [
          [
            [
              [-78.74123829912865, -3.8102123355434183],
              [-78.74125284449026, -3.8102115286086287],
              [-78.74123883305724, -3.8100584136949736],
              [-78.7412361730666, -3.8100189900228356],
              [-78.74123131364371, -3.810006447930135],
              [-78.74121924286607, -3.8100042628472712],
              [-78.74123829912865, -3.8102123355434183]
            ]
          ]
        ]
      }
    },
    {
      "type": "Feature",
      "properties": { "code": "040a", "areaM2": 10.23, "surveyState": "COMPLETO" },
      "geometry": {
        "type": "MultiPolygon",
        "coordinates": [
          [
            [
              [-78.74131648052646, -3.8110659873782677],
              [-78.74132226178884, -3.8110656608941746],
              [-78.74130632964592, -3.810905407526915],
              [-78.74130176268785, -3.810905287926155],
              [-78.74131648052646, -3.8110659873782677]
            ]
          ]
        ]
      }
    },
    {
      "type": "Feature",
      "properties": { "code": "042B", "areaM2": 1.53, "surveyState": "COMPLETO" },
      "geometry": {
        "type": "MultiPolygon",
        "coordinates": [
          [
            [
              [-78.74126509992476, -3.809699725432074],
              [-78.74126921394762, -3.8097009765362126],
              [-78.74126895848852, -3.8096981680712],
              [-78.74126830155274, -3.8096909127271417],
              [-78.7412676446146, -3.809683658287069],
              [-78.74126698947629, -3.8096764038517574],
              [-78.74126633523794, -3.809669149418803],
              [-78.74126568279706, -3.8096618958945743],
              [-78.74126503125615, -3.8096546423727347],
              [-78.74126438151508, -3.809647388855621],
              [-78.74126373357153, -3.8096401362472503],
              [-78.74126358929483, -3.8096385204375625],
              [-78.74126509992476, -3.809699725432074]
            ]
          ]
        ]
      }
    },
    {
      "type": "Feature",
      "properties": { "code": "043", "areaM2": 2.39, "surveyState": "COMPLETO" },
      "geometry": {
        "type": "MultiPolygon",
        "coordinates": [
          [
            [
              [-78.74120050157792, -3.809799635185722],
              [-78.7412032255405, -3.809829373678197],
              [-78.7412074079833, -3.8098244073210403],
              [-78.74120487770324, -3.8098090816481665],
              [-78.7411950941151, -3.809740516287497],
              [-78.741195187723, -3.8097415461783353],
              [-78.74119585093867, -3.8097488087705393],
              [-78.74119651415434, -3.8097560713627674],
              [-78.74119717827227, -3.8097633330533687],
              [-78.74119784239252, -3.809770593839994],
              [-78.74119850741272, -3.8097778546290098],
              [-78.74119917153294, -3.8097851154156444],
              [-78.74119983655544, -3.8097923753006717],
              [-78.74120050157792, -3.809799635185722]
            ]
          ]
        ]
      }
    },
    {
      "type": "Feature",
      "properties": { "code": "047", "areaM2": 6.04, "surveyState": "COMPLETO" },
      "geometry": {
        "type": "MultiPolygon",
        "coordinates": [
          [
            [
              [-78.74120801445103, -3.8089796439768286],
              [-78.7412247353412, -3.8091774113589523],
              [-78.74122637377624, -3.8091775566940043],
              [-78.7412113314518, -3.8089793851263223],
              [-78.74120801445103, -3.8089796439768286]
            ]
          ]
        ]
      }
    },
    {
      "type": "Feature",
      "properties": { "code": "048", "areaM2": 8.69, "surveyState": "COMPLETO" },
      "geometry": {
        "type": "MultiPolygon",
        "coordinates": [
          [
            [
              [-78.74119316649124, -3.808799415314424],
              [-78.74120801445103, -3.8089796439768286],
              [-78.7412113314518, -3.8089793851263223],
              [-78.74119763769635, -3.8087989777994014],
              [-78.74119316649124, -3.808799415314424]
            ]
          ]
        ]
      }
    },
    {
      "type": "Feature",
      "properties": { "code": "049", "areaM2": 9.42, "surveyState": "INCOMPLETO" },
      "geometry": {
        "type": "MultiPolygon",
        "coordinates": [
          [
            [
              [-78.74117944273893, -3.808602555296662],
              [-78.74119316649124, -3.808799415314424],
              [-78.74119763769635, -3.8087989777994014],
              [-78.74118270234906, -3.808602216743245],
              [-78.74117944273893, -3.808602555296662]
            ]
          ]
        ]
      }
    },
    {
      "type": "Feature",
      "properties": { "code": "050", "areaM2": 8.26, "surveyState": "COMPLETO" },
      "geometry": {
        "type": "MultiPolygon",
        "coordinates": [
          [
            [
              [-78.74117944273893, -3.808602555296662],
              [-78.74118270234906, -3.808602216743245],
              [-78.74116867097132, -3.8084173645191197],
              [-78.74116471831404, -3.8084177356006017],
              [-78.74117944273893, -3.808602555296662]
            ]
          ]
        ]
      }
    },
    {
      "type": "Feature",
      "properties": { "code": "052A", "areaM2": 2.04, "surveyState": "INCOMPLETO" },
      "geometry": {
        "type": "MultiPolygon",
        "coordinates": [
          [
            [
              [-78.74103699518959, -3.807705253509893],
              [-78.74104593329153, -3.8078230081360904],
              [-78.74103979899698, -3.8077050773778254],
              [-78.74103699518959, -3.807705253509893]
            ]
          ]
        ]
      }
    },
    {
      "type": "Feature",
      "properties": { "code": "053", "areaM2": 28.94, "surveyState": "COMPLETO" },
      "geometry": {
        "type": "MultiPolygon",
        "coordinates": [
          [
            [
              [-78.74111130456042, -3.807722011039214],
              [-78.74111504687495, -3.807764681069294],
              [-78.74113055318244, -3.8079768521209094],
              [-78.74114585353345, -3.8081862030896385],
              [-78.74114866769828, -3.80822380833588],
              [-78.7411539435199, -3.808223346721037],
              [-78.74111585232546, -3.807721546603078],
              [-78.74111130456042, -3.807722011039214]
            ]
          ]
        ]
      }
    },
    {
      "type": "Feature",
      "properties": { "code": "053A", "areaM2": 6.56, "surveyState": "COMPLETO" },
      "geometry": {
        "type": "MultiPolygon",
        "coordinates": [
          [
            [
              [-78.74114866769828, -3.80822380833588],
              [-78.74115611620502, -3.8083233346170218],
              [-78.74116149822797, -3.808322870570014],
              [-78.7411539435199, -3.808223346721037],
              [-78.74114866769828, -3.80822380833588]
            ]
          ]
        ]
      }
    },
    {
      "type": "Feature",
      "properties": { "code": "054B", "areaM2": 23.23, "surveyState": "INCOMPLETO" },
      "geometry": {
        "type": "MultiPolygon",
        "coordinates": [
          [
            [
              [-78.74111130456042, -3.807722011039214],
              [-78.74111585232546, -3.807721546603078],
              [-78.74111337614004, -3.807688923231316],
              [-78.74108482333509, -3.8073127720754507],
              [-78.74107978681202, -3.807320172444415],
              [-78.74109567044937, -3.8075115590440296],
              [-78.74111130456042, -3.807722011039214]
            ]
          ]
        ]
      }
    },
    {
      "type": "Feature",
      "properties": { "code": "054D", "areaM2": 3.51, "surveyState": "COMPLETO" },
      "geometry": {
        "type": "MultiPolygon",
        "coordinates": [
          [
            [
              [-78.74103699518959, -3.807705253509893],
              [-78.74103979899698, -3.8077050773778254],
              [-78.7410330842996, -3.8076109299675314],
              [-78.74102986503799, -3.8076113273880567],
              [-78.74103699518959, -3.807705253509893]
            ]
          ]
        ]
      }
    },
    {
      "type": "Feature",
      "properties": { "code": "059", "areaM2": 2.55, "surveyState": "COMPLETO" },
      "geometry": {
        "type": "MultiPolygon",
        "coordinates": [
          [
            [
              [-78.7409394918791, -3.805456763660504],
              [-78.74095299157875, -3.8055808817001857],
              [-78.74095219830485, -3.805571036839779],
              [-78.74095140146662, -3.805561192273561],
              [-78.74095060106457, -3.805551347996636],
              [-78.74094979709864, -3.8055415040139056],
              [-78.7409489895691, -3.805531660329679],
              [-78.74094817847573, -3.8055218169347453],
              [-78.74094736381859, -3.805511973840925],
              [-78.74094676000239, -3.8055047041753904],
              [-78.74094615260051, -3.8054974290764836],
              [-78.74094554429632, -3.805490154879215],
              [-78.74094493329228, -3.8054828806748318],
              [-78.74094432138591, -3.8054756073720712],
              [-78.74094370767729, -3.8054683349685776],
              [-78.74094309306867, -3.8054610625627054],
              [-78.74094269927483, -3.8054564267716655],
              [-78.7409394918791, -3.805456763660504]
            ]
          ]
        ]
      }
    },
    {
      "type": "Feature",
      "properties": { "code": "062", "areaM2": 24.13, "surveyState": "INCOMPLETO" },
      "geometry": {
        "type": "MultiPolygon",
        "coordinates": [
          [
            [
              [-78.74074186911143, -3.8040428515993185],
              [-78.74080262252164, -3.8047395091562684],
              [-78.74077557744188, -3.804364765062806],
              [-78.74074186911143, -3.8040428515993185]
            ]
          ]
        ]
      }
    },
    {
      "type": "Feature",
      "properties": { "code": "065", "areaM2": 1.64, "surveyState": "INCOMPLETO" },
      "geometry": {
        "type": "MultiPolygon",
        "coordinates": [
          [
            [
              [-78.74074963691166, -3.8032503470063026],
              [-78.74075834379396, -3.8033408908985145],
              [-78.74073472647302, -3.8030700703552545],
              [-78.7407344620767, -3.8030699982450846],
              [-78.74074963691166, -3.8032503470063026]
            ]
          ]
        ]
      }
    },
    {
      "type": "Feature",
      "properties": { "code": "070", "areaM2": 2.52, "surveyState": "COMPLETO" },
      "geometry": {
        "type": "MultiPolygon",
        "coordinates": [
          [
            [
              [-78.74065799940759, -3.80219025061873],
              [-78.74065556353148, -3.8021901447783355],
              [-78.74067271760678, -3.8023590207705094],
              [-78.74065799940759, -3.80219025061873]
            ]
          ]
        ]
      }
    },
    {
      "type": "Feature",
      "properties": { "code": "071", "areaM2": 73.08, "surveyState": "INCOMPLETO" },
      "geometry": {
        "type": "MultiPolygon",
        "coordinates": [
          [
            [
              [-78.74056405795336, -3.8011130484125655],
              [-78.74057139773699, -3.801256881592089],
              [-78.7405765767527, -3.801256598691267],
              [-78.74056405795336, -3.8011130484125655]
            ]
          ],
          [
            [
              [-78.7404717632276, -3.800941308252416],
              [-78.74047246038023, -3.8009500652226724],
              [-78.74046919101573, -3.80086222862637],
              [-78.74046610925572, -3.800674688806186],
              [-78.74046894384873, -3.8005005725015644],
              [-78.74046477325314, -3.8002818683972976],
              [-78.74046607812535, -3.8002455902050967],
              [-78.74046311185695, -3.8002452660166375],
              [-78.74046296492686, -3.800248814693575],
              [-78.74046260466648, -3.8002575652698805],
              [-78.74046224709879, -3.8002663185652183],
              [-78.74046189132386, -3.80027507457724],
              [-78.74046153914391, -3.80028383240666],
              [-78.74046119055659, -3.8002925929574904],
              [-78.74046084646183, -3.8003013562320813],
              [-78.74046050685963, -3.80031012223045],
              [-78.74046017354988, -3.800318890957306],
              [-78.74045984473504, -3.80032766150394],
              [-78.74045952311023, -3.8003364356854084],
              [-78.74045920867779, -3.800345212597732],
              [-78.74045890144009, -3.8003539913369404],
              [-78.74045860229235, -3.8003627737133496],
              [-78.74045831309327, -3.800371537132105],
              [-78.74045803193238, -3.800380324075713],
              [-78.74045776066603, -3.800389112853283],
              [-78.74045749929188, -3.8003979043688014],
              [-78.74045724870984, -3.8004066986246277],
              [-78.74045700981989, -3.800415495623147],
              [-78.74045678352192, -3.800424295366689],
              [-78.74045671399833, -3.800427148174997],
              [-78.74045656891367, -3.800433098756921],
              [-78.74045636779971, -3.800441903990558],
              [-78.74045618017769, -3.800450711971617],
              [-78.74045600694754, -3.8004595227024427],
              [-78.74045584810928, -3.8004683361830387],
              [-78.74045570456282, -3.8004771524157688],
              [-78.74045557720812, -3.8004859714030133],
              [-78.74045546604752, -3.8004947922407717],
              [-78.74045516342743, -3.800539779869108],
              [-78.74045530273683, -3.8005847683107454],
              [-78.74045588396247, -3.800629753176044],
              [-78.74045690704796, -3.800674730091835],
              [-78.74045837189345, -3.800719694682678],
              [-78.7404602783565, -3.800764642557937],
              [-78.74046262625171, -3.800809569356625],
              [-78.74046313618261, -3.8008183393947417],
              [-78.74046366492509, -3.800827142929909],
              [-78.7404642089735, -3.80083594379333],
              [-78.74046476833259, -3.800844740177026],
              [-78.74046534209769, -3.80085353388661],
              [-78.74046592936887, -3.800862324919722],
              [-78.7404665310508, -3.800871111470743],
              [-78.74046714533887, -3.800879895342927],
              [-78.74046777223545, -3.8008886756322915],
              [-78.74046841084058, -3.800897452336454],
              [-78.74046906025198, -3.800906226357052],
              [-78.74046972137197, -3.800914996792466],
              [-78.74047039149833, -3.8009237645395686],
              [-78.7404710715334, -3.800932528696757],
              [-78.7404717632276, -3.800941308252416]
            ]
          ]
        ]
      }
    },
    {
      "type": "Feature",
      "properties": { "code": "071A", "areaM2": 16.81, "surveyState": "COMPLETO" },
      "geometry": {
        "type": "MultiPolygon",
        "coordinates": [
          [
            [
              [-78.74065556353148, -3.8021901447783355],
              [-78.74065799940759, -3.80219025061873],
              [-78.74061876448594, -3.8017403593459638],
              [-78.74061509417555, -3.8017401426876507],
              [-78.74065556353148, -3.8021901447783355]
            ]
          ]
        ]
      }
    },
    {
      "type": "Feature",
      "properties": { "code": "072", "areaM2": 26.31, "surveyState": "COMPLETO" },
      "geometry": {
        "type": "MultiPolygon",
        "coordinates": [
          [
            [
              [-78.74057139773699, -3.801256881592089],
              [-78.74061509417555, -3.8017401426876507],
              [-78.74061876448594, -3.8017403593459638],
              [-78.7405765767527, -3.801256598691267],
              [-78.74057139773699, -3.801256881592089]
            ]
          ]
        ]
      }
    },
    {
      "type": "Feature",
      "properties": { "code": "073", "areaM2": 46.52, "surveyState": "COMPLETO" },
      "geometry": {
        "type": "MultiPolygon",
        "coordinates": [
          [
            [
              [-78.74046311185695, -3.8002452660166375],
              [-78.74046607812535, -3.8002455902050967],
              [-78.74046622352753, -3.8002370976053568],
              [-78.7404849537723, -3.799825477197755],
              [-78.74050809263596, -3.7992309722786293],
              [-78.74050876285955, -3.79914600082607],
              [-78.74046749978895, -3.800139561390811],
              [-78.7404640519672, -3.8002225783488943],
              [-78.740463689026, -3.8002313216862547],
              [-78.74046332608006, -3.8002400668315905],
              [-78.74046311185695, -3.8002452660166375]
            ]
          ]
        ]
      }
    },
    {
      "type": "Feature",
      "properties": { "code": "082", "areaM2": 2.95, "surveyState": "COMPLETO" },
      "geometry": {
        "type": "MultiPolygon",
        "coordinates": [
          [
            [
              [-78.74072430230018, -3.7965357034390257],
              [-78.74071591525845, -3.7967037286064733],
              [-78.7407247408175, -3.796571943731303],
              [-78.74072532507867, -3.796563215435314],
              [-78.7407259093492, -3.796554483523388],
              [-78.74072649182682, -3.7965457488947667],
              [-78.74072707341386, -3.7965370106478633],
              [-78.74072713711539, -3.7965360471619363],
              [-78.74072430230018, -3.7965357034390257]
            ]
          ]
        ]
      }
    },
    {
      "type": "Feature",
      "properties": { "code": "084", "areaM2": 1.55, "surveyState": "COMPLETO" },
      "geometry": {
        "type": "MultiPolygon",
        "coordinates": [
          [
            [
              [-78.7406445900621, -3.796610488348243],
              [-78.740647816015, -3.7966106152364447],
              [-78.74064980833782, -3.796532466033876],
              [-78.74064927074902, -3.7965405499071685],
              [-78.74064868920117, -3.796549272785854],
              [-78.7406481049464, -3.7965579983693756],
              [-78.74064752068686, -3.7965667257608664],
              [-78.7406445900621, -3.796610488348243]
            ]
          ]
        ]
      }
    },
    {
      "type": "Feature",
      "properties": { "code": "085", "areaM2": 53.92, "surveyState": "COMPLETO" },
      "geometry": {
        "type": "MultiPolygon",
        "coordinates": [
          [
            [
              [-78.74072387346453, -3.7964908951571674],
              [-78.7407300363803, -3.7964915368897287],
              [-78.74073048211243, -3.7964845149628514],
              [-78.74073103136254, -3.796475753127289],
              [-78.74073157342019, -3.796466988560863],
              [-78.74073210833944, -3.7964582004719905],
              [-78.74073263331938, -3.7964494277248257],
              [-78.7407331493117, -3.796440650434146],
              [-78.74073365451414, -3.7964318694991754],
              [-78.74073414982433, -3.7964230858262593],
              [-78.74073463344706, -3.7964142976027433],
              [-78.74073510448007, -3.796405505730214],
              [-78.74073556292336, -3.796396710208674],
              [-78.740736007877, -3.796387911035778],
              [-78.74073643934098, -3.796379108211525],
              [-78.74073685551544, -3.796370301731193],
              [-78.74073725550045, -3.796361491592405],
              [-78.740737639296, -3.796352677795162],
              [-78.74073800690444, -3.796343859435514],
              [-78.74073835562129, -3.7963350383143077],
              [-78.7407386872511, -3.796326212628304],
              [-78.74073899909173, -3.796317383274417],
              [-78.74073929114317, -3.7963085502526464],
              [-78.7407395615421, -3.7962997379658208],
              [-78.74074051038798, -3.7962605438354347],
              [-78.74074104062754, -3.7962213417450137],
              [-78.74074115219983, -3.796182136189542],
              [-78.74074084509206, -3.796142931688635],
              [-78.74074011933949, -3.7961037327555793],
              [-78.74073897502566, -3.796064543893006],
              [-78.74073741228274, -3.7960253696211654],
              [-78.74073700321422, -3.796016561879458],
              [-78.74073657349655, -3.7960077350998063],
              [-78.740736123071, -3.795998911881782],
              [-78.74073565373742, -3.7959900922301046],
              [-78.74073516639336, -3.7959812770511374],
              [-78.74073505704041, -3.7959793774817006],
              [-78.74072387346453, -3.7964908951571674]
            ]
          ]
        ]
      }
    },
    {
      "type": "Feature",
      "properties": { "code": "086", "areaM2": 11.33, "surveyState": "COMPLETO" },
      "geometry": {
        "type": "MultiPolygon",
        "coordinates": [
          [
            [
              [-78.74062642039955, -3.795581214031749],
              [-78.74064119993623, -3.7957598685199505],
              [-78.7406419206239, -3.7957685839677153],
              [-78.740642640421, -3.7957772957971816],
              [-78.74064335932519, -3.795786004912365],
              [-78.74064407463663, -3.7957947113061454],
              [-78.74064478815525, -3.7958034149832667],
              [-78.74064549718123, -3.7958121159366396],
              [-78.74063440803367, -3.795580952038612],
              [-78.74062642039955, -3.795581214031749]
            ]
          ]
        ]
      }
    },
    {
      "type": "Feature",
      "properties": { "code": "087", "areaM2": 81.78, "surveyState": "COMPLETO" },
      "geometry": {
        "type": "MultiPolygon",
        "coordinates": [
          [
            [
              [-78.74054872704195, -3.7946420532954392],
              [-78.74055274674528, -3.794690642436846],
              [-78.74062642039955, -3.795581214031749],
              [-78.74063440803367, -3.795580952038612],
              [-78.74055549223667, -3.7946491827271656],
              [-78.74055458675952, -3.7946419665144053],
              [-78.74054872704195, -3.7946420532954392]
            ]
          ]
        ]
      }
    },
    {
      "type": "Feature",
      "properties": { "code": "090", "areaM2": 14.2, "surveyState": "COMPLETO" },
      "geometry": {
        "type": "MultiPolygon",
        "coordinates": [
          [
            [
              [-78.74054872704195, -3.7946420532954392],
              [-78.74055458675952, -3.7946419665144053],
              [-78.7405491625152, -3.7945853137169734],
              [-78.74051682939505, -3.794256479505547],
              [-78.7405289975991, -3.794403563420623],
              [-78.74054872704195, -3.7946420532954392]
            ]
          ]
        ]
      }
    },
    {
      "type": "Feature",
      "properties": { "code": "095", "areaM2": 41.63, "surveyState": "COMPLETO" },
      "geometry": {
        "type": "MultiPolygon",
        "coordinates": [
          [
            [
              [-78.74050516165116, -3.7910199985584656],
              [-78.7405026026523, -3.791332734327762],
              [-78.74049735971182, -3.7918011318949154],
              [-78.7404912203181, -3.792207161759485],
              [-78.74049461048551, -3.7922071182148964],
              [-78.74050119477084, -3.7916720820481853],
              [-78.74050922063843, -3.791019888060491],
              [-78.74050516165116, -3.7910199985584656]
            ]
          ]
        ]
      }
    },
    {
      "type": "Feature",
      "properties": { "code": "095B", "areaM2": 2.37, "surveyState": "COMPLETO" },
      "geometry": {
        "type": "MultiPolygon",
        "coordinates": [
          [
            [
              [-78.7404912203181, -3.792207161759485],
              [-78.74049321303757, -3.7923206809689876],
              [-78.74049461048551, -3.7922071182148964],
              [-78.7404912203181, -3.792207161759485]
            ]
          ]
        ]
      }
    },
    {
      "type": "Feature",
      "properties": { "code": "098", "areaM2": 7422.3, "surveyState": "COMPLETO" },
      "geometry": {
        "type": "MultiPolygon",
        "coordinates": [
          [
            [
              [-78.74051137543755, -3.7908447529291465],
              [-78.74050516165116, -3.7910199985584656],
              [-78.74050922063843, -3.791019888060491],
              [-78.74051137543755, -3.7908447529291465]
            ]
          ],
          [
            [
              [-78.74062000793921, -3.790210952918635],
              [-78.7406006953836, -3.790978612940116],
              [-78.74139821794252, -3.7909549178721167],
              [-78.74142246850035, -3.7902133106882996],
              [-78.74120027578465, -3.7902126582470066],
              [-78.74111112638964, -3.79021239672202],
              [-78.74081930824381, -3.790211539212632],
              [-78.74069548922624, -3.790211175071501],
              [-78.74062000793921, -3.790210952918635]
            ]
          ]
        ]
      }
    },
    {
      "type": "Feature",
      "properties": { "code": "101", "areaM2": 419.78, "surveyState": "COMPLETO" },
      "geometry": {
        "type": "MultiPolygon",
        "coordinates": [
          [
            [
              [-78.74062000793921, -3.790210952918635],
              [-78.74069548922624, -3.790211175071501],
              [-78.74081930824381, -3.790211539212632],
              [-78.74111112638964, -3.79021239672202],
              [-78.74120027578465, -3.7902126582470066],
              [-78.74142246850035, -3.7902133106882996],
              [-78.74142393281645, -3.790168533555277],
              [-78.74062102243472, -3.7901706412468794],
              [-78.74062000793921, -3.790210952918635]
            ]
          ]
        ]
      }
    },
    {
      "type": "Feature",
      "properties": { "code": "102A", "areaM2": 0.08, "surveyState": "COMPLETO" },
      "geometry": {
        "type": "MultiPolygon",
        "coordinates": [
          [
            [
              [-78.74045805858735, -3.7889017295944734],
              [-78.74045785161863, -3.7889017236284683],
              [-78.74045784277563, -3.7889027035301774],
              [-78.74045775273198, -3.7889113906356524],
              [-78.7404576544951, -3.7889201138792603],
              [-78.74045754992584, -3.7889288497621307],
              [-78.74045744263329, -3.7889375946777832],
              [-78.74045721570614, -3.7889560255300276],
              [-78.74045699453613, -3.7889739718588573],
              [-78.74045805858735, -3.7889017295944734]
            ]
          ]
        ]
      }
    },
    {
      "type": "Feature",
      "properties": { "code": "107", "areaM2": 73.91, "surveyState": "INCOMPLETO" },
      "geometry": {
        "type": "MultiPolygon",
        "coordinates": [
          [
            [
              [-78.74052828879753, -3.788799959758211],
              [-78.7405352972063, -3.78889644738243],
              [-78.74053531353468, -3.7888946638533585],
              [-78.74053538051258, -3.788885848320449],
              [-78.74053543131993, -3.7888770218972945],
              [-78.7405354623617, -3.78886818276652],
              [-78.74053547183809, -3.788859330923411],
              [-78.74053547161625, -3.788859069669789],
              [-78.74053545704692, -3.7888504672648793],
              [-78.74053541348862, -3.7888415917791414],
              [-78.74053534026321, -3.788832704463824],
              [-78.74053523377103, -3.788823805309518],
              [-78.74053509041237, -3.7888148943067956],
              [-78.74053490928495, -3.78880597235728],
              [-78.74053468499157, -3.788797038542853],
              [-78.74053441662998, -3.7887880937651377],
              [-78.74053410059811, -3.7887791389186747],
              [-78.74053373329626, -3.7887701739940693],
              [-78.74053331292461, -3.7887611989865917],
              [-78.74053283678101, -3.78875221479314],
              [-78.74053230036586, -3.7887432214019623],
              [-78.74053170187459, -3.788734220616293],
              [-78.74053103860979, -3.7887252115251],
              [-78.74053030696707, -3.7887161959268862],
              [-78.74052950424431, -3.7887071747185974],
              [-78.74052862684415, -3.788698146986825],
              [-78.7405276738573, -3.788689116345127],
              [-78.74052663988654, -3.7886800818753965],
              [-78.74052552312969, -3.788671044476887],
              [-78.74052433323253, -3.7886621018057935],
              [-78.74051941433727, -3.788630388388605],
              [-78.74051342373278, -3.7885988615277677],
              [-78.74050636836098, -3.788567557747663],
              [-78.74049825639781, -3.788536513328015],
              [-78.74048909724328, -3.7885057642435322],
              [-78.74047890151162, -3.7884753461207925],
              [-78.74046768101746, -3.788445294216681],
              [-78.74046434511648, -3.7884369172475565],
              [-78.74046089954203, -3.788428494791783],
              [-78.74045738276327, -3.7884201146370597],
              [-78.74045379747764, -3.7884117776944777],
              [-78.74045014819184, -3.78840348126385],
              [-78.74044643670099, -3.7883952271578596],
              [-78.74044266571191, -3.7883870126716284],
              [-78.74043883972422, -3.7883788378169565],
              [-78.74043495964023, -3.788370701692186],
              [-78.74043102996187, -3.7883626034051345],
              [-78.74042705249136, -3.7883545420565343],
              [-78.74042303083074, -3.7883465167518104],
              [-78.74041896678219, -3.7883385265917138],
              [-78.74041486395015, -3.788330569777705],
              [-78.74041072503432, -3.7883226463168227],
              [-78.74040655184167, -3.788314753501864],
              [-78.7404023479695, -3.788306892246225],
              [-78.74039811522707, -3.7882990589386862],
              [-78.74039385721171, -3.7882912544926604],
              [-78.74038957663026, -3.788283476203252],
              [-78.74038527438262, -3.7882757240728355],
              [-78.74038095407556, -3.7882679953988925],
              [-78.74037661841116, -3.7882602892844734],
              [-78.7403725916864, -3.788253175188404],
              [-78.74041045636882, -3.7883294219201336],
              [-78.74044170125335, -3.7884007797175023],
              [-78.74047432183629, -3.788492710502138],
              [-78.74049507614271, -3.7885693029548198],
              [-78.74050685461339, -3.788618126648494],
              [-78.74052046621459, -3.7886947003976474],
              [-78.74052828879753, -3.788799959758211]
            ]
          ],
          [
            [
              [-78.73975922344329, -3.7872140890840438],
              [-78.73983975591999, -3.787331095403968],
              [-78.73983686180182, -3.7873262198421886],
              [-78.73983309669568, -3.787319901944445],
              [-78.73982931718376, -3.7873135867209564],
              [-78.73982552146154, -3.7873072759749693],
              [-78.73982170863142, -3.787300968800167],
              [-78.739817879591, -3.7872946661028677],
              [-78.73981403163816, -3.787288368779999],
              [-78.73981016477289, -3.7872820768315476],
              [-78.7398062789905, -3.7872757920654894],
              [-78.73980237159358, -3.78726951357076],
              [-78.73979844347735, -3.787263243157708],
              [-78.73979449284433, -3.7872569799176112],
              [-78.73979051968746, -3.787250726562425],
              [-78.73978652221157, -3.7872444812794748],
              [-78.73978250040967, -3.7872382467807078],
              [-78.73977845338415, -3.7872320221597824],
              [-78.73977438023041, -3.787225809222325],
              [-78.73977030246213, -3.7872196405682494],
              [-78.73976299253607, -3.7872087175059557],
              [-78.73975560530097, -3.7871978470466194],
              [-78.73974814113171, -3.7871870297462604],
              [-78.73974060040801, -3.7871762661554285],
              [-78.7397329835133, -3.7871655568225697],
              [-78.73972529083318, -3.7871549022897026],
              [-78.73971752275904, -3.7871443030950003],
              [-78.73970874831161, -3.787147477526797],
              [-78.73975922344329, -3.7872140890840438]
            ]
          ]
        ]
      }
    },
    {
      "type": "Feature",
      "properties": { "code": "107A", "areaM2": 339.21, "surveyState": "INCOMPLETO" },
      "geometry": {
        "type": "MultiPolygon",
        "coordinates": [
          [
            [
              [-78.73964133162151, -3.7871718677862756],
              [-78.73965089956684, -3.78718459298048],
              [-78.73966035293356, -3.7871974042994014],
              [-78.73966969095332, -3.7872103006911897],
              [-78.73967891286742, -3.787223281117171],
              [-78.73968801792633, -3.787236344514991],
              [-78.73969700539064, -3.7872494898244673],
              [-78.73970587452969, -3.7872627159801144],
              [-78.73970982590558, -3.787268692657591],
              [-78.73971373591557, -3.7872746574748914],
              [-78.73971762608036, -3.787280640320005],
              [-78.73972149729987, -3.787286641195323],
              [-78.7397253504717, -3.7872926610071507],
              [-78.73972918560052, -3.7872986979475405],
              [-78.73973300358863, -3.78730475111487],
              [-78.73973680623583, -3.7873108205138353],
              [-78.73974059354215, -3.787316906144452],
              [-78.73974436551227, -3.7873230061987417],
              [-78.73974812394371, -3.787329121585414],
              [-78.73975186884113, -3.787335250496507],
              [-78.73975560110212, -3.787341393838345],
              [-78.73975932163131, -3.787347549805319],
              [-78.73976303132862, -3.7873537183997845],
              [-78.73976673109631, -3.787359898720137],
              [-78.7397704218343, -3.787366090768699],
              [-78.73977410354493, -3.7873722936415195],
              [-78.73977777712578, -3.787378508244924],
              [-78.73978144348384, -3.7873847318693215],
              [-78.73978510351665, -3.787390965421053],
              [-78.7397887581265, -3.7873972079984908],
              [-78.73979240821329, -3.7874034596039783],
              [-78.73979604571998, -3.7874097039446313],
              [-78.73979969036274, -3.787415972711711],
              [-78.73980333228464, -3.787422249607569],
              [-78.73980697239031, -3.7874285328266186],
              [-78.73981061157967, -3.7874348223712144],
              [-78.73981425165256, -3.7874411182460546],
              [-78.73981789261367, -3.787447418643193],
              [-78.73982153446303, -3.7874537235626113],
              [-78.74010021350212, -3.7879361974972823],
              [-78.74027471781174, -3.7882383140166507],
              [-78.74027908175971, -3.788245871046747],
              [-78.74028343763422, -3.788253418111851],
              [-78.74028778272847, -3.788260957916807],
              [-78.7402921268853, -3.7882685121831745],
              [-78.74029644679817, -3.7882760455943116],
              [-78.74030074872199, -3.7882835753424056],
              [-78.74030502995463, -3.788291102324353],
              [-78.7403092895915, -3.7882986283457782],
              [-78.7403135240305, -3.7883061543012357],
              [-78.74031773236706, -3.7883136819963306],
              [-78.74032191100146, -3.7883212114216547],
              [-78.74032605722688, -3.7883287452820653],
              [-78.74033017014108, -3.7883362844791897],
              [-78.74033424704426, -3.7883438290059708],
              [-78.74033828523196, -3.788351380663307],
              [-78.74034228290198, -3.7883589403504625],
              [-78.74034623644991, -3.7883665098659747],
              [-78.74035014497586, -3.788374089207473],
              [-78.74035400577534, -3.78838168017588],
              [-78.74035781524866, -3.788389282761756],
              [-78.74036157249354, -3.7883968978667233],
              [-78.74036527480551, -3.788404527291695],
              [-78.74036892038473, -3.7884121710319376],
              [-78.74037250473155, -3.788419829075684],
              [-78.74037602783896, -3.788427504134866],
              [-78.74037948521202, -3.7884351943897503],
              [-78.74038287684367, -3.7884429025522826],
              [-78.74038619733906, -3.788450626800342],
              [-78.74038944669117, -3.7884583698458907],
              [-78.74039262130496, -3.7884661298715536],
              [-78.7403957542454, -3.7884739964588556],
              [-78.74040602698454, -3.78850152450503],
              [-78.7404153626602, -3.7885293872696484],
              [-78.7404237504917, -3.7885575525802704],
              [-78.74043118079307, -3.788585987907703],
              [-78.7404376449833, -3.78861466042609],
              [-78.74044313559762, -3.7886435370129488],
              [-78.74044764629505, -3.78867258431904],
              [-78.74044876291235, -3.788680981692067],
              [-78.74044979241992, -3.788689308325766],
              [-78.74045074717974, -3.7886976555554743],
              [-78.74045163079147, -3.7887060233906156],
              [-78.7404524459596, -3.788714410030298],
              [-78.74045319358406, -3.788722815476875],
              [-78.74045387726687, -3.7887312388357772],
              [-78.7404544988126, -3.7887396783037675],
              [-78.74045506091865, -3.7887481347918985],
              [-78.74045556628714, -3.7887566074032595],
              [-78.74045601672265, -3.7887650943345808],
              [-78.74045641402262, -3.7887735964945755],
              [-78.74045676268906, -3.7887821129910266],
              [-78.74045706452182, -3.7887906438286496],
              [-78.74045732042316, -3.7887991881058345],
              [-78.74045753489506, -3.7888077449303816],
              [-78.74045770973265, -3.7888163161149375],
              [-78.74045784764277, -3.788824898954659],
              [-78.74045795042055, -3.788833495262205],
              [-78.74045802167042, -3.788842103239058],
              [-78.7404580631875, -3.788850724697877],
              [-78.74045807767862, -3.788859356933771],
              [-78.74045806873644, -3.788868002668161],
              [-78.74045803816786, -3.7888766591937677],
              [-78.74045798866793, -3.7888853283256556],
              [-78.74045792293646, -3.788894010070865],
              [-78.74045785161863, -3.7889017236284683],
              [-78.74045805858735, -3.7889017295944734],
              [-78.74046012280755, -3.7888876002174534],
              [-78.74046094291604, -3.788785908944229],
              [-78.74045474044406, -3.7886985916992666],
              [-78.74044460082588, -3.788604665018717],
              [-78.74042498744286, -3.7885288412342804],
              [-78.7403885156957, -3.7884353183824278],
              [-78.740331691419, -3.7883115137225336],
              [-78.74029850034577, -3.7882369000848186],
              [-78.7402393295643, -3.7881364809239395],
              [-78.74017032484115, -3.7880084815072568],
              [-78.74012873417777, -3.7879424039499514],
              [-78.74006898799891, -3.787843513747872],
              [-78.7399529422583, -3.7876388530777096],
              [-78.73982604493531, -3.787431868776184],
              [-78.7397495908127, -3.7873117905277742],
              [-78.73969646675229, -3.7872300907766574],
              [-78.73964741815819, -3.7871696653365277],
              [-78.73964133162151, -3.7871718677862756]
            ]
          ]
        ]
      }
    },
    {
      "type": "Feature",
      "properties": { "code": "109", "areaM2": 389.54, "surveyState": "COMPLETO" },
      "geometry": {
        "type": "MultiPolygon",
        "coordinates": [
          [
            [
              [-78.73843863480775, -3.7858986712163114],
              [-78.73844015554356, -3.7859011521283],
              [-78.73844416422118, -3.785907583659156],
              [-78.73844818573006, -3.785913925728789],
              [-78.73845467223748, -3.7859239277247596],
              [-78.7384612842863, -3.7859338464304693],
              [-78.73846802081631, -3.785943680246953],
              [-78.73847488074776, -3.7859534276044955],
              [-78.73848186298109, -3.7859630869441077],
              [-78.7384889663971, -3.785972656708898],
              [-78.73849618985732, -3.7859821353681635],
              [-78.73850080010632, -3.7859880586254255],
              [-78.73850549940063, -3.7859940001957177],
              [-78.73851023660667, -3.785999897569895],
              [-78.73851501081745, -3.7860057534575424],
              [-78.73851981933561, -3.786011566947591],
              [-78.73852466035655, -3.786017339843302],
              [-78.7385295311782, -3.786023073041587],
              [-78.73853443179587, -3.7860287683504055],
              [-78.73853935950743, -3.786034426666683],
              [-78.73854431251073, -3.78604004888967],
              [-78.73854928990345, -3.7860456359209875],
              [-78.73855428898118, -3.786051189561542],
              [-78.73855930884162, -3.786056710712959],
              [-78.73856434678032, -3.786062201176109],
              [-78.73856940279497, -3.7860676618550095],
              [-78.73857447418341, -3.78607309364655],
              [-78.73857956004106, -3.786078498356333],
              [-78.73858465766578, -3.7860838768812726],
              [-78.73858976705291, -3.786089231029342],
              [-78.73859488640025, -3.7860945616997936],
              [-78.73860001300567, -3.786099869789553],
              [-78.73860514686216, -3.78610515801056],
              [-78.73861028616751, -3.786110427262101],
              [-78.73861542912188, -3.7861156775394265],
              [-78.73862057391841, -3.786120911549798],
              [-78.73862572055471, -3.7861261301971805],
              [-78.73863086632637, -3.7861313352824806],
              [-78.73863602200193, -3.786136538585734],
              [-78.73864115884489, -3.786141716527994],
              [-78.73864629211639, -3.786146883613043],
              [-78.73865142090476, -3.7861520443584245],
              [-78.73895614599515, -3.786458632073798],
              [-78.7394084341949, -3.7869136860145125],
              [-78.73941355850678, -3.7869188413250385],
              [-78.73941867832615, -3.7869239939118424],
              [-78.73942379365064, -3.786929144678887],
              [-78.73942890268044, -3.7869342936214765],
              [-78.7394340063131, -3.7869394416459476],
              [-78.73943910184654, -3.7869445896492135],
              [-78.73944419108058, -3.786949737635987],
              [-78.73944928567431, -3.7869549010046253],
              [-78.73945435869813, -3.7869600534688943],
              [-78.73945942271573, -3.786965208621562],
              [-78.73946447682721, -3.786970366460253],
              [-78.73946951922802, -3.7869755287882185],
              [-78.73947455082043, -3.7869806947038525],
              [-78.73947956980226, -3.786985865106419],
              [-78.7394845761688, -3.7869910418038653],
              [-78.73948956812022, -3.786996224791481],
              [-78.73949454655644, -3.787001414071635],
              [-78.73949950967527, -3.7870066105436],
              [-78.73950445747433, -3.787011815111353],
              [-78.73950938905139, -3.787017028676525],
              [-78.73951430350651, -3.787022251236737],
              [-78.73951920083735, -3.787027483696006],
              [-78.73952407924406, -3.7870327260495853],
              [-78.73952893872196, -3.787037980105474],
              [-78.73953377837346, -3.7870432449573106],
              [-78.73953859729394, -3.787048522410709],
              [-78.7395433954834, -3.7870538124656816],
              [-78.73954817204192, -3.78705911511984],
              [-78.73955292516499, -3.7870644321764835],
              [-78.73955765575482, -3.78706976273394],
              [-78.73956238712967, -3.7870751375889373],
              [-78.73957407898438, -3.787088609298031],
              [-78.73958563475797, -3.787102198968113],
              [-78.73959705327043, -3.7871159052158774],
              [-78.73960833335737, -3.787129726637248],
              [-78.73961947386753, -3.7871436618196617],
              [-78.73963047366291, -3.7871577093506907],
              [-78.73964133162151, -3.7871718677862756],
              [-78.73964741815819, -3.7871696653365277],
              [-78.73948277447005, -3.786973721172978],
              [-78.7393811510039, -3.7868634323173413],
              [-78.73930135649456, -3.786782857803696],
              [-78.7388939357032, -3.78636886937706],
              [-78.73879704694897, -3.786269307917472],
              [-78.73863181143577, -3.786091048792074],
              [-78.73845273070472, -3.785892993123447],
              [-78.73843863480775, -3.7858986712163114]
            ]
          ]
        ]
      }
    },
    {
      "type": "Feature",
      "properties": { "code": "110", "areaM2": 147.24, "surveyState": "COMPLETO" },
      "geometry": {
        "type": "MultiPolygon",
        "coordinates": [
          [
            [
              [-78.73831314651774, -3.785652802967402],
              [-78.73834050184098, -3.7857102534811533],
              [-78.73834363808852, -3.7857168391163265],
              [-78.73834678061442, -3.785723432903843],
              [-78.73834993032094, -3.7857300339420963],
              [-78.73835308095555, -3.7857366241349375],
              [-78.73835624953932, -3.78574323335857],
              [-78.73835943071028, -3.785749847135123],
              [-78.73836262716817, -3.7857564654716884],
              [-78.73836583891537, -3.7857630874642654],
              [-78.73836906955621, -3.78576971131434],
              [-78.73837231999066, -3.785776337024234],
              [-78.73837559292313, -3.7857829627930943],
              [-78.73837888835602, -3.785789587716921],
              [-78.7383822089867, -3.785796212706751],
              [-78.7383855557245, -3.7858028341490337],
              [-78.73838893216676, -3.7858094529571784],
              [-78.73839233831816, -3.785816067323211],
              [-78.73839577688081, -3.785822676350234],
              [-78.73839924875934, -3.7858292782326313],
              [-78.73840275665115, -3.7858358738814677],
              [-78.73840630146321, -3.7858424605871264],
              [-78.73840988500005, -3.7858490365463946],
              [-78.73841350905919, -3.785855602667933],
              [-78.7384171754475, -3.7858621562445465],
              [-78.73842088596714, -3.785868696376921],
              [-78.73842464242033, -3.7858752221658363],
              [-78.73842844571169, -3.785881731805658],
              [-78.73843229764339, -3.785888224397101],
              [-78.7384362009199, -3.7858946981393244],
              [-78.73843863480775, -3.7858986712163114],
              [-78.73845273070472, -3.785892993123447],
              [-78.738429617187, -3.7858596332587884],
              [-78.73831314651774, -3.785652802967402]
            ]
          ],
          [
            [
              [-78.73831314651774, -3.785652802967402],
              [-78.73818024806438, -3.785355360874453],
              [-78.73805598793766, -3.785086387239783],
              [-78.73792305336839, -3.784767527824557],
              [-78.73791108112363, -3.7847743215776104],
              [-78.7379125716498, -3.784778732424223],
              [-78.73791497152183, -3.784785754562664],
              [-78.73791739840321, -3.784792772251913],
              [-78.73791985139162, -3.784799786393614],
              [-78.73792233318922, -3.7848067960908525],
              [-78.73792482949816, -3.7848137624346734],
              [-78.73792808383473, -3.7848227147091746],
              [-78.73793138411767, -3.7848316499997265],
              [-78.73793473025852, -3.7848405680604484],
              [-78.73793812216832, -3.784849468660492],
              [-78.73794155975673, -3.78485835156254],
              [-78.73794504293217, -3.7848672165184962],
              [-78.73794857160227, -3.7848760633073892],
              [-78.73795134446353, -3.784882923705132],
              [-78.73795415686492, -3.784889805902154],
              [-78.73795699360406, -3.784896672795152],
              [-78.73795985288109, -3.7849035243794065],
              [-78.7379627337961, -3.7849103606525443],
              [-78.73796563634438, -3.784917183422529],
              [-78.73796855873083, -3.7849239908767007],
              [-78.73797150004845, -3.784930785724645],
              [-78.73797446030193, -3.7849375661583817],
              [-78.73797743678684, -3.7849443339788187],
              [-78.73798043040311, -3.784951089188314],
              [-78.73798343935321, -3.7849578308781533],
              [-78.73798646273022, -3.7849645617579397],
              [-78.73798949963891, -3.7849712800173556],
              [-78.73799254917463, -3.784977987462004],
              [-78.73799561043985, -3.7849846831855487],
              [-78.73799868252993, -3.784991368993591],
              [-78.73800176454498, -3.784998044883759],
              [-78.73800485648731, -3.7850047099521036],
              [-78.73800795565248, -3.785011365999499],
              [-78.73801106294043, -3.785018013028287],
              [-78.73801417564903, -3.7850246519354087],
              [-78.73801729468057, -3.7850312818192244],
              [-78.73802042628989, -3.785037919871897],
              [-78.73802355256542, -3.785044532598954],
              [-78.73802668155714, -3.7850511390052004],
              [-78.73802981326979, -3.785057737282711],
              [-78.73803294589645, -3.7850643301386913],
              [-78.73803607943714, -3.7850709175731625],
              [-78.738039212092, -3.785077499581393],
              [-78.73804234385871, -3.7850840770673777],
              [-78.73831314651774, -3.785652802967402]
            ]
          ]
        ]
      }
    },
    {
      "type": "Feature",
      "properties": { "code": "112", "areaM2": 253.72, "surveyState": "COMPLETO" },
      "geometry": {
        "type": "MultiPolygon",
        "coordinates": [
          [
            [
              [-78.73792305336839, -3.784767527824557],
              [-78.73792208719964, -3.7847646189717983],
              [-78.73790505692078, -3.784713342641325],
              [-78.73789659637215, -3.7846836615320973],
              [-78.73789169233663, -3.7846664584476595],
              [-78.737879573611, -3.7846239419727654],
              [-78.73786011903944, -3.784562570786619],
              [-78.7378472484068, -3.784521968798601],
              [-78.73784698241074, -3.784521128296891],
              [-78.73783792371394, -3.7844899440982855],
              [-78.73780804230698, -3.7843870850924093],
              [-78.73776331479569, -3.784231195421971],
              [-78.73776202873663, -3.7842267136964973],
              [-78.73771713657322, -3.7840926549147427],
              [-78.73764967683256, -3.783938206343082],
              [-78.73758578046304, -3.783787355944758],
              [-78.73754659481004, -3.7836959161783503],
              [-78.7375124121401, -3.7836161491543523],
              [-78.73745571430682, -3.783443790960038],
              [-78.7374447669941, -3.783403815062876],
              [-78.73743634521121, -3.7834101706425467],
              [-78.73742208768843, -3.783420931440063],
              [-78.73743297299019, -3.783450402395975],
              [-78.73744402691185, -3.783479809959234],
              [-78.73745524908797, -3.783509153141786],
              [-78.73746663914666, -3.783538430987517],
              [-78.73747819671149, -3.7835676425169504],
              [-78.73748992139909, -3.783596786766027],
              [-78.7375018128219, -3.783625862770244],
              [-78.73750460394882, -3.783632619254306],
              [-78.73750741392477, -3.7836393947715],
              [-78.73751023111419, -3.7836461648836632],
              [-78.73751305641458, -3.7836529304971527],
              [-78.73751588802615, -3.78365969160724],
              [-78.73751872775108, -3.7836664473146704],
              [-78.73752157288727, -3.783673198516342],
              [-78.73752443328691, -3.7836799633178333],
              [-78.7375272910478, -3.7836867046087486],
              [-78.7375301542176, -3.783693442297881],
              [-78.7375330237009, -3.7837001745796304],
              [-78.73753589769089, -3.783706904161239],
              [-78.7375387761922, -3.7837136292347457],
              [-78.73754166010242, -3.7837203507064716],
              [-78.73754454762407, -3.7837270676677406],
              [-78.73754743965236, -3.7837337819288672],
              [-78.73755033528973, -3.7837404925835005],
              [-78.73755323363626, -3.783747199629299],
              [-78.73755613558951, -3.7837539039725816],
              [-78.73755904025195, -3.783760604707049],
              [-78.73756194762116, -3.7837673027366434],
              [-78.73756485769722, -3.783773998061368],
              [-78.73756776868024, -3.7837806906765397],
              [-78.73757068147015, -3.7837873805844837],
              [-78.73757359606462, -3.7837940686891973],
              [-78.73757651156606, -3.7838007540843424],
              [-78.73757942797448, -3.7838074367699033],
              [-78.73758234438762, -3.783814117647519],
              [-78.73758526170538, -3.7838207967195476],
              [-78.73758817812794, -3.7838274739812747],
              [-78.73759109455285, -3.7838341503390374],
              [-78.73761812160114, -3.783896014128908],
              [-78.73762103623818, -3.783902685962203],
              [-78.73762394908243, -3.7839093550788587],
              [-78.73762685833641, -3.783916020570184],
              [-78.73762976400012, -3.783922682436157],
              [-78.7376326651666, -3.7839293433864003],
              [-78.7376355618429, -3.7839360007089184],
              [-78.73763845222213, -3.783942657110992],
              [-78.73764133630667, -3.7839493116886214],
              [-78.73764421319419, -3.783955965343416],
              [-78.73764709093709, -3.7839626361762604],
              [-78.7376499525284, -3.783969288887039],
              [-78.73765280421829, -3.7839759424758883],
              [-78.73765564691135, -3.78398259513722],
              [-78.73765847880541, -3.78398924777027],
              [-78.73766129989812, -3.7839959012790505],
              [-78.73766410838965, -3.784002555658813],
              [-78.73766690428234, -3.784009210005612],
              [-78.7376696875715, -3.7840158661273904],
              [-78.73767245645729, -3.784022524019437],
              [-78.7376752109397, -3.7840291836817475],
              [-78.7376779492189, -3.784035845109612],
              [-78.73768067219248, -3.7840425092093826],
              [-78.73768337896284, -3.784049175074706],
              [-78.73768606772548, -3.7840558445088277],
              [-78.73768873758513, -3.784062515701433],
              [-78.73769139033462, -3.7840691913691895],
              [-78.73769402237896, -3.7840758696946954],
              [-78.73769663461573, -3.784082551584287],
              [-78.73769922614265, -3.784089237939603],
              [-78.73770179606215, -3.78409592785429],
              [-78.73770435509348, -3.7841026520920336],
              [-78.73770753399201, -3.7841110972666896],
              [-78.73771067868877, -3.7841195553447546],
              [-78.73771378913189, -3.784128026195835],
              [-78.73771686526997, -3.7841365096753585],
              [-78.73771990705266, -3.7841450056538735],
              [-78.73772291442913, -3.78415351398257],
              [-78.73772588734958, -3.7841620345132427],
              [-78.73772823289619, -3.7841688368389765],
              [-78.73773054789486, -3.784175620100969],
              [-78.73773284486936, -3.7841824132596216],
              [-78.73773512291505, -3.7841892181205705],
              [-78.73773738293657, -3.7841960328782],
              [-78.73773962583385, -3.7842028575348627],
              [-78.73774185250679, -3.7842096920929174],
              [-78.73774406385765, -3.7842165356507396],
              [-78.73774625988408, -3.7842233891123094],
              [-78.73774844149071, -3.784230250672006],
              [-78.73775060867519, -3.7842371212338457],
              [-78.7377527641396, -3.784243999900883],
              [-78.73775490608412, -3.784250886668438],
              [-78.73775703720851, -3.784257781543547],
              [-78.73775915661517, -3.784264683619874],
              [-78.73776126610163, -3.7842715938061455],
              [-78.73776336657015, -3.7842785112007067],
              [-78.73776545712312, -3.784285434897234],
              [-78.73776754045797, -3.784292365806781],
              [-78.73776961567714, -3.7842993030229914],
              [-78.73777168458045, -3.7843062465505977],
              [-78.73777374181533, -3.7843131782958155],
              [-78.73777579988443, -3.7843201353548905],
              [-78.73777785343985, -3.784327097826093],
              [-78.73777990247926, -3.784334066613406],
              [-78.7377819488072, -3.784341039913563],
              [-78.73778399242364, -3.784348017726566],
              [-78.73778603512608, -3.784355000961124],
              [-78.73778807601695, -3.784361988710904],
              [-78.73779011599619, -3.784368980978223],
              [-78.7377921568683, -3.784375975959891],
              [-78.73785635061203, -3.7845960238473713],
              [-78.73785839326763, -3.784603025162065],
              [-78.73786043771368, -3.7846100300974097],
              [-78.73786248574767, -3.7846170395621153],
              [-78.73786453826953, -3.784624053558524],
              [-78.7378665952816, -3.7846310711826696],
              [-78.73786865858374, -3.7846380924392338],
              [-78.73787072907817, -3.7846451164266264],
              [-78.7378728014147, -3.784652124147081],
              [-78.73787488719837, -3.7846591517904957],
              [-78.7378769828765, -3.78466618126783],
              [-78.73787908844668, -3.7846732134830483],
              [-78.73788120571112, -3.7846802475368824],
              [-78.73788333557208, -3.7846872825277096],
              [-78.73788547892715, -3.78469431936187],
              [-78.73788763668095, -3.7847013562337755],
              [-78.737889809731, -3.7847083940497295],
              [-78.73789199807736, -3.7847154328097647],
              [-78.73789420352453, -3.784722470710603],
              [-78.7378964269701, -3.784729508658613],
              [-78.73789867021623, -3.7847365457544973],
              [-78.73790093236303, -3.7847435819959165],
              [-78.73790321521267, -3.7847506164836027],
              [-78.73790551966508, -3.7847576492199124],
              [-78.7379078466225, -3.784764679303222],
              [-78.73791019698254, -3.7847717076398557],
              [-78.73791108112363, -3.7847743215776104],
              [-78.73792305336839, -3.784767527824557]
            ]
          ]
        ]
      }
    },
    {
      "type": "Feature",
      "properties": { "code": "113", "areaM2": 721.82, "surveyState": "COMPLETO" },
      "geometry": {
        "type": "MultiPolygon",
        "coordinates": [
          [
            [
              [-78.73741957846615, -3.7834140871039637],
              [-78.73742208768843, -3.783420931440063],
              [-78.73743634521121, -3.7834101706425467],
              [-78.73744481117689, -3.783403781731018],
              [-78.73744464842885, -3.783403381742137],
              [-78.7373793728927, -3.783242326256425],
              [-78.7372802457073, -3.7829592676148533],
              [-78.73722207141924, -3.7827867943993843],
              [-78.73708573017848, -3.7824061297113327],
              [-78.7370166178202, -3.7822466543474267],
              [-78.73691460339342, -3.782103835593023],
              [-78.73683002919083, -3.7820277099041593],
              [-78.73687980294301, -3.7820821671847575],
              [-78.73689129202441, -3.782094737386223],
              [-78.73692449164025, -3.782133281038145],
              [-78.73695537401179, -3.7821737217597504],
              [-78.73698383194409, -3.782215919169602],
              [-78.73700976665789, -3.7822597268104228],
              [-78.7370330881319, -3.782304992616089],
              [-78.73705371541604, -3.782351559468508],
              [-78.73707157691139, -3.7823992657345453],
              [-78.73734487422693, -3.783200060355322],
              [-78.73734722852468, -3.7832069576205223],
              [-78.73734958371531, -3.7832138576000522],
              [-78.73735193980586, -3.7832207575819368],
              [-78.73735429769158, -3.7832276593765255],
              [-78.73735665647251, -3.7832345629814483],
              [-78.73735901795088, -3.7832414674974366],
              [-78.737361382129, -3.78324837202051],
              [-78.73736374810227, -3.783255278356271],
              [-78.73736611767286, -3.7832621856054574],
              [-78.73736848994322, -3.7832690928617256],
              [-78.73737086581092, -3.783276001031418],
              [-78.7373732452783, -3.7832829092105693],
              [-78.73737562924292, -3.783289818305482],
              [-78.73737801770714, -3.7832967274122096],
              [-78.73738041067097, -3.783303636530722],
              [-78.7373828090343, -3.7833105456633884],
              [-78.73738521279714, -3.7833174548102275],
              [-78.7373876219595, -3.783324363971205],
              [-78.73739003652372, -3.783331272242374],
              [-78.7373924582873, -3.783338180532398],
              [-78.73739488545039, -3.783345088836576],
              [-78.73739732071743, -3.78335199535402],
              [-78.7373997622839, -3.7833589018879783],
              [-78.73740220480194, -3.7833657885367242],
              [-78.73740466077416, -3.783372692396463],
              [-78.73740712575025, -3.78337959447184],
              [-78.73740959882562, -3.7833864965684443],
              [-78.7374120800073, -3.783393395974317],
              [-78.73741457018815, -3.783400295403789],
              [-78.73741707027517, -3.7834071921472447],
              [-78.73741957846615, -3.7834140871039637]
            ]
          ],
          [
            [
              [-78.7368376988208, -3.781937355635249],
              [-78.73689327116263, -3.781981951127422],
              [-78.73655336123203, -3.781610055527157],
              [-78.73654845170023, -3.781604684737394],
              [-78.7365435376783, -3.7815993103199217],
              [-78.73653861826396, -3.7815939331763784],
              [-78.73653368985757, -3.7815885532973215],
              [-78.73652875425427, -3.7815831724954574],
              [-78.73652379619537, -3.781577775363017],
              [-78.73651883810133, -3.7815723917902977],
              [-78.7365138701083, -3.7815670081916655],
              [-78.73650888950945, -3.7815616272719876],
              [-78.73650389630482, -3.7815562490312793],
              [-78.7364988886899, -3.781550875272776],
              [-78.73649386666699, -3.781545505092509],
              [-78.73648882842924, -3.7815401411976888],
              [-78.73648377397667, -3.781534783588333],
              [-78.73647870240703, -3.7815294331660474],
              [-78.73647361191573, -3.7815240917341106],
              [-78.73646850160291, -3.7815187592901336],
              [-78.73646337146387, -3.7815134376421082],
              [-78.7364582205987, -3.781508126787645],
              [-78.73645304630296, -3.781502828527666],
              [-78.73644785037646, -3.781497542866868],
              [-78.73644263011245, -3.781492272510137],
              [-78.73643738461334, -3.781487016551119],
              [-78.73643211387444, -3.781481776797787],
              [-78.73642916607476, -3.781478870894944],
              [-78.73648321467851, -3.781567898797739],
              [-78.7365834912666, -3.7816829677910255],
              [-78.73670998529762, -3.7818250849489057],
              [-78.7368376988208, -3.781937355635249]
            ]
          ],
          [
            [
              [-78.73634715182435, -3.781507628010537],
              [-78.73635230479191, -3.7815124751252687],
              [-78.7363004650718, -3.7814503167988245],
              [-78.73619781337717, -3.78136968350341],
              [-78.73593197689137, -3.7812184734247167],
              [-78.73554095900252, -3.781000674998501],
              [-78.73537744842072, -3.780914901300173],
              [-78.73599950202285, -3.781266825556254],
              [-78.73600581918937, -3.781270399290365],
              [-78.7360121300589, -3.7812739721039836],
              [-78.73601843463379, -3.7812775430931294],
              [-78.7360247302096, -3.7812811140586757],
              [-78.73603101858382, -3.7812846859093456],
              [-78.7360373150245, -3.781288270436943],
              [-78.73604358718164, -3.7812918494769976],
              [-78.73604984942804, -3.781295433011023],
              [-78.73605610086382, -3.7812990210366673],
              [-78.73606234148191, -3.781302616265849],
              [-78.73606856948015, -3.781306219597853],
              [-78.73607478485854, -3.7813098310326616],
              [-78.73608098671482, -3.7813134514719318],
              [-78.7360871750443, -3.7813170827236053],
              [-78.73609334894236, -3.781320726593287],
              [-78.73609950661152, -3.781324382172281],
              [-78.73610564984459, -3.7813280521772397],
              [-78.73611177504188, -3.7813317365987555],
              [-78.7361178840009, -3.7813354363455214],
              [-78.7361239749171, -3.7813391532207645],
              [-78.7361300468906, -3.781342887222164],
              [-78.73613609991668, -3.7813466401576448],
              [-78.73614213309308, -3.7813504129288473],
              [-78.73614814461764, -3.7813542064350374],
              [-78.73615413539027, -3.781358020678573],
              [-78.73616010450401, -3.7813618583690527],
              [-78.73616605016137, -3.781365718597749],
              [-78.73617197145775, -3.7813696031703197],
              [-78.73617786929073, -3.7813735129930617],
              [-78.73618374185813, -3.7813774489652476],
              [-78.73618963137851, -3.7813814410290334],
              [-78.73621246313238, -3.781397364792972],
              [-78.73623495373144, -3.7814137711430256],
              [-78.73625709306818, -3.7814306527031945],
              [-78.7362788711939, -3.781448001893225],
              [-78.73630027832165, -3.7814658109112957],
              [-78.73632130483129, -3.7814840717555795],
              [-78.736341941274, -3.7815027762250817],
              [-78.73634715182435, -3.781507628010537]
            ]
          ],
          [
            [
              [-78.73526750259722, -3.7807782893902333],
              [-78.73581049060469, -3.7810706688540137],
              [-78.73550114647026, -3.7808956594304095],
              [-78.73531667015114, -3.7807912927639595],
              [-78.73531034850257, -3.7807877154008644],
              [-78.73530403494628, -3.780784140770908],
              [-78.7352977321843, -3.780780567977182],
              [-78.73529145819383, -3.7807770052026615],
              [-78.73528518332698, -3.780773433385979],
              [-78.73527892196594, -3.780769858892689],
              [-78.73527267501768, -3.780766279013211],
              [-78.73526644338443, -3.780762692845939],
              [-78.73526022797083, -3.780759098585259],
              [-78.73525402968146, -3.78075549442557],
              [-78.7352478494186, -3.7807518794652517],
              [-78.73524168808683, -3.7807482518986997],
              [-78.73523554658844, -3.78074461082428],
              [-78.73522942583037, -3.78074095353243],
              [-78.73522332761479, -3.7807372791238687],
              [-78.73521725194641, -3.7807335857906392],
              [-78.73521120062739, -3.780729872633459],
              [-78.73520517366242, -3.7807261378444053],
              [-78.73519917285603, -3.7807223796202205],
              [-78.73519319910811, -3.7807185979632463],
              [-78.73518725422555, -3.7807147901662588],
              [-78.7351813382107, -3.7807109553252958],
              [-78.73517545196816, -3.7807070916347456],
              [-78.73516959819766, -3.78070319910166],
              [-78.73516377600635, -3.780699275011782],
              [-78.73515798899619, -3.7806953184705443],
              [-78.73515223626966, -3.780691328571595],
              [-78.7351465196289, -3.7806873044156704],
              [-78.73514084087844, -3.7806832441995466],
              [-78.73513520092054, -3.780679147021586],
              [-78.73512953778557, -3.7806749648081786],
              [-78.7351174054473, -3.7806657607392893],
              [-78.73510543674755, -3.7806563429716515],
              [-78.73509363541643, -3.7806467144301186],
              [-78.73508200513146, -3.780636878122315],
              [-78.73507054951791, -3.780626837109612],
              [-78.73505927214516, -3.780616594520046],
              [-78.73504817652847, -3.7806061535547753],
              [-78.73504310918662, -3.780601260560745],
              [-78.73503812911527, -3.7805963759312067],
              [-78.73503317885846, -3.780591446180461],
              [-78.73502825660934, -3.7805864740157284],
              [-78.73502336326779, -3.780581459439357],
              [-78.73501849612937, -3.7805764042522583],
              [-78.73501365518943, -3.780571310262362],
              [-78.73500883864342, -3.780566179272944],
              [-78.73500404649134, -3.7805610112839694],
              [-78.73499927692635, -3.7805558090027116],
              [-78.73499452904848, -3.78055057242678],
              [-78.7349898010509, -3.7805453042634136],
              [-78.73498509293361, -3.7805400045125945],
              [-78.73498040199217, -3.7805346749752435],
              [-78.73497572912181, -3.780529317461642],
              [-78.7349710707205, -3.7805239328663722],
              [-78.73496642768349, -3.780518522999749],
              [-78.73496179731104, -3.780513087854685],
              [-78.73495717869854, -3.7805076292367783],
              [-78.73495307962666, -3.7805027532432316],
              [-78.73495257094369, -3.780502148047687],
              [-78.73494797223967, -3.7804966469945964],
              [-78.73494338078899, -3.7804911251688305],
              [-78.7349387965846, -3.780485585282326],
              [-78.73493421692676, -3.7804800273280263],
              [-78.73492964090853, -3.7804744540154958],
              [-78.73492506673009, -3.780468865340017],
              [-78.73492049438671, -3.780463263109567],
              [-78.73491591130781, -3.7804576364433764],
              [-78.73491133901615, -3.780452014325382],
              [-78.734906764053, -3.7804463813525633],
              [-78.73490218371153, -3.7804407402297837],
              [-78.7347660823549, -3.7802730928604946],
              [-78.73476191620689, -3.7802815748977507],
              [-78.73478978435364, -3.7803327366950423],
              [-78.73501825353549, -3.780595667568921],
              [-78.73509920050863, -3.7806722267105055],
              [-78.73526750259722, -3.7807782893902333]
            ]
          ]
        ]
      }
    },
    {
      "type": "Feature",
      "properties": { "code": "123", "areaM2": 21.09, "surveyState": "COMPLETO" },
      "geometry": {
        "type": "MultiPolygon",
        "coordinates": [
          [
            [
              [-78.73469628940879, -3.7802012437894508],
              [-78.73471068413507, -3.780204854054741],
              [-78.73458063254556, -3.7800446587388485],
              [-78.73467015423913, -3.7801796495983635],
              [-78.73469628940879, -3.7802012437894508]
            ]
          ]
        ]
      }
    },
    {
      "type": "Feature",
      "properties": { "code": "124", "areaM2": 2674.33, "surveyState": "COMPLETO" },
      "geometry": {
        "type": "MultiPolygon",
        "coordinates": [
          [
            [
              [-78.73077687840288, -3.7780938326696134],
              [-78.73077865621903, -3.7780960692688743],
              [-78.7307835891592, -3.778102104548189],
              [-78.73078858261415, -3.7781080550117467],
              [-78.7307936338771, -3.7781139233643914],
              [-78.73079873483712, -3.778119714104797],
              [-78.73080388368972, -3.7781254290361908],
              [-78.73080907412849, -3.778131070853947],
              [-78.73081430164447, -3.778136643162214],
              [-78.73081956173108, -3.7781421486611055],
              [-78.73082485077695, -3.778147591861074],
              [-78.7308301642755, -3.778152975462246],
              [-78.73083549771776, -3.7781583030687274],
              [-78.73084084749706, -3.7781635773829993],
              [-78.73084621090194, -3.7781688029178992],
              [-78.73085158162364, -3.7781739832727905],
              [-78.7308569587552, -3.778179121157258],
              [-78.73086233688777, -3.778184220173044],
              [-78.73086771330986, -3.778189284832965],
              [-78.73087308441482, -3.7781943178394912],
              [-78.73087844749116, -3.778199323705456],
              [-78.73088380701024, -3.7782043132903786],
              [-78.73088913602179, -3.7782092684438866],
              [-78.73125091400037, -3.7785455691735916],
              [-78.73125625289649, -3.7785505315851116],
              [-78.73126160706761, -3.778555503076541],
              [-78.73126695856492, -3.7785604646171325],
              [-78.73127234151914, -3.7785654416079684],
              [-78.73127774516665, -3.778570420461042],
              [-78.73128317221186, -3.7785753993754843],
              [-78.73128862446161, -3.7785803756440655],
              [-78.73129410462506, -3.778585345657978],
              [-78.73129961450437, -3.778590308517965],
              [-78.73130515500883, -3.778595260610447],
              [-78.73131073064269, -3.7786002001392887],
              [-78.73131634141536, -3.7786051234885645],
              [-78.73132199093352, -3.7786100279557875],
              [-78.73132768009944, -3.778614912639338],
              [-78.73133341162692, -3.7786197721224375],
              [-78.73133918731814, -3.778624605505814],
              [-78.73134500988223, -3.778629409180639],
              [-78.73135087932624, -3.778634180434983],
              [-78.73135680015912, -3.77863891566472],
              [-78.731362771488, -3.7786436121555615],
              [-78.73136879782182, -3.778648266303402],
              [-78.73137487826536, -3.778652876297926],
              [-78.73138101643238, -3.7786574367246777],
              [-78.73138721322512, -3.778661946682076],
              [-78.73139346955998, -3.7786663998445915],
              [-78.73139978723906, -3.7786707953129994],
              [-78.73140616807396, -3.77867512857212],
              [-78.73141261387624, -3.778679395106753],
              [-78.73141912375542, -3.7786835912986687],
              [-78.7314257004159, -3.7786877153469525],
              [-78.73143222886667, -3.7786916910153856],
              [-78.73146635211974, -3.7787106340645797],
              [-78.73150166778102, -3.7787272259076095],
              [-78.73153801552877, -3.7787413912210686],
              [-78.73157523035658, -3.7787530657006325],
              [-78.73161314332157, -3.778762196346805],
              [-78.73165158231124, -3.778768741714795],
              [-78.73169037282517, -3.7787726720825248],
              [-78.73172933876708, -3.7787739696078977],
              [-78.73176830324466, -3.778772628406332],
              [-78.73180708937178, -3.7787686545593355],
              [-78.73184552107213, -3.7787620661164327],
              [-78.73185299000862, -3.7787604738964116],
              [-78.73186055195758, -3.778758758074287],
              [-78.7318680745478, -3.778756950846455],
              [-78.73187555956969, -3.7787550558335274],
              [-78.73188300521169, -3.778753077550665],
              [-78.73189041236428, -3.7787510196161724],
              [-78.73189778101809, -3.778748885645939],
              [-78.73190511026145, -3.7787466801574885],
              [-78.73191240188714, -3.7787444058675064],
              [-78.73191965588576, -3.7787420663918807],
              [-78.73192687134329, -3.7787396671521334],
              [-78.73193405095478, -3.778737209963295],
              [-78.73194119380857, -3.77873469934291],
              [-78.7319483016974, -3.7787321380076264],
              [-78.731955373712, -3.7787295295709926],
              [-78.73196241254033, -3.778726878559973],
              [-78.73196941907528, -3.7787241876888915],
              [-78.73197639240985, -3.7787214596673033],
              [-78.73198333523206, -3.7787186990221895],
              [-78.73199024843476, -3.7787159084678237],
              [-78.73199713201087, -3.77871309071617],
              [-78.73200398865079, -3.778710249390215],
              [-78.73201081834506, -3.778707388105852],
              [-78.73201762288649, -3.7787045095797622],
              [-78.73202440316791, -3.778701616526223],
              [-78.73203116007987, -3.778698712563533],
              [-78.73203789541512, -3.77869580040831],
              [-78.7320446109641, -3.778692883681218],
              [-78.73205132203697, -3.7786899579024573],
              [-78.73205799258572, -3.778687042865189],
              [-78.73206464872887, -3.778684130502038],
              [-78.732434307941, -3.7785223705636524],
              [-78.73244094606372, -3.7785194662847084],
              [-78.73244756976437, -3.7785165710077155],
              [-78.73245420425454, -3.7785136793748597],
              [-78.73246081169337, -3.7785108084626904],
              [-78.73246740828397, -3.7785079565056745],
              [-78.73247399582145, -3.778505125316522],
              [-78.73248057519632, -3.778502318513483],
              [-78.7324871482037, -3.7784995379092483],
              [-78.73249371393665, -3.7784967862133887],
              [-78.73250027598307, -3.7784940679552284],
              [-78.73250683344303, -3.778491383132409],
              [-78.73251338810228, -3.77848873717353],
              [-78.73251994085837, -3.7784861309849447],
              [-78.73252649259949, -3.7784835690888645],
              [-78.73253304422317, -3.7784810523916756],
              [-78.73253959661996, -3.7784785845116144],
              [-78.73254614888289, -3.778476168158291],
              [-78.73255270370464, -3.7784738060506906],
              [-78.73255926107821, -3.7784715009007517],
              [-78.73256582099414, -3.778469256324416],
              [-78.73257238435004, -3.778467073228004],
              [-78.73257895023427, -3.778464956129059],
              [-78.7325855213418, -3.7784629068426],
              [-78.73259209496595, -3.7784609280735135],
              [-78.73259867379699, -3.77845902344477],
              [-78.73260525603278, -3.778457193855648],
              [-78.73261184256148, -3.7784554438283755],
              [-78.73261843157624, -3.778453776070205],
              [-78.73262502487219, -3.7784521923938055],
              [-78.73263162154237, -3.7784506955087376],
              [-78.73263834583769, -3.77844926133309],
              [-78.732658755613, -3.778445497834449],
              [-78.73267930296608, -3.778442586127128],
              [-78.7326999526828, -3.7784405311868734],
              [-78.73272066937393, -3.77843933654828],
              [-78.73274141753585, -3.778439004256354],
              [-78.73276216161058, -3.7784395348709854],
              [-78.73278286604744, -3.778440927498041],
              [-78.73278971001638, -3.778441578224395],
              [-78.7327964331932, -3.778442307280822],
              [-78.73280316334629, -3.7784431222340986],
              [-78.73280990047802, -3.778444022180214],
              [-78.73281664279793, -3.7784450034985437],
              [-78.73282339031309, -3.778446063477157],
              [-78.73283014212828, -3.778447200305739],
              [-78.73283689915279, -3.778448410370723],
              [-78.73284365959385, -3.7784496909554797],
              [-78.73285042435845, -3.778451039350401],
              [-78.73285719255368, -3.7784524528412105],
              [-78.73286396508418, -3.7784539296223003],
              [-78.73287074196166, -3.77845546517378],
              [-78.73287752318849, -3.778457058591676],
              [-78.73288430787649, -3.778458705353724],
              [-78.73289109783018, -3.7784604036567058],
              [-78.7328978930566, -3.778462150788653],
              [-78.73290469356517, -3.778463943133673],
              [-78.7329115002628, -3.778465777982195],
              [-78.73291831315422, -3.7784676535262265],
              [-78.73292513404863, -3.7784695661545946],
              [-78.73293196205314, -3.77847151315301],
              [-78.73293879897464, -3.7784734918142355],
              [-78.73294564482255, -3.778475498522347],
              [-78.73295250140367, -3.7784775305701617],
              [-78.73295936782284, -3.7784795861473186],
              [-78.73296624589159, -3.778481660738677],
              [-78.73297313741445, -3.778483752540966],
              [-78.73298002531425, -3.7784858533735792],
              [-78.73298695186327, -3.778487972387149],
              [-78.7329938909923, -3.7784900986655376],
              [-78.7335620130698, -3.77866422414892],
              [-78.73356893242021, -3.77866634494862],
              [-78.7335758517566, -3.7786684711721703],
              [-78.73358273510371, -3.7786705945894377],
              [-78.73358959413683, -3.7786727242708587],
              [-78.73359642705151, -3.778674862019668],
              [-78.73360323293139, -3.778677014161407],
              [-78.73361000907202, -3.778679182496929],
              [-78.73361675546406, -3.7786813706421567],
              [-78.73362347029357, -3.7786835840162487],
              [-78.73363015265359, -3.7786858253288154],
              [-78.73363680073493, -3.778688098191018],
              [-78.73364341272838, -3.7786904062140882],
              [-78.73364998772699, -3.7786927521076046],
              [-78.73365652481912, -3.7786951403890976],
              [-78.73366302039805, -3.778697573761094],
              [-78.73366947445444, -3.778700055839502],
              [-78.73367588428148, -3.7787025893291855],
              [-78.73368224807233, -3.7787051769373647],
              [-78.73368856491531, -3.7787078231815903],
              [-78.73369483120614, -3.7787105298604056],
              [-78.73370104513792, -3.7787132996810144],
              [-78.73370720580135, -3.778716136256972],
              [-78.7337133086922, -3.778719041384482],
              [-78.7337193538034, -3.7787220177754453],
              [-78.73372533572848, -3.778725068127688],
              [-78.73373125446274, -3.778728194249165],
              [-78.73373710549957, -3.778731398840024],
              [-78.73374288703445, -3.778734683703509],
              [-78.73374859546307, -3.7787380506381476],
              [-78.73375422808097, -3.778741501444841],
              [-78.73375992503013, -3.7787451305052397],
              [-78.733778198164, -3.778757815436521],
              [-78.73379567224018, -3.778771589710903],
              [-78.7338122829932, -3.778786402658554],
              [-78.73382796933289, -3.778802199808834],
              [-78.73384267356872, -3.778818923068373],
              [-78.73385634162219, -3.7788365109156015],
              [-78.73386892322532, -3.7788548986875434],
              [-78.73387252150793, -3.778860631248638],
              [-78.7338759426795, -3.7788662973547886],
              [-78.7338792799599, -3.7788720400799507],
              [-78.73388253515834, -3.7788778558129454],
              [-78.7338857100817, -3.778883741846536],
              [-78.73388880743906, -3.778889694571886],
              [-78.73389182903496, -3.778895712185735],
              [-78.7338947766786, -3.7789017910769034],
              [-78.73389765397431, -3.778907929446833],
              [-78.73390046182907, -3.7789141245859628],
              [-78.73390320294725, -3.7789203746934095],
              [-78.73390588183784, -3.7789266761650335],
              [-78.73390849940543, -3.7789330271952344],
              [-78.73391106015191, -3.7789394268918217],
              [-78.73391356588648, -3.7789458716436015],
              [-78.7339160202088, -3.7789523614599827],
              [-78.73391842672788, -3.7789588927344857],
              [-78.73392078724592, -3.7789654645678654],
              [-78.7339231062648, -3.7789720760678986],
              [-78.73392538739353, -3.7789787236281165],
              [-78.73392763243197, -3.778985407253236],
              [-78.7339298467819, -3.7789921260534087],
              [-78.73393203315247, -3.778998876419794],
              [-78.73393419514095, -3.779005659265819],
              [-78.73393633635402, -3.7790124718889615],
              [-78.7339384612936, -3.7790193133970305],
              [-78.73394057266412, -3.779026181989129],
              [-78.73394267496512, -3.779033077677059],
              [-78.73394477180327, -3.779039997758319],
              [-78.73394686410667, -3.779046931387493],
              [-78.73394896350139, -3.779053906618607],
              [-78.73402313560011, -3.7793003331371815],
              [-78.73402523946166, -3.7793073210363257],
              [-78.73402734689938, -3.779314317984696],
              [-78.73402946241518, -3.779321323090122],
              [-78.73403157975898, -3.779328317352523],
              [-78.73403371144502, -3.77933533334819],
              [-78.73403585571106, -3.779342356608705],
              [-78.73403801345933, -3.7793493862324494],
              [-78.73404018649202, -3.7793564213201765],
              [-78.73404237841113, -3.779363460977339],
              [-78.73404458831672, -3.7793705052015603],
              [-78.73404682070837, -3.7793775540046517],
              [-78.73404907559076, -3.7793846055786187],
              [-78.73405135566365, -3.7793916599305697],
              [-78.73405366273153, -3.7793987152572646],
              [-78.73405599859188, -3.779405772467363],
              [-78.73405836414932, -3.779412829755284],
              [-78.7340607630035, -3.7794198871304747],
              [-78.73406319605901, -3.779426942787303],
              [-78.73406566511568, -3.7794339967305026],
              [-78.7340681728756, -3.779441048063168],
              [-78.73407072024337, -3.779448094979685],
              [-78.73407330901881, -3.779455137484784],
              [-78.734075941904, -3.779462174681544],
              [-78.73407861980121, -3.779469205668365],
              [-78.73408134541488, -3.779476228644325],
              [-78.73408411964492, -3.779483243611821],
              [-78.73408694519573, -3.7794902487699495],
              [-78.73408982387186, -3.779497242315472],
              [-78.73409275657086, -3.7795042251547226],
              [-78.73409574600187, -3.7795111936788457],
              [-78.73409876085573, -3.7795180754869584],
              [-78.73410659964092, -3.779535309659802],
              [-78.73411478160861, -3.77955238211601],
              [-78.73412330345462, -3.7795692859594414],
              [-78.73413216173748, -3.7795860143725393],
              [-78.73414135288012, -3.779602560595627],
              [-78.73415087316984, -3.7796189179484445],
              [-78.73416071876214, -3.779635079812216],
              [-78.73416471408888, -3.7796414371657097],
              [-78.73416879663668, -3.7796478218673077],
              [-78.73417292158129, -3.779654167808607],
              [-78.73417708622536, -3.7796604740785518],
              [-78.7341812896619, -3.7796667433867195],
              [-78.73418553009346, -3.7796729748244333],
              [-78.73418980391568, -3.7796791701902017],
              [-78.73419411112623, -3.779685330388002],
              [-78.73419844902301, -3.779691456314755],
              [-78.73420281580152, -3.7796975497737026],
              [-78.73420720966429, -3.7797036098561327],
              [-78.73421162880443, -3.779709639269283],
              [-78.7342160714198, -3.779715638912412],
              [-78.73422053661047, -3.779721608783165],
              [-78.73422502166966, -3.7797275515864026],
              [-78.73422952479991, -3.7797334664134468],
              [-78.7342340450919, -3.7797393568778364],
              [-78.73423857984825, -3.7797452220685352],
              [-78.73424312906427, -3.7797510637934844],
              [-78.73424769003789, -3.7797568829496058],
              [-78.73425226096455, -3.7797626813401206],
              [-78.73425684004214, -3.7797684598643277],
              [-78.7342614272659, -3.7797742203301654],
              [-78.73426601993616, -3.779779962730561],
              [-78.73427061624837, -3.7797856888687713],
              [-78.73427521620016, -3.779791399648759],
              [-78.73427981618721, -3.7797970968690477],
              [-78.73428442517579, -3.779802793208964],
              [-78.73428901983625, -3.77980846239175],
              [-78.73429361092292, -3.7798141216213526],
              [-78.73429819843113, -3.7798197727057112],
              [-78.73455020740171, -3.7801301928514515],
              [-78.73448571000763, -3.7800148650717214],
              [-78.73440774689236, -3.7798317012503992],
              [-78.73435817595394, -3.7797706400035165],
              [-78.73435359113792, -3.779764991638416],
              [-78.7343490126096, -3.779759347809722],
              [-78.73434444306402, -3.7797537103324643],
              [-78.73433989686455, -3.7797480928040756],
              [-78.73433535428828, -3.7797424662453447],
              [-78.73433082430611, -3.7797368415275887],
              [-78.73432630962016, -3.779731217753904],
              [-78.73432181203493, -3.779725593121031],
              [-78.73431733155043, -3.779719967629003],
              [-78.73431287177098, -3.77971433947926],
              [-78.7343084318014, -3.779708706861508],
              [-78.73430401433903, -3.779703070686795],
              [-78.73429962029084, -3.779697428245527],
              [-78.73429525145905, -3.7796917786384423],
              [-78.73429090964574, -3.7796861209662787],
              [-78.73428659575323, -3.7796804543274316],
              [-78.73428231158368, -3.7796747778226063],
              [-78.73427805893927, -3.77966909055257],
              [-78.7342738378223, -3.7796633916133144],
              [-78.73426965183482, -3.7796576801103057],
              [-78.7342655009815, -3.779651954235574],
              [-78.73426138706213, -3.7796462139938503],
              [-78.73425731187659, -3.7796404593898476],
              [-78.7342532763318, -3.7796346877139597],
              [-78.7342492831275, -3.7796288989732925],
              [-78.73424533316359, -3.779623093170201],
              [-78.73424142734234, -3.779617269403034],
              [-78.73423756926809, -3.779611425873299],
              [-78.73423375803857, -3.779605563482582],
              [-78.73422999635824, -3.7795996804300347],
              [-78.73422624480227, -3.779593710621347],
              [-78.73422290309956, -3.7795882998452774],
              [-78.73421960113285, -3.77958286450526],
              [-78.73421633908075, -3.779577404902356],
              [-78.73421311712056, -3.7795719213279564],
              [-78.73420993542665, -3.7795664140799468],
              [-78.73420679417094, -3.7795608834627052],
              [-78.73420369352375, -3.77955532976336],
              [-78.73415321219467, -3.7795080166679225],
              [-78.73411666442966, -3.7794339640145647],
              [-78.73405884683879, -3.779295551502838],
              [-78.73404826049881, -3.7792680588673346],
              [-78.733939063112, -3.778963595997871],
              [-78.73393265300932, -3.778949035880122],
              [-78.73389941530036, -3.7788735419204396],
              [-78.73386722074778, -3.7788004164265767],
              [-78.73382729626994, -3.778747604036034],
              [-78.73379961608245, -3.778713500974313],
              [-78.7337633628699, -3.7786743610440907],
              [-78.73370629158515, -3.7786460840090834],
              [-78.73360718216163, -3.7786113553749887],
              [-78.73352183471309, -3.778599678264742],
              [-78.73341500527728, -3.7785873437105377],
              [-78.73335531402138, -3.778573061629038],
              [-78.73325588397674, -3.778540526100472],
              [-78.73315440078103, -3.7784988097332404],
              [-78.7330532357934, -3.7784572388314026],
              [-78.73295895969345, -3.7784156615688635],
              [-78.73287731910145, -3.7783772885949394],
              [-78.73287327716857, -3.778376407464658],
              [-78.73286583530302, -3.778374852995121],
              [-78.73285836267155, -3.7783733635318333],
              [-78.73285086016706, -3.778371941789116],
              [-78.73284332777544, -3.7783705931908154],
              [-78.73283576458975, -3.778369320446505],
              [-78.7328281715005, -3.778368127174485],
              [-78.73282389761725, -3.778367504879875],
              [-78.73279814078839, -3.778368329611468],
              [-78.73270512448947, -3.778393321482046],
              [-78.73258761778675, -3.778442950540351],
              [-78.73241136013452, -3.7785143869831432],
              [-78.73215422430849, -3.778619789197782],
              [-78.7319120665039, -3.7787203996773027],
              [-78.73180148533503, -3.778748626820394],
              [-78.73166097690516, -3.7787517965680166],
              [-78.73153945875673, -3.7787188558154856],
              [-78.7314428275077, -3.77866732208252],
              [-78.73136231003922, -3.7785722043254495],
              [-78.73133804607262, -3.7785204427371695],
              [-78.73133528807483, -3.7785179260439667],
              [-78.73132999749122, -3.7785130722375744],
              [-78.73132470516659, -3.7785081958270355],
              [-78.7313194083965, -3.7785032986131877],
              [-78.73131409370583, -3.7784983715208678],
              [-78.73130878891187, -3.778493445358503],
              [-78.73130347425423, -3.7784885056105],
              [-78.73094170074047, -3.778152209436148],
              [-78.73093637801385, -3.778147259723367],
              [-78.73093109210834, -3.778142339034652],
              [-78.73092582149897, -3.7781374192900397],
              [-78.73092057966795, -3.778132506852784],
              [-78.73091536842445, -3.7781275981116873],
              [-78.73091019137753, -3.7781226894602824],
              [-78.73090505123395, -3.7781177781937227],
              [-78.73089995250264, -3.7781128607078873],
              [-78.73089922900238, -3.7781121564147666],
              [-78.7308720607044, -3.7781124594075535],
              [-78.7307852936184, -3.778075784103666],
              [-78.73077687840288, -3.7780938326696134]
            ]
          ]
        ]
      }
    },
    {
      "type": "Feature",
      "properties": { "code": "125", "areaM2": 159.38, "surveyState": "COMPLETO" },
      "geometry": {
        "type": "MultiPolygon",
        "coordinates": [
          [
            [
              [-78.73074473269996, -3.7776011015479742],
              [-78.73074352903775, -3.7776037090967187],
              [-78.73074042736096, -3.777610508864866],
              [-78.73073735078046, -3.777617347570081],
              [-78.73073430378878, -3.7776242279361276],
              [-78.73073129088307, -3.7776311508787823],
              [-78.73072831835566, -3.777638119126463],
              [-78.7307253898038, -3.7776451335926344],
              [-78.7307225106246, -3.777652195195405],
              [-78.73071968620813, -3.777659307564854],
              [-78.73071692195616, -3.777666469811186],
              [-78.73071422326109, -3.777673684660459],
              [-78.73071159641991, -3.7776809530332027],
              [-78.73070904503227, -3.7776882749388627],
              [-78.73070657629039, -3.77769565310823],
              [-78.73070419559839, -3.7777030857475182],
              [-78.73070190835102, -3.7777105746788573],
              [-78.73069972174521, -3.777718120825107],
              [-78.73069764118509, -3.7777257223924803],
              [-78.73069567206542, -3.7777333812030753],
              [-78.7306938215925, -3.7777410945638477],
              [-78.73069209516343, -3.7777488633929712],
              [-78.7306904999798, -3.7777566868053034],
              [-78.73068904234808, -3.7777645621054723],
              [-78.73068772946745, -3.77777248931235],
              [-78.73068659516557, -3.7777802642143206],
              [-78.73068387855756, -3.777806736080758],
              [-78.73068291820259, -3.7778333307334435],
              [-78.7306837183415, -3.7778599307415752],
              [-78.73068627544123, -3.777886418630104],
              [-78.73069057820975, -3.7779126774377225],
              [-78.73069660764604, -3.77793859119546],
              [-78.73070433712365, -3.777964045465548],
              [-78.73070783244944, -3.777973897367386],
              [-78.73071158270406, -3.777983654221691],
              [-78.73071558532986, -3.777993309362863],
              [-78.73071983759601, -3.7780028562166454],
              [-78.73072433660232, -3.77801228826653],
              [-78.73072907928048, -3.778021599075313],
              [-78.7307340623951, -3.778030782297724],
              [-78.73073796021261, -3.778037594999954],
              [-78.73074208101228, -3.7780444833177147],
              [-78.73074631636582, -3.7780512697857676],
              [-78.73075066086676, -3.778057957101912],
              [-78.73075510731347, -3.778064546151207],
              [-78.73075964940422, -3.778071037821139],
              [-78.73076428173492, -3.778077433905479],
              [-78.73076899710156, -3.7780837361933117],
              [-78.73077379009767, -3.77808994738239],
              [-78.73077687840288, -3.7780938326696134],
              [-78.7307852936184, -3.778075784103666],
              [-78.73075431413524, -3.7780435635089002],
              [-78.7307398971794, -3.7780108014785285],
              [-78.73072523117564, -3.7779734510772274],
              [-78.73071487844294, -3.777926066920882],
              [-78.73071406594227, -3.7778720101710253],
              [-78.73071467627828, -3.777820348190264],
              [-78.730719574113, -3.777768220150912],
              [-78.7307342391643, -3.777695835041356],
              [-78.73075036832535, -3.777646319138154],
              [-78.73077162155543, -3.77760408831819],
              [-78.73078978850548, -3.7775765825323977],
              [-78.73081161713564, -3.7775504875233095],
              [-78.73074473269996, -3.7776011015479742]
            ]
          ]
        ]
      }
    },
    {
      "type": "Feature",
      "properties": { "code": "126", "areaM2": 281.38, "surveyState": "INCOMPLETO" },
      "geometry": {
        "type": "MultiPolygon",
        "coordinates": [
          [
            [
              [-78.73092839688321, -3.7768977828432813],
              [-78.7309290387048, -3.776900482918354],
              [-78.7309306629887, -3.7769074324862038],
              [-78.73093225310902, -3.776914369308735],
              [-78.73093380726594, -3.776921293381198],
              [-78.7309353209576, -3.7769282055957865],
              [-78.73093679057962, -3.776935107751015],
              [-78.73093821343701, -3.7769419980318353],
              [-78.73093958592547, -3.776948878236794],
              [-78.73094090534522, -3.7769557483588],
              [-78.73094216629451, -3.7769626092876667],
              [-78.73094336787578, -3.776969460117059],
              [-78.7309445055871, -3.7769763017391558],
              [-78.73094557673116, -3.776983133242902],
              [-78.73094657680603, -3.776989955520476],
              [-78.73094750401427, -3.77699676766318],
              [-78.7309483538563, -3.777003569659217],
              [-78.73094912453472, -3.7770103605998737],
              [-78.73094981244985, -3.777017140475746],
              [-78.73095041400441, -3.777023908373399],
              [-78.73095092560115, -3.7770306633794015],
              [-78.73095134544491, -3.7770374036811],
              [-78.73095167083366, -3.7770441301753857],
              [-78.73095189727488, -3.77705084013852],
              [-78.73095202207355, -3.777057531755466],
              [-78.73095204392577, -3.7770643605080627],
              [-78.73095183009895, -3.7770757149114376],
              [-78.73095130566192, -3.77708705912094],
              [-78.73095047101052, -3.777098384563681],
              [-78.73094932677604, -3.7771096826827466],
              [-78.7309478738228, -3.777120944936925],
              [-78.73094611324862, -3.7771321628179377],
              [-78.73094404638418, -3.777143327853917],
              [-78.73094265664808, -3.7771500118837045],
              [-78.73094119262132, -3.7771565411374075],
              [-78.73093962600979, -3.777163068314144],
              [-78.73093795952025, -3.777169590709064],
              [-78.73093619675234, -3.7771761083315867],
              [-78.7309343413057, -3.777182621191147],
              [-78.73093239498246, -3.7771891283885046],
              [-78.73093036227984, -3.7771956308394325],
              [-78.73092824680212, -3.7772021267453955],
              [-78.73092605034681, -3.7772086170150923],
              [-78.73092377651116, -3.7772151025619483],
              [-78.73092142889716, -3.7772215824914084],
              [-78.73091901020217, -3.7772280577145456],
              [-78.73091652492339, -3.7772345291471314],
              [-78.73091397486063, -3.777240996793866],
              [-78.73091136361116, -3.7772474615681824],
              [-78.73090869477227, -3.777253924383492],
              [-78.7309059710413, -3.777260386150833],
              [-78.73090319601557, -3.7772668477836535],
              [-78.73090037239244, -3.7772733101929905],
              [-78.73089750376683, -3.7772797751962326],
              [-78.73089459373838, -3.777286242802821],
              [-78.73089164589966, -3.7772927157341374],
              [-78.73088866204814, -3.77729919489886],
              [-78.73088564578346, -3.777305680306445],
              [-78.73088260159574, -3.777312175584593],
              [-78.7308795312848, -3.777318680738026],
              [-78.73087643934547, -3.777325197586509],
              [-78.73087332847042, -3.777331728849016],
              [-78.7308702067847, -3.777338264603082],
              [-78.73086706521636, -3.7773448328483687],
              [-78.7307655515376, -3.777557036309058],
              [-78.7307623982, -3.777563630737679],
              [-78.73075924845962, -3.777570226079658],
              [-78.73075609141651, -3.777576861177737],
              [-78.73075293700023, -3.7775835243061637],
              [-78.73074978790345, -3.7775902181839527],
              [-78.73074665131601, -3.777596946445903],
              [-78.73074473269996, -3.7776011015479742],
              [-78.73081161713564, -3.7775504875233095],
              [-78.73091939308742, -3.777336981558325],
              [-78.73095205777194, -3.7772283839248733],
              [-78.73097189928055, -3.7771247489825592],
              [-78.73097011167232, -3.7770244590188136],
              [-78.73095226531949, -3.77688183405848],
              [-78.73092839688321, -3.7768977828432813]
            ]
          ]
        ]
      }
    },
    {
      "type": "Feature",
      "properties": { "code": "127", "areaM2": 188.39, "surveyState": "COMPLETO" },
      "geometry": {
        "type": "MultiPolygon",
        "coordinates": [
          [
            [
              [-78.7307884963004, -3.776404980726906],
              [-78.73079273611353, -3.7764149551456176],
              [-78.73079688095972, -3.776424969764996],
              [-78.7308009304612, -3.7764350236630575],
              [-78.73080488424917, -3.776445115934837],
              [-78.73080874196368, -3.7764552456526257],
              [-78.73081250325258, -3.7764654118961434],
              [-78.73081616777412, -3.776475613740309],
              [-78.73081851800987, -3.7764823238469565],
              [-78.73082081074321, -3.776488998547497],
              [-78.7308230674263, -3.776495693945166],
              [-78.73082528986127, -3.7765024091407096],
              [-78.73082747715058, -3.7765091432277687],
              [-78.73082963289384, -3.7765158962158183],
              [-78.73083175709341, -3.7765226672008634],
              [-78.73083385154911, -3.776529456187609],
              [-78.73083591626326, -3.77653626227209],
              [-78.73083795393562, -3.776543085461389],
              [-78.73083996547074, -3.776549923949893],
              [-78.73084195176857, -3.7765567777399807],
              [-78.73084391372899, -3.776563646834008],
              [-78.73084585315418, -3.776570530332703],
              [-78.73084777184393, -3.7765774282407842],
              [-78.73084967070287, -3.7765843387526714],
              [-78.73085155062617, -3.7765912636786645],
              [-78.73085341341837, -3.7765982012155273],
              [-78.73085525998174, -3.7766051504616596],
              [-78.7308570921137, -3.7766121123257403],
              [-78.73085891071888, -3.776619085002176],
              [-78.73086071759475, -3.7766260693996587],
              [-78.73086251364354, -3.776633064616577],
              [-78.73086430066743, -3.7766400697536686],
              [-78.73086607956397, -3.7766470857172867],
              [-78.73086785214709, -3.7766541070882598],
              [-78.73086961662632, -3.776661130245965],
              [-78.73087138104215, -3.7766681778110756],
              [-78.73087314363703, -3.7766752335072993],
              [-78.73087490531084, -3.7766822973369636],
              [-78.73087666696587, -3.7766893683984675],
              [-78.73091703269193, -3.7768514075956214],
              [-78.7309187889944, -3.7768584605637114],
              [-78.73092054169726, -3.7768655135223734],
              [-78.73092228006969, -3.776872540227936],
              [-78.73092400229079, -3.7768795488114972],
              [-78.73092570475387, -3.776886541975531],
              [-78.7309273847592, -3.776893519712975],
              [-78.73092839688321, -3.7768977828432813],
              [-78.73095226531949, -3.77688183405848],
              [-78.73095098209234, -3.7768741956449765],
              [-78.73095029102303, -3.776872092974221],
              [-78.73093524082724, -3.776799725753641],
              [-78.73092097084242, -3.776720089836364],
              [-78.73090098346869, -3.776641586086464],
              [-78.73088520533166, -3.7765795748096376],
              [-78.73080570189913, -3.7763934837680013],
              [-78.7307884963004, -3.776404980726906]
            ]
          ]
        ]
      }
    },
    {
      "type": "Feature",
      "properties": { "code": "128", "areaM2": 212.17, "surveyState": "COMPLETO" },
      "geometry": {
        "type": "MultiPolygon",
        "coordinates": [
          [
            [
              [-78.73055565317091, -3.7759688543603214],
              [-78.73055722681535, -3.775971741290245],
              [-78.7305607440602, -3.775978172412242],
              [-78.73056426582573, -3.7759845954102516],
              [-78.730567799276, -3.7759910238628196],
              [-78.73057132649271, -3.7759974269875105],
              [-78.73057485552806, -3.776003822885107],
              [-78.73057838547976, -3.776010212457248],
              [-78.73058191545032, -3.7760165947975786],
              [-78.73058544453508, -3.7760229717116918],
              [-78.73058897273405, -3.7760293431996055],
              [-78.73068576302443, -3.7762041616578683],
              [-78.73068928674357, -3.7762105259026124],
              [-78.73069280507742, -3.7762168847093593],
              [-78.73069631712839, -3.7762232371717546],
              [-78.73069982198955, -3.7762295859993893],
              [-78.73070332682019, -3.7762359465787294],
              [-78.73070681459494, -3.776242290841689],
              [-78.73071029067563, -3.776248633266006],
              [-78.73071375416474, -3.776254972945397],
              [-78.7307172041576, -3.7762613116854378],
              [-78.73072063885446, -3.7762676494813943],
              [-78.73072405735303, -3.7762739872349154],
              [-78.73072745875108, -3.776280325847587],
              [-78.73073084034651, -3.7762866662163366],
              [-78.73073420303925, -3.776293008343511],
              [-78.73073754322968, -3.7762993522196715],
              [-78.73074086181065, -3.7763057005591216],
              [-78.73074415608711, -3.7763120515468147],
              [-78.73074742515215, -3.7763184078923215],
              [-78.73075066811053, -3.776324767785347],
              [-78.73075388315542, -3.776331133933083],
              [-78.73075706938691, -3.7763375063331863],
              [-78.73076022590742, -3.7763438840793238],
              [-78.73076335091008, -3.7763502698786877],
              [-78.73076644259746, -3.7763566628226],
              [-78.73076950096954, -3.7763630629110594],
              [-78.73077252422182, -3.7763694719473024],
              [-78.73077551055684, -3.7763758890226327],
              [-78.73077845906998, -3.776382315942624],
              [-78.73078136886367, -3.77638875180098],
              [-78.73078423813577, -3.7763951974969197],
              [-78.73078709014057, -3.776401708234454],
              [-78.7307884963004, -3.776404980726906],
              [-78.73080570189913, -3.7763934837680013],
              [-78.73069460569978, -3.7761334481023163],
              [-78.73068484074315, -3.7761105914854176],
              [-78.73067238487758, -3.776087454811002],
              [-78.7306469727002, -3.7760443359584186],
              [-78.73061905572746, -3.775997192331794],
              [-78.73060224819321, -3.775970475321793],
              [-78.73058690016109, -3.7759479747029214],
              [-78.73055565317091, -3.7759688543603214]
            ]
          ]
        ]
      }
    },
    {
      "type": "Feature",
      "properties": { "code": "129", "areaM2": 91.31, "surveyState": "COMPLETO" },
      "geometry": {
        "type": "MultiPolygon",
        "coordinates": [
          [
            [
              [-78.73036348719434, -3.7755001195385143],
              [-78.73036882478394, -3.7755170090988805],
              [-78.73037102229928, -3.7755239628784745],
              [-78.73037322250026, -3.7755309220890165],
              [-78.73037542718902, -3.775537885831264],
              [-78.730377635468, -3.7755448531988716],
              [-78.7303798500346, -3.7755518251029008],
              [-78.73038207179104, -3.7755588006417247],
              [-78.73038429448498, -3.7755657617192875],
              [-78.73038653153041, -3.7755727409141673],
              [-78.73038877846778, -3.7755797228469246],
              [-78.73039103529706, -3.775586707517593],
              [-78.73039330472034, -3.7755936940292734],
              [-78.73039558673523, -3.7756006832859086],
              [-78.73039788314861, -3.775607672580324],
              [-78.73040019305589, -3.775614663718077],
              [-78.73040252006136, -3.775621654900688],
              [-78.73040486326515, -3.775628646125779],
              [-78.73040722446704, -3.7756356373980537],
              [-78.73040960456696, -3.7756426287199045],
              [-78.7304120044695, -3.7756496182857213],
              [-78.73041442597211, -3.775656607004181],
              [-78.73041686907717, -3.7756635939713257],
              [-78.73041933468454, -3.775670579189516],
              [-78.73042182459879, -3.7756775608555166],
              [-78.73042433971743, -3.775684539875664],
              [-78.73042688004281, -3.775691515345965],
              [-78.73042944827469, -3.7756984872734978],
              [-78.73043204441774, -3.7757054538503256],
              [-78.73043466936949, -3.7757124159827855],
              [-78.73043732403224, -3.775719372769243],
              [-78.73044001020811, -3.7757263233104577],
              [-78.73044271180689, -3.775733225980967],
              [-78.73044811820115, -3.7757467759715992],
              [-78.73045364257632, -3.7757602778561967],
              [-78.73045928450821, -3.775773730598664],
              [-78.73046504356451, -3.7757871331697754],
              [-78.73047091930266, -3.775800484538151],
              [-78.73047691127131, -3.7758137836788928],
              [-78.73048301901039, -3.7758270295674143],
              [-78.7304861665676, -3.775833739050827],
              [-78.73048935906607, -3.775840469443722],
              [-78.7304925777088, -3.7758471818254806],
              [-78.73049582069598, -3.775853876191399],
              [-78.73049908712771, -3.7758605525391387],
              [-78.73050237610407, -3.775867210866322],
              [-78.73050568672046, -3.77587385297854],
              [-78.73050901717944, -3.7758804779671187],
              [-78.7305123674763, -3.775887087639989],
              [-78.73051573581354, -3.775893681088459],
              [-78.73051912128896, -3.7759002592141635],
              [-78.73052252390256, -3.7759068220170815],
              [-78.73052594185215, -3.7759133703964913],
              [-78.73052937333324, -3.775919906155607],
              [-78.7305328183505, -3.7759264274864925],
              [-78.73053627600173, -3.7759329352907676],
              [-78.73053974538229, -3.775939431374008],
              [-78.73054322469235, -3.775945915731508],
              [-78.73054671303206, -3.7759523883609303],
              [-78.73055021040138, -3.77595884926222],
              [-78.73055371589572, -3.7759653002410225],
              [-78.73055565317091, -3.7759688543603214],
              [-78.73058690016109, -3.7759479747029214],
              [-78.7305785541322, -3.7759369856910623],
              [-78.73052628160282, -3.7758581107589517],
              [-78.73048646632654, -3.775786251762185],
              [-78.73042862935893, -3.7756863627049175],
              [-78.73041278672508, -3.775643986710015],
              [-78.73038373137138, -3.7755549350383],
              [-78.7303682893565, -3.7754969112339074],
              [-78.73036348719434, -3.7755001195385143]
            ]
          ]
        ]
      }
    },
    {
      "type": "Feature",
      "properties": { "code": "130", "areaM2": 62.42, "surveyState": "COMPLETO" },
      "geometry": {
        "type": "MultiPolygon",
        "coordinates": [
          [
            [
              [-78.73020286032386, -3.7750103088328117],
              [-78.73020745944807, -3.7750199757189984],
              [-78.73021185276926, -3.7750297387251073],
              [-78.73021603829784, -3.7750395934189407],
              [-78.73022001413904, -3.7750495353449063],
              [-78.73022377849209, -3.7750595600024024],
              [-78.73022732965289, -3.775069662841508],
              [-78.73023066601353, -3.775079839303527],
              [-78.73036348719434, -3.7755001195385143],
              [-78.7303682893565, -3.7754969112339074],
              [-78.73034966526134, -3.7754333430923945],
              [-78.73031418641321, -3.775305815506316],
              [-78.73028849758703, -3.7752223222243892],
              [-78.73026770516893, -3.7751606549051435],
              [-78.73023785133742, -3.775067200560936],
              [-78.73020988461933, -3.775005615684011],
              [-78.73020286032386, -3.7750103088328117]
            ]
          ]
        ]
      }
    },
    {
      "type": "Feature",
      "properties": { "code": "131", "areaM2": 182.63, "surveyState": "COMPLETO" },
      "geometry": {
        "type": "MultiPolygon",
        "coordinates": [
          [
            [
              [-78.72988930918619, -3.774613988662455],
              [-78.72989327169599, -3.774619611004272],
              [-78.72989731236292, -3.7746251769353294],
              [-78.72990143039131, -3.774630685355532],
              [-78.72990562497, -3.7746361351786555],
              [-78.72990989527283, -3.774641525333522],
              [-78.72991424045877, -3.7746468547553813],
              [-78.72991865967212, -3.774652122402849],
              [-78.73013388316764, -3.774904969412939],
              [-78.73014531828622, -3.7749189036600446],
              [-78.73015624862857, -3.7749332408567384],
              [-78.73016666013555, -3.774947962563097],
              [-78.73017653941429, -3.7749630498392177],
              [-78.73018587375715, -3.77497848328028],
              [-78.73019465115726, -3.774994243038132],
              [-78.73020286032386, -3.7750103088328117],
              [-78.73020988461933, -3.775005615684011],
              [-78.73020678692934, -3.775000149310717],
              [-78.73019657160737, -3.7749729514973405],
              [-78.73016699395762, -3.774920063241479],
              [-78.73014006284272, -3.7748748359530993],
              [-78.7301032283796, -3.774829199415709],
              [-78.7300652571, -3.7747808813957895],
              [-78.73004552107925, -3.7747525105679207],
              [-78.73002694294352, -3.7747180200955492],
              [-78.72999618663904, -3.7746789054632908],
              [-78.72995859593563, -3.774630970828702],
              [-78.72992778046131, -3.774588307907581],
              [-78.72988930918619, -3.774613988662455]
            ]
          ]
        ]
      }
    },
    {
      "type": "Feature",
      "properties": { "code": "132", "areaM2": 812.03, "surveyState": "COMPLETO" },
      "geometry": {
        "type": "MultiPolygon",
        "coordinates": [
          [
            [
              [-78.72891044535186, -3.773617591443636],
              [-78.72891622066801, -3.7736173588950024],
              [-78.7289230559868, -3.773617160764999],
              [-78.72892991631731, -3.7736170341151736],
              [-78.72893680166897, -3.7736169753295945],
              [-78.72894371205112, -3.7736169807923776],
              [-78.72895064477352, -3.773617046880528],
              [-78.72895760164533, -3.7736171699828467],
              [-78.72896458088084, -3.77361734467078],
              [-78.72897158338468, -3.7736175691387235],
              [-78.72897860827337, -3.7736178370564746],
              [-78.72898565465404, -3.7736181457097446],
              [-78.72899272433826, -3.773618490583382],
              [-78.72899981553799, -3.7736188671527713],
              [-78.72900693006238, -3.773619271806731],
              [-78.72901406612341, -3.7736197000206517],
              [-78.72902122553262, -3.773620147279391],
              [-78.7290284082994, -3.773620609966998],
              [-78.7290356027391, -3.773621082628982],
              [-78.72904284035775, -3.7736215617320057],
              [-78.72930148976857, -3.773638725763105],
              [-78.72930870669107, -3.7736392048098053],
              [-78.72931592449943, -3.7736396892826773],
              [-78.72932310449546, -3.773640179984256],
              [-78.72933026106357, -3.77364068237614],
              [-78.72933739149228, -3.773641200971131],
              [-78.72934449666973, -3.773641740291497],
              [-78.72935157658888, -3.7736423030491513],
              [-78.72935862943353, -3.773642895567205],
              [-78.72936565519424, -3.773643521461605],
              [-78.729372653864, -3.773644183444252],
              [-78.72937962452878, -3.7736448869366543],
              [-78.7293865662793, -3.7736456355523567],
              [-78.72939347820629, -3.773646432904933],
              [-78.72940036029796, -3.773647283514252],
              [-78.72940721074515, -3.7736481909915094],
              [-78.72941402863856, -3.7736491589502505],
              [-78.72942081306887, -3.7736501910040237],
              [-78.72942756222456, -3.773651291668003],
              [-78.72943427610093, -3.773652462750157],
              [-78.72944095108662, -3.7736537087609148],
              [-78.72944758807213, -3.7736550333185384],
              [-78.7294541825486, -3.7736564400271857],
              [-78.72946073451126, -3.7736579306947586],
              [-78.72946724124874, -3.7736595098341126],
              [-78.72947370095649, -3.773661179248464],
              [-78.72948011092308, -3.7736629434506166],
              [-78.72948646844644, -3.773664803337485],
              [-78.72949277171503, -3.7736667634242362],
              [-78.72949901712455, -3.7736688255093833],
              [-78.72950520196825, -3.773670992297796],
              [-78.72951149436119, -3.773673328412957],
              [-78.72953275505121, -3.7736823103962034],
              [-78.72955335908792, -3.773692722709125],
              [-78.72957321124427, -3.7737045172175203],
              [-78.72959221976875, -3.7737176394178964],
              [-78.72961029680786, -3.7737320286658482],
              [-78.72962735881471, -3.773747618446533],
              [-78.72964332693218, -3.7737643367183686],
              [-78.72965812735954, -3.7737821062114145],
              [-78.72967169169318, -3.7738008447968068],
              [-78.72968395724136, -3.773820465864772],
              [-78.7296948673161, -3.773840878743321],
              [-78.72969777804637, -3.7738469511968886],
              [-78.72970050903324, -3.7738529318770144],
              [-78.72970314264978, -3.773858981908639],
              [-78.72970568069817, -3.7738651003924866],
              [-78.72970812498995, -3.773871282813414],
              [-78.72971047823184, -3.7738775264665714],
              [-78.7297127440329, -3.773883827745458],
              [-78.7297149232953, -3.7738901857484715],
              [-78.72971701962811, -3.77389659686913],
              [-78.7297190366356, -3.7739030593089167],
              [-78.72972097612228, -3.773909571264614],
              [-78.72972284169717, -3.7739161291297236],
              [-78.7297246369622, -3.7739227320096997],
              [-78.72972636462178, -3.77392937810369],
              [-78.72972802828258, -3.773936064709199],
              [-78.7297296315442, -3.773942791835628],
              [-78.7297311780133, -3.7739495567805026],
              [-78.72973267129183, -3.7739563586492846],
              [-78.7297341149841, -3.773963195643438],
              [-78.72973551269206, -3.7739700668684386],
              [-78.7297368680177, -3.773976971429732],
              [-78.7297381854652, -3.7739839075311767],
              [-78.72973946953643, -3.773990874280558],
              [-78.7297407229311, -3.773997871684985],
              [-78.72974195015343, -3.7740048979482665],
              [-78.72974315570292, -3.7740119530822316],
              [-78.7297443431839, -3.77401903528833],
              [-78.7297455170982, -3.774026143674398],
              [-78.72974668194536, -3.774033278252213],
              [-78.72974783955806, -3.7740404263708345],
              [-78.72974899975537, -3.774047618791414],
              [-78.7298076902871, -3.774411606952067],
              [-78.72981368498438, -3.774442476895532],
              [-78.72982163544836, -3.7744728978191247],
              [-78.72983150903715, -3.774502744821548],
              [-78.72984326521427, -3.774531895364871],
              [-78.72985685571342, -3.7745602297700707],
              [-78.72987222473708, -3.7745876317003337],
              [-78.72988930918619, -3.774613988662455],
              [-78.72992778046131, -3.774588307907581],
              [-78.72988883747452, -3.7745368035150504],
              [-78.72985990114083, -3.774494093090489],
              [-78.72984132689663, -3.774458454573001],
              [-78.72982736393199, -3.774407520089973],
              [-78.72982116101649, -3.774384595082946],
              [-78.72981828408828, -3.774379367037325],
              [-78.72979370446473, -3.774162318576016],
              [-78.72977946984133, -3.7740309686421782],
              [-78.72977049332715, -3.7739481402387143],
              [-78.72975160069078, -3.7738777915496793],
              [-78.72972387531986, -3.7738137277056225],
              [-78.72967292260027, -3.773728800517124],
              [-78.72961666383178, -3.7736664662364996],
              [-78.72955964171153, -3.7736343627706512],
              [-78.7295253951864, -3.773618964950731],
              [-78.72948200077514, -3.7736050744983953],
              [-78.72945991540797, -3.7736011900451594],
              [-78.72944070624935, -3.773600384865707],
              [-78.72923463160491, -3.773591754001534],
              [-78.72913225205806, -3.7735874655879287],
              [-78.72894951708086, -3.7735661759058425],
              [-78.72888860378262, -3.773550708151429],
              [-78.72888269410622, -3.773550353663025],
              [-78.72891044535186, -3.773617591443636]
            ]
          ]
        ]
      }
    },
    {
      "type": "Feature",
      "properties": { "code": "132a", "areaM2": 288.18, "surveyState": "COMPLETO" },
      "geometry": {
        "type": "MultiPolygon",
        "coordinates": [
          [
            [
              [-78.72842081213174, -3.773968823615451],
              [-78.7284336924007, -3.774000030330031],
              [-78.7285691260259, -3.7738306745527175],
              [-78.7285736564869, -3.7738250103271582],
              [-78.72857819054038, -3.773819348822919],
              [-78.72858270920854, -3.7738137207256237],
              [-78.72858722240437, -3.773808120637381],
              [-78.72859173552263, -3.7738025503802857],
              [-78.72859624945613, -3.7737970126686537],
              [-78.72860076959728, -3.7737915102285733],
              [-78.7286052977388, -3.7737860457766863],
              [-78.72860983657101, -3.773780622935956],
              [-78.72861439058875, -3.7737752435261673],
              [-78.7286189624823, -3.773769911170298],
              [-78.72862355404678, -3.7737646276810204],
              [-78.72862816887005, -3.773759397587642],
              [-78.72863280964945, -3.7737542218012434],
              [-78.72863747817308, -3.773749104846395],
              [-78.72864217803348, -3.7737440494444967],
              [-78.7286469101235, -3.7737390583098174],
              [-78.72865167893328, -3.7737341350700726],
              [-78.72865648445573, -3.7737292824371855],
              [-78.72866132938121, -3.7737245040341527],
              [-78.72866621550243, -3.7737198025776],
              [-78.7286711437076, -3.7737151825898],
              [-78.7286761175916, -3.77371064588812],
              [-78.7286811371427, -3.773706196992453],
              [-78.72868620325137, -3.7737018395210584],
              [-78.72869131771041, -3.773697576190581],
              [-78.728696481408, -3.7736934115232885],
              [-78.72870169523694, -3.7736893482334475],
              [-78.72870695828325, -3.773685391742549],
              [-78.7287122723397, -3.773681544767271],
              [-78.72871778705317, -3.773677706453932],
              [-78.72873262694966, -3.773668153330346],
              [-78.72874794072418, -3.7736593873002744],
              [-78.72876368704418, -3.773651432015464],
              [-78.72877982340931, -3.7736443089580485],
              [-78.72879630626629, -3.773638037355155],
              [-78.728813091127, -3.773632634118868],
              [-78.72883013268827, -3.7736281138502163],
              [-78.72883667617904, -3.7736266294922745],
              [-78.72884309148206, -3.7736252993792307],
              [-78.72884955239117, -3.7736240805755696],
              [-78.72885605711363, -3.773622970364662],
              [-78.72886260385667, -3.773621966029865],
              [-78.72886918902775, -3.7736210648497983],
              [-78.7288758108388, -3.773620262299888],
              [-78.72888246749237, -3.7736195574713984],
              [-78.72888915810266, -3.7736189449381294],
              [-78.72889587997466, -3.773618422885063],
              [-78.72890263222021, -3.7736179867899344],
              [-78.72890941214901, -3.7736176330297813],
              [-78.72891044535186, -3.773617591443636],
              [-78.72888269410622, -3.773550353663025],
              [-78.72883592956269, -3.7735475489305834],
              [-78.72875900169741, -3.7735794530721942],
              [-78.72859775356703, -3.773765015628744],
              [-78.72842081213174, -3.773968823615451]
            ]
          ]
        ]
      }
    },
    {
      "type": "Feature",
      "properties": { "code": "132b", "areaM2": 317.88, "surveyState": "COMPLETO" },
      "geometry": {
        "type": "MultiPolygon",
        "coordinates": [
          [
            [
              [-78.7278842036496, -3.7745009634908633],
              [-78.72788809357283, -3.7745087244400692],
              [-78.72795346325272, -3.774466378053567],
              [-78.7279595704221, -3.7744624210748987],
              [-78.72796568570934, -3.7744584568855903],
              [-78.72797180641713, -3.774454484574599],
              [-78.72797791632368, -3.7744505131391737],
              [-78.7279840424825, -3.7744465209547045],
              [-78.72799017317607, -3.774442515222344],
              [-78.72799630480708, -3.7744384950286247],
              [-78.72800243828252, -3.774434457664017],
              [-78.72800857180492, -3.7744304022198216],
              [-78.72801470357918, -3.7744263268833382],
              [-78.72802083361235, -3.774422228942657],
              [-78.72802696010461, -3.7744181083930552],
              [-78.72803308216079, -3.774413963424207],
              [-78.72803919888801, -3.774409791321829],
              [-78.72804530848883, -3.774405591177237],
              [-78.7280514100657, -3.774401362084083],
              [-78.72805750272573, -3.7743971013280646],
              [-78.72806358377163, -3.7743928079981397],
              [-78.72806965411029, -3.774388479384748],
              [-78.72807571104201, -3.7743841154807867],
              [-78.72808175277171, -3.7743797144736027],
              [-78.72808777930643, -3.774375273651242],
              [-78.72809378794882, -3.7743707921026592],
              [-78.7280997778013, -3.7743662689215216],
              [-78.7281057479687, -3.77436170229752],
              [-78.72811169575597, -3.774357090415604],
              [-78.72811762116784, -3.7743524314678423],
              [-78.72812352060706, -3.7743477245407817],
              [-78.72812939407594, -3.774342968730487],
              [-78.7281352397794, -3.7743381622242484],
              [-78.72814099459501, -3.774333354575537],
              [-78.72814830359705, -3.7743271354235928],
              [-78.72815554903761, -3.7743208416710954],
              [-78.72816273016169, -3.7743144739665206],
              [-78.72816984622119, -3.774308032982499],
              [-78.72817689647549, -3.774301519385224],
              [-78.7281838801901, -3.774294933847365],
              [-78.72819079663759, -3.7742882770651054],
              [-78.72819615394266, -3.7742830272294716],
              [-78.72820151958412, -3.774277686113418],
              [-78.72820683851754, -3.774272311427408],
              [-78.72821211073821, -3.7742669049794078],
              [-78.72821733804126, -3.7742614685820906],
              [-78.72822252221941, -3.774256004952116],
              [-78.72822766417259, -3.774250514091815],
              [-78.72823276479129, -3.7742449996194978],
              [-78.72823782497541, -3.774239461537491],
              [-78.72824284741995, -3.774233901660829],
              [-78.72824634925428, -3.7742299821392735],
              [-78.72824783302012, -3.774228321799853],
              [-78.72825278267113, -3.7742227237648573],
              [-78.72825769727052, -3.7742171084621816],
              [-78.72826258041323, -3.7742114777092333],
              [-78.72826743119461, -3.7742058333115844],
              [-78.72827225231204, -3.7742001761803086],
              [-78.72827704466071, -3.774194508125718],
              [-78.72828181003811, -3.7741888300565076],
              [-78.72828655023933, -3.774183143785349],
              [-78.7282912661619, -3.7741774502185774],
              [-78.72829595960094, -3.7741717511688826],
              [-78.72830063145402, -3.7741660475425833],
              [-78.7283052835162, -3.7741603411523816],
              [-78.728309917585, -3.7741546329069258],
              [-78.72831453546016, -3.7741489228109857],
              [-78.72831913713232, -3.774143214480445],
              [-78.72832372530118, -3.774137507922386],
              [-78.72832831169366, -3.7741317923197815],
              [-78.72833287373702, -3.7741260965408614],
              [-78.72833742676482, -3.774120407066116],
              [-78.7283419734815, -3.7741147220946605],
              [-78.7284336924007, -3.774000030330031],
              [-78.72842081213174, -3.773968823615451],
              [-78.72826611094537, -3.774147014041824],
              [-78.72813010748716, -3.77428386010288],
              [-78.72798957511608, -3.7744139875903944],
              [-78.7278842036496, -3.7745009634908633]
            ]
          ]
        ]
      }
    },
    {
      "type": "Feature",
      "properties": { "code": "133", "areaM2": 94.77, "surveyState": "COMPLETO" },
      "geometry": {
        "type": "MultiPolygon",
        "coordinates": [
          [
            [
              [-78.7304860434048, -3.7756435278903395],
              [-78.73050687895103, -3.775684441673695],
              [-78.73050447296758, -3.7756780604727744],
              [-78.73050198049181, -3.775671371690645],
              [-78.73049951144883, -3.775664669410195],
              [-78.73049706494339, -3.775657951821126],
              [-78.7304946391687, -3.7756512216306515],
              [-78.73049223412939, -3.7756444770308004],
              [-78.73048984891854, -3.77563772073116],
              [-78.73048748174104, -3.7756309509190418],
              [-78.73048513259218, -3.7756241694024335],
              [-78.7304827996745, -3.775617375272605],
              [-78.73048048298331, -3.775610570337525],
              [-78.73047818161871, -3.7756037545948353],
              [-78.73047589288096, -3.7755969280374595],
              [-78.73047361766764, -3.7755900915717318],
              [-78.73047135508116, -3.7755832442913153],
              [-78.73046910331706, -3.775576387999446],
              [-78.73046686147539, -3.775569522693764],
              [-78.73046462865628, -3.7755626483719107],
              [-78.73046240395979, -3.7755557650315277],
              [-78.7304601864837, -3.775548873574229],
              [-78.73045797532808, -3.775541973997674],
              [-78.73045576423353, -3.7755350509177075],
              [-78.7304535630074, -3.7755281396154103],
              [-78.73045136539969, -3.775521221090756],
              [-78.73044917050814, -3.7755142962453427],
              [-78.73044697653295, -3.775507365074455],
              [-78.73044478257418, -3.775500427575748],
              [-78.73044258862953, -3.7754934846531842],
              [-78.7304289884848, -3.775450449206695],
              [-78.73030443070697, -3.77505631665962],
              [-78.73029712924551, -3.775034697816771],
              [-78.7302889883123, -3.775013383657216],
              [-78.73028002046583, -3.774992407057072],
              [-78.73027023953932, -3.7749718003879456],
              [-78.73025966062096, -3.7749515954278148],
              [-78.73024830002906, -3.7749318233394256],
              [-78.73023617528857, -3.7749125146276006],
              [-78.7302456021687, -3.7749310990261553],
              [-78.73030007561721, -3.7750793423627345],
              [-78.7303443198286, -3.7752057448615006],
              [-78.73040096571228, -3.77539761925613],
              [-78.73043947166923, -3.775533192103251],
              [-78.7304860434048, -3.7756435278903395]
            ]
          ]
        ]
      }
    },
    {
      "type": "Feature",
      "properties": { "code": "136", "areaM2": 95.35, "surveyState": "COMPLETO" },
      "geometry": {
        "type": "MultiPolygon",
        "coordinates": [
          [
            [
              [-78.7272854826237, -3.774805874747748],
              [-78.72736714623215, -3.7747707361623304],
              [-78.72756062222683, -3.774644383620985],
              [-78.72779742366852, -3.7744850417633753],
              [-78.72787489092318, -3.774434348115651],
              [-78.72788026493393, -3.7744212897296925],
              [-78.72732415921999, -3.774781530784239],
              [-78.72731867263569, -3.77478507001997],
              [-78.72731317304422, -3.7747885888314205],
              [-78.72730766052084, -3.774792087159756],
              [-78.72730213514133, -3.774795564964224],
              [-78.7272965969814, -3.7747990221976098],
              [-78.7272910461166, -3.7748024588062283],
              [-78.7272854826237, -3.774805874747748]
            ]
          ]
        ]
      }
    },
    {
      "type": "Feature",
      "properties": { "code": "137", "areaM2": 21.26, "surveyState": "COMPLETO" },
      "geometry": {
        "type": "MultiPolygon",
        "coordinates": [
          [
            [
              [-78.72731245409602, -3.7748739123130943],
              [-78.72731457084038, -3.7748790407336674],
              [-78.72732199679079, -3.7748745491791342],
              [-78.72732940157721, -3.7748700225037264],
              [-78.72733678503485, -3.7748654608052976],
              [-78.72734414700011, -3.774860864188994],
              [-78.72735148730936, -3.7748562327621467],
              [-78.7273588057993, -3.7748515666213467],
              [-78.72736610230668, -3.7748468658675702],
              [-78.7273767337439, -3.774839978309778],
              [-78.72731245409602, -3.7748739123130943]
            ]
          ],
          [
            [
              [-78.72776278248507, -3.7745844051692847],
              [-78.72756827894634, -3.7747158978384894],
              [-78.72788809357283, -3.7745087244400692],
              [-78.7278842036496, -3.7745009634908633],
              [-78.72776278248507, -3.7745844051692847]
            ]
          ]
        ]
      }
    },
    {
      "type": "Feature",
      "properties": { "code": "138", "areaM2": 279.26, "surveyState": "COMPLETO" },
      "geometry": {
        "type": "MultiPolygon",
        "coordinates": [
          [
            [
              [-78.72619364924229, -3.7752325521521133],
              [-78.72620212503605, -3.7752565805331275],
              [-78.72624131455407, -3.7752474718853315],
              [-78.72630634133255, -3.775226955950024],
              [-78.72631758920066, -3.7752221482846524],
              [-78.7264438058427, -3.7751682074077086],
              [-78.72654341269451, -3.7751213335653655],
              [-78.72667518961539, -3.7750650650211144],
              [-78.72665979562433, -3.7750706591192085],
              [-78.72632352831214, -3.7751928649476905],
              [-78.72630690903704, -3.775198776985937],
              [-78.7262902121276, -3.7752044640174987],
              [-78.72627344060277, -3.775209924998758],
              [-78.72625659749491, -3.775215158957039],
              [-78.7262396858497, -3.7752201649391],
              [-78.72622270872476, -3.775224942036986],
              [-78.72620566918984, -3.7752294893918092],
              [-78.72620395377294, -3.7752299337005732],
              [-78.7262022377782, -3.7752303757571815],
              [-78.7262005212087, -3.7752308155535665],
              [-78.72619880406765, -3.77523125309189],
              [-78.72619708635749, -3.7752316883721586],
              [-78.7261953680814, -3.7752321213922246],
              [-78.72619364924229, -3.7752325521521133]
            ]
          ],
          [
            [
              [-78.72693157975287, -3.7750249803320686],
              [-78.72661756524035, -3.775168679934645],
              [-78.72695848319589, -3.775044783068807],
              [-78.7269951801697, -3.7750314462388332],
              [-78.7270425109141, -3.7750135004576664],
              [-78.72708933219648, -3.7749942532962515],
              [-78.72713560856496, -3.7749737193242945],
              [-78.72718130497897, -3.774951914103795],
              [-78.72722638683805, -3.7749288541351254],
              [-78.72727082000667, -3.774904556878643],
              [-78.72731457084038, -3.7748790407336674],
              [-78.72731245409602, -3.7748739123130943],
              [-78.72720326892038, -3.7749172193444607],
              [-78.72693157975287, -3.7750249803320686]
            ]
          ]
        ]
      }
    },
    {
      "type": "Feature",
      "properties": { "code": "140", "areaM2": 2115.19, "surveyState": "COMPLETO" },
      "geometry": {
        "type": "MultiPolygon",
        "coordinates": [
          [
            [
              [-78.72110051462093, -3.779245807006406],
              [-78.72110506822497, -3.779247161411714],
              [-78.72129535259164, -3.7789740539552663],
              [-78.72130859323451, -3.778954193030673],
              [-78.72132100978305, -3.778933802063749],
              [-78.7213325812393, -3.778912915519995],
              [-78.72134328803423, -3.7788915687349904],
              [-78.72135311206175, -3.778869797804667],
              [-78.72136203670794, -3.778847639542275],
              [-78.72137004688041, -3.778825131425875],
              [-78.72139088114464, -3.77876255780835],
              [-78.72131714226651, -3.7788878140069913],
              [-78.72122151977766, -3.779033938716638],
              [-78.72107163826855, -3.7792372154489264],
              [-78.72110051462093, -3.779245807006406]
            ]
          ],
          [
            [
              [-78.72157490569496, -3.778287677512883],
              [-78.72153641149079, -3.778362730159026],
              [-78.72154586459129, -3.778347505176794],
              [-78.72155585172739, -3.778332628209469],
              [-78.72156636021607, -3.778318118145616],
              [-78.7215773767114, -3.7783039934227256],
              [-78.7215888872232, -3.7782902719701053],
              [-78.72160087713318, -3.7782769712089284],
              [-78.72161333121491, -3.7782641080443518],
              [-78.72197625527606, -3.7779023885445953],
              [-78.7219814098625, -3.7778972494394596],
              [-78.72198656805556, -3.7778921076318213],
              [-78.72199172896477, -3.77788695950341],
              [-78.72199689078562, -3.7778818068574487],
              [-78.72200205352516, -3.777876646982004],
              [-78.72200721628117, -3.777871480778697],
              [-78.72201237905601, -3.7778663073435226],
              [-78.72201752651826, -3.77786113929186],
              [-78.722022683936, -3.777855949570842],
              [-78.72202783957746, -3.7778507508052965],
              [-78.72203299164755, -3.777845541182537],
              [-78.72203814014391, -3.7778403216065386],
              [-78.72204328327382, -3.777835089360649],
              [-78.72204842193482, -3.777829845351192],
              [-78.72205355433182, -3.7778245877655037],
              [-78.72205868046481, -3.777819316603585],
              [-78.72206379853637, -3.7778140309567267],
              [-78.72206890854649, -3.777808730824911],
              [-78.72207401049751, -3.777803415304168],
              [-78.72207910169443, -3.7777980825794657],
              [-78.72208418303485, -3.7777927335571264],
              [-78.72208925362118, -3.7777873673308116],
              [-78.72209431165834, -3.777781982087841],
              [-78.72209935714635, -3.777776577828231],
              [-78.72210439008518, -3.7777711545519477],
              [-78.72210940777748, -3.777765711347948],
              [-78.72211441112553, -3.777760247314598],
              [-78.7221193992318, -3.7777547615455718],
              [-78.72212436939654, -3.777749254033763],
              [-78.72212932342195, -3.777743723879942],
              [-78.72213423243566, -3.7777381999354076],
              [-78.72213700197825, -3.7777350642773055],
              [-78.72213976442809, -3.777731922318319],
              [-78.7221425197714, -3.777728774064507],
              [-78.72214526799361, -3.777725619535227],
              [-78.72214800908074, -3.777722458751996],
              [-78.72215074301855, -3.777719291725555],
              [-78.72215346979311, -3.7777161184745873],
              [-78.72215826927078, -3.77771049751564],
              [-78.72216306886395, -3.7777048322619917],
              [-78.72216784329753, -3.7776991524783963],
              [-78.72217259436894, -3.777693459073564],
              [-78.72217732297575, -3.777687752953813],
              [-78.72218202821571, -3.777682035020766],
              [-78.7221867118886, -3.7776763052791464],
              [-78.72219060750355, -3.7776715099846383],
              [-78.7221403653157, -3.777723366426261],
              [-78.72204661416772, -3.77782013095925],
              [-78.72199229007548, -3.777872294835119],
              [-78.72192440006415, -3.7779374845676865],
              [-78.72192201055715, -3.7779396496320574],
              [-78.72181413096223, -3.7780373857486786],
              [-78.72178120014512, -3.778067220714431],
              [-78.72165326660158, -3.778186471997829],
              [-78.72157490569496, -3.778287677512883]
            ]
          ],
          [
            [
              [-78.72225593949494, -3.7774788533970765],
              [-78.72225642235793, -3.777479002016643],
              [-78.72229131451242, -3.7774534687822205],
              [-78.72237954807862, -3.7773101944206178],
              [-78.72239838120399, -3.7772798920026864],
              [-78.72243095961429, -3.77722747376296],
              [-78.72224407290902, -3.777475210765833],
              [-78.72225593949494, -3.7774788533970765]
            ]
          ],
          [
            [
              [-78.72348641378987, -3.7765328228150556],
              [-78.72348395341976, -3.7765342120877996],
              [-78.72348874646283, -3.77653243481558],
              [-78.72349242332683, -3.7765293890363596],
              [-78.72348641378987, -3.7765328228150556]
            ]
          ],
          [
            [
              [-78.72237432253563, -3.7774239572280117],
              [-78.72234935174666, -3.77746437256801],
              [-78.7225100884798, -3.777251300275468],
              [-78.72251446456266, -3.7772455001134193],
              [-78.7225188343155, -3.7772397116863905],
              [-78.72252320043329, -3.777233936809413],
              [-78.72252758006842, -3.777228154736133],
              [-78.72253194792222, -3.777222404271044],
              [-78.72253631753097, -3.777216670986098],
              [-78.72254069068973, -3.777210956693996],
              [-78.722545069196, -3.777205262303458],
              [-78.72254945394725, -3.7771995887207908],
              [-78.72255384853608, -3.777193938667416],
              [-78.72255825296247, -3.7771883121433163],
              [-78.72256266991904, -3.777182711867527],
              [-78.72256710030335, -3.777177138746384],
              [-78.72257154591047, -3.777171594592554],
              [-78.72257600943777, -3.777166080317143],
              [-78.72258049178043, -3.7771605977304272],
              [-78.72258499383362, -3.7771551486427546],
              [-78.72258951829474, -3.7771497339651976],
              [-78.72259406515666, -3.7771443564096523],
              [-78.72259863801901, -3.7771390159856106],
              [-78.72260323597482, -3.777133715402615],
              [-78.72260786172144, -3.7771284555717406],
              [-78.72261251705159, -3.7771232392096556],
              [-78.72261720196528, -3.7771180663163406],
              [-78.7226219191528, -3.777112940514787],
              [-78.72262666861411, -3.7771078618050264],
              [-78.72263145213964, -3.7771028338076444],
              [-78.72263626972934, -3.777097856522675],
              [-78.72264112407586, -3.7770929326691203],
              [-78.72264601607442, -3.7770880640572893],
              [-78.72265101519189, -3.77708318397557],
              [-78.72266106885056, -3.7770736656058745],
              [-78.72267131259554, -3.7770643539853457],
              [-78.72268174221321, -3.777055252956444],
              [-78.72269235341508, -3.7770463662558345],
              [-78.72270314183645, -3.7770376975445763],
              [-78.72271410304036, -3.7770292503822787],
              [-78.72272523251826, -3.777021028243431],
              [-78.72273091073191, -3.777016966240704],
              [-78.7227365589753, -3.777013009020583],
              [-78.72274225389332, -3.777009098026144],
              [-78.72274799459078, -3.7770052314470615],
              [-78.72275377926553, -3.777001410182585],
              [-78.7227596061272, -3.7769976306120747],
              [-78.72276547427822, -3.7769938918292105],
              [-78.72277138282107, -3.7769901929276175],
              [-78.7227773281632, -3.7769865311859245],
              [-78.72278331120454, -3.7769829066065035],
              [-78.72278932925245, -3.776979316470316],
              [-78.7227953814117, -3.776975758967052],
              [-78.7228014658849, -3.776972233188022],
              [-78.7228075817792, -3.7769687364189246],
              [-78.72281372819704, -3.776965267753405],
              [-78.72281990244346, -3.776961825376433],
              [-78.72282610542541, -3.7769584065784625],
              [-78.7228323344432, -3.7769550113523556],
              [-78.72283858950863, -3.776951635178289],
              [-78.72284486791959, -3.776948278953114],
              [-78.72285116968791, -3.7769449381569555],
              [-78.72285749301378, -3.7769416127850963],
              [-78.72286383790426, -3.776938300125604],
              [-78.72287020166435, -3.776934998363432],
              [-78.7228765842988, -3.7769317056906373],
              [-78.72288298491475, -3.7769284193929384],
              [-78.72288940171711, -3.7769251376576407],
              [-78.72289581759128, -3.7769218667675863],
              [-78.72290227038731, -3.7769185860308188],
              [-78.72290873578666, -3.776915303519179],
              [-78.72291521199188, -3.7769120183239617],
              [-78.72340081460126, -3.776665711328812],
              [-78.72340730161739, -3.7766624207321997],
              [-78.72341379674909, -3.7766591238290137],
              [-78.72342029910119, -3.776655818808925],
              [-78.72342678975689, -3.7766525128539956],
              [-78.72343330025754, -3.7766491888716165],
              [-78.72343981439077, -3.776645852243005],
              [-78.72344633306352, -3.7766425002585984],
              [-78.72345285447601, -3.7766391329136795],
              [-78.72345937774013, -3.77663574568599],
              [-78.7234659019536, -3.7766323394771657],
              [-78.72347242622361, -3.77662891157289],
              [-78.72347894965493, -3.776625460162873],
              [-78.72348547135475, -3.7766219825328307],
              [-78.72349199042083, -3.7766184795843305],
              [-78.72349850506511, -3.776614946792817],
              [-78.72350501438771, -3.776611384155908],
              [-78.72351151839335, -3.776607789865655],
              [-78.72351801528926, -3.7766041612053955],
              [-78.72352450417793, -3.7766004972688063],
              [-78.72353098326661, -3.7765967953392034],
              [-78.7235374516554, -3.776593055414256],
              [-78.72354390845145, -3.776589274779663],
              [-78.72355035275721, -3.776585452529085],
              [-78.72355678278001, -3.776581585945859],
              [-78.72356319672467, -3.7765776732173224],
              [-78.72356959369132, -3.7765737143410907],
              [-78.72357597278715, -3.776569706602884],
              [-78.72358233221702, -3.776565648190023],
              [-78.72358867018352, -3.776561538193787],
              [-78.72359498579381, -3.7765573738999083],
              [-78.72360121143741, -3.776553200329546],
              [-78.7236204158474, -3.776539861911876],
              [-78.72363928403968, -3.7765260477881157],
              [-78.72365780433864, -3.776511766493669],
              [-78.7236759652844, -3.7764970268759033],
              [-78.72369375563969, -3.7764818380521845],
              [-78.72371116439585, -3.7764662094185066],
              [-78.72372818078095, -3.776450150649067],
              [-78.72373355158288, -3.7764449135567606],
              [-78.72373893071945, -3.7764395860883493],
              [-78.72374426225069, -3.7764342241434523],
              [-78.72374954796697, -3.7764288313426775],
              [-78.72375478876583, -3.776423408592394],
              [-78.72375998644237, -3.7764179577052492],
              [-78.72376514189413, -3.776412479587615],
              [-78.7237702560116, -3.7764069778577443],
              [-78.72377532969703, -3.77640145161402],
              [-78.7237803656407, -3.776395904479442],
              [-78.72378536474015, -3.7763903373603536],
              [-78.72379032879049, -3.77638475206943],
              [-78.72379525779169, -3.7763791486066896],
              [-78.72380015443407, -3.776373530595087],
              [-78.7238050187176, -3.7763678980346733],
              [-78.72380985423483, -3.7763622536467967],
              [-78.72381466098574, -3.7763565974314752],
              [-78.72381944076547, -3.7763509312013874],
              [-78.72382419446917, -3.7763452567668567],
              [-78.72382892389429, -3.7763395750365616],
              [-78.72383363173584, -3.7763338878255737],
              [-78.72383831709156, -3.7763281960355006],
              [-78.72384298355868, -3.776322500579766],
              [-78.72384763203243, -3.7763168032686933],
              [-78.72385226340796, -3.776311105912598],
              [-78.7238568794851, -3.7763054085162095],
              [-78.72386148205658, -3.7762997137961793],
              [-78.72386608195418, -3.7762940091252806],
              [-78.72387065840012, -3.776288325184196],
              [-78.72387522583281, -3.7762826466432173],
              [-78.7238797860521, -3.7762769735070782],
              [-78.72425075085364, -3.775815443904332],
              [-78.72425530474925, -3.7758097779784285],
              [-78.72425985412409, -3.775804120176403],
              [-78.72426440167551, -3.775798471409321],
              [-78.72426894740352, -3.775792831677187],
              [-78.72427350574655, -3.7757871856502905],
              [-78.72427558041564, -3.7757846210894592],
              [-78.72423233295926, -3.7758149001049044],
              [-78.72415173242378, -3.775876844053682],
              [-78.72409922632052, -3.775924541909005],
              [-78.72403333152931, -3.7759932519155184],
              [-78.72393583066105, -3.776129805645201],
              [-78.72390460710415, -3.776175526383837],
              [-78.72385169760356, -3.7762530011360287],
              [-78.72374970280033, -3.7763808168770097],
              [-78.72373894526271, -3.7763942976563523],
              [-78.72361483733931, -3.776507820240021],
              [-78.72349268594779, -3.776601256990916],
              [-78.7233525066451, -3.7766688150780774],
              [-78.72323812204816, -3.7767219700881407],
              [-78.7230597637632, -3.7768048549722515],
              [-78.72296507318414, -3.7768533511038567],
              [-78.72284232469094, -3.7769162180713876],
              [-78.7227799915764, -3.776949036629074],
              [-78.72275553719864, -3.7769619118345092],
              [-78.722701179867, -3.776988556402939],
              [-78.72263436274096, -3.777045784131977],
              [-78.7224699661276, -3.7772692218209083],
              [-78.72238441620716, -3.7774076272061814],
              [-78.72237432253563, -3.7774239572280117]
            ]
          ],
          [
            [
              [-78.7241905374857, -3.7757666035838477],
              [-78.7241655795412, -3.775797654764157],
              [-78.72428733189464, -3.7757122395775773],
              [-78.72438540573842, -3.7756299802872557],
              [-78.72444489026697, -3.7755540784817687],
              [-78.72451431282356, -3.7754497075279216],
              [-78.72448776586764, -3.775467969896364],
              [-78.72446175277915, -3.7754869917001272],
              [-78.7244362950814, -3.7755067571893655],
              [-78.72441141383763, -3.775527250015818],
              [-78.72438712963418, -3.7755484532200425],
              [-78.72436346256362, -3.7755703492615353],
              [-78.72434043220795, -3.7755929200259866],
              [-78.72433519439156, -3.775598237931287],
              [-78.72432995098023, -3.7756036308521654],
              [-78.7243247470915, -3.775609051900226],
              [-78.72431958183488, -3.775614497457231],
              [-78.72431445431047, -3.775619967520802],
              [-78.72430936272318, -3.77562546027828],
              [-78.72430430707772, -3.7756309739216873],
              [-78.72429928557428, -3.7756365084463264],
              [-78.72429429732001, -3.7756420611379],
              [-78.72428934141506, -3.775647631994027],
              [-78.72428441516436, -3.7756532191996826],
              [-78.72427951947259, -3.775658820949274],
              [-78.72427465254226, -3.775664436334113],
              [-78.7242698125736, -3.7756700653494546],
              [-78.72426499867373, -3.7756757052810324],
              [-78.72426020994513, -3.7756813552224755],
              [-78.72425544458801, -3.775687015169072],
              [-78.72425070170951, -3.775692682406539],
              [-78.72424598040973, -3.7756983569325104],
              [-78.72424127979113, -3.775704037840635],
              [-78.72423659716107, -3.7757097224119134],
              [-78.7242319325172, -3.775715411550304],
              [-78.72422728406679, -3.7757211025391753],
              [-78.72422265090991, -3.775726795376129],
              [-78.72421803124912, -3.7757324891524933],
              [-78.72421342418926, -3.7757381820579274],
              [-78.72420883966456, -3.7757438605588716],
              [-78.72420425240473, -3.775749552612275],
              [-78.72419967325338, -3.7757552410710025],
              [-78.72419510221285, -3.775760925031101],
              [-78.7241905374857, -3.7757666035838477]
            ]
          ],
          [
            [
              [-78.72487646254952, -3.7753322559614406],
              [-78.72484272761227, -3.7753416247528744],
              [-78.72482800167244, -3.7753457145327385],
              [-78.7247442208757, -3.775368981575762],
              [-78.72466316697947, -3.7754070367534878],
              [-78.72458440790322, -3.775478583180419],
              [-78.72455421644524, -3.7755164185604446],
              [-78.72461753545629, -3.7754770986162782],
              [-78.72468348940026, -3.775442423811442],
              [-78.7247517411414, -3.7754125713762177],
              [-78.72482194179976, -3.775387693919189],
              [-78.72489373253264, -3.7753679186016984],
              [-78.72496674636895, -3.7753533465090188],
              [-78.72504061008635, -3.77534405213607],
              [-78.72504765074302, -3.7753434459858672],
              [-78.7250546390736, -3.775342890321004],
              [-78.72506163898996, -3.7753423780775908],
              [-78.72506864959449, -3.775341908349273],
              [-78.72507567179186, -3.7753414793304545],
              [-78.72508270468451, -3.7753410901148294],
              [-78.72508974737957, -3.7753407379880994],
              [-78.72509680077934, -3.775340422048644],
              [-78.72510386398626, -3.775340141390137],
              [-78.72511093610278, -3.7753398951062285],
              [-78.7251180180382, -3.7753396795834075],
              [-78.7251251097902, -3.775339495725615],
              [-78.72513221046592, -3.7753393408186],
              [-78.72513931917018, -3.7753392130520216],
              [-78.72514643770276, -3.7753391124306246],
              [-78.7251535642733, -3.775339035333771],
              [-78.72516069977931, -3.7753389826678174],
              [-78.72516784423027, -3.7753389508168556],
              [-78.72517499672622, -3.775338939778521],
              [-78.72518215727425, -3.7753389468408947],
              [-78.72518932677663, -3.7753389711023537],
              [-78.72519650343585, -3.775339011654211],
              [-78.72520368995875, -3.7753390657916435],
              [-78.72521088364795, -3.775339132603567],
              [-78.72521808630559, -3.775339211190738],
              [-78.72522529704119, -3.775339297934902],
              [-78.72523249875428, -3.775339393695089],
              [-78.72523973014769, -3.775339495861086],
              [-78.72524696962849, -3.7753396025681676],
              [-78.72525421810128, -3.7753397120107515],
              [-78.72526147286636, -3.7753398241817435],
              [-78.72585612980139, -3.775349005114339],
              [-78.72585780068023, -3.775349029893651],
              [-78.72585947158777, -3.775349052660493],
              [-78.72586114252124, -3.775349073401458],
              [-78.72586281347819, -3.775349092127316],
              [-78.72586448445675, -3.77534910883375],
              [-78.72586615545373, -3.775349123514287],
              [-78.72586782646756, -3.77534913617968],
              [-78.72560984910383, -3.775318636193761],
              [-78.72542179431109, -3.7753013995370055],
              [-78.72521823190203, -3.7752960817610703],
              [-78.72505987733565, -3.7753028405790716],
              [-78.72487646254952, -3.7753322559614406]
            ]
          ],
          [
            [
              [-78.72599593953323, -3.7752660361437633],
              [-78.72603026331723, -3.7752641601349652],
              [-78.72603211289135, -3.775264059226964],
              [-78.72614613594683, -3.77526226326498],
              [-78.72614926415739, -3.7752622136257954],
              [-78.72620212503605, -3.7752565805331275],
              [-78.72619364924229, -3.7752325521521133],
              [-78.72617833406419, -3.7752362771616146],
              [-78.72616297541276, -3.7752398169500534],
              [-78.72614757550744, -3.7752431710016707],
              [-78.72613213657412, -3.7752463388330715],
              [-78.72611666084431, -3.7752493199932067],
              [-78.72610115055483, -3.775252114041816],
              [-78.72608560794757, -3.775254720581436],
              [-78.72608318351278, -3.77525511027756],
              [-78.7260807583356, -3.775255495279425],
              [-78.72607833242533, -3.7752558755938423],
              [-78.72607590579106, -3.775256251218644],
              [-78.7260734784422, -3.7752566221538557],
              [-78.72607105038706, -3.77525698839738],
              [-78.72606862163452, -3.7752573499448756],
              [-78.72606449578082, -3.775257954719854],
              [-78.72605472939382, -3.775259331381856],
              [-78.72604495296024, -3.775260634096469],
              [-78.72603516703482, -3.775261862800322],
              [-78.72602537217378, -3.7752630174194093],
              [-78.72601556893243, -3.7752640978948486],
              [-78.72600575786664, -3.7752651041526932],
              [-78.72599593953323, -3.7752660361437633]
            ]
          ]
        ]
      }
    },
    {
      "type": "Feature",
      "properties": { "code": "141", "areaM2": 7.05, "surveyState": "COMPLETO" },
      "geometry": {
        "type": "MultiPolygon",
        "coordinates": [
          [
            [
              [-78.72218875663367, -3.7775482720464773],
              [-78.72223293573268, -3.777503464226222],
              [-78.72225681227634, -3.7774792480212356],
              [-78.72225642235793, -3.777479002016643],
              [-78.72225593949494, -3.7774788533970765],
              [-78.72224407290902, -3.777475210765833],
              [-78.72223284191281, -3.777490098656198],
              [-78.72222845950381, -3.777495907838035],
              [-78.72222407800174, -3.777501714310272],
              [-78.72221969831591, -3.7775075144593906],
              [-78.72221532044395, -3.777513309189331],
              [-78.72221094168854, -3.7775190975890474],
              [-78.72220656205202, -3.777524878754572],
              [-78.7222021815344, -3.7775306526858854],
              [-78.72219781097695, -3.7775364031399086],
              [-78.72219342600921, -3.777542158075842],
              [-78.72218903836529, -3.777547903964884],
              [-78.72218875663367, -3.7775482720464773]
            ]
          ]
        ]
      }
    },
    {
      "type": "Feature",
      "properties": { "code": "143", "areaM2": 76.8, "surveyState": "COMPLETO" },
      "geometry": {
        "type": "MultiPolygon",
        "coordinates": [
          [
            [
              [-78.72142018977299, -3.778510061742454],
              [-78.7215200153062, -3.7782516531525854],
              [-78.72150133222206, -3.7782756582877144],
              [-78.72148392712404, -3.778300613946187],
              [-78.72146784784407, -3.778326451541769],
              [-78.72145313856916, -3.7783531000741184],
              [-78.72143983972302, -3.778380486310928],
              [-78.72142798785204, -3.778408534985899],
              [-78.72141761552733, -3.7784371690207936],
              [-78.72139528470302, -3.7785042378018416],
              [-78.72142018977299, -3.778510061742454]
            ]
          ]
        ]
      }
    },
    {
      "type": "Feature",
      "properties": { "code": "144", "areaM2": 23.23, "surveyState": "COMPLETO" },
      "geometry": {
        "type": "MultiPolygon",
        "coordinates": [
          [
            [
              [-78.72106875705143, -3.779163697286056],
              [-78.72107062705157, -3.7791647354599105],
              [-78.72107913319402, -3.7791488053759976],
              [-78.72106875705143, -3.779163697286056]
            ]
          ],
          [
            [
              [-78.72139528470302, -3.7785042378018416],
              [-78.72134887521513, -3.778643621959749],
              [-78.72142018977299, -3.778510061742454],
              [-78.72139528470302, -3.7785042378018416]
            ]
          ]
        ]
      }
    },
    {
      "type": "Feature",
      "properties": { "code": "144a", "areaM2": 5.71, "surveyState": "COMPLETO" },
      "geometry": {
        "type": "MultiPolygon",
        "coordinates": [
          [
            [
              [-78.72102622000442, -3.779224749245773],
              [-78.72103415748245, -3.7792263656814886],
              [-78.72103737024838, -3.779227020491089],
              [-78.72107062705157, -3.7791647354599105],
              [-78.72106875705143, -3.779163697286056],
              [-78.72102622000442, -3.779224749245773]
            ]
          ]
        ]
      }
    },
    {
      "type": "Feature",
      "properties": { "code": "145", "areaM2": 1134.72, "surveyState": "COMPLETO" },
      "geometry": {
        "type": "MultiPolygon",
        "coordinates": [
          [
            [
              [-78.71894869544937, -3.78142873835632],
              [-78.71898278338193, -3.781471318819584],
              [-78.71893281342722, -3.781394139234304],
              [-78.71894869544937, -3.78142873835632]
            ]
          ],
          [
            [
              [-78.71872067112753, -3.781296149726698],
              [-78.71872513330425, -3.7813025254958186],
              [-78.71880540884843, -3.781288082984155],
              [-78.71881319967055, -3.781275924270428],
              [-78.7188113456531, -3.7812776551289673],
              [-78.71880938526981, -3.781279263380408],
              [-78.71880732654078, -3.781280742441291],
              [-78.71880517788969, -3.7812820862707315],
              [-78.71880294810732, -3.781283289359607],
              [-78.71880064631684, -3.7812843467878565],
              [-78.71879828193617, -3.781285254232998],
              [-78.71879586463889, -3.7812860079816093],
              [-78.71879340431518, -3.781286604942392],
              [-78.718790651205, -3.781286633905437],
              [-78.71878789934172, -3.7812867220237973],
              [-78.7187851499846, -3.7812868692629062],
              [-78.7187824043927, -3.7812870755506225],
              [-78.71877966382303, -3.781287340795429],
              [-78.71877692952916, -3.781287664877822],
              [-78.71877420276275, -3.781288047638581],
              [-78.71876511637447, -3.781289423014886],
              [-78.71872067112753, -3.781296149726698]
            ]
          ],
          [
            [
              [-78.71882483419351, -3.781240983743729],
              [-78.7188151198149, -3.781272928136084],
              [-78.71885322452462, -3.7812134656877774],
              [-78.71892510001915, -3.7810432413339696],
              [-78.71901780913441, -3.7808730719249652],
              [-78.71911042439842, -3.780738779257271],
              [-78.71918594099265, -3.7806507467523556],
              [-78.71918250954111, -3.780653537315407],
              [-78.71917670793236, -3.780658314894133],
              [-78.71917092960524, -3.780663136829044],
              [-78.7191651772618, -3.780668002223296],
              [-78.7191594499927, -3.780672914690407],
              [-78.7191537513952, -3.7806778751438417],
              [-78.71914814009536, -3.7806828331155753],
              [-78.71910415932486, -3.780724477237412],
              [-78.71906280779726, -3.7807687561784302],
              [-78.7190242416475, -3.780815502748247],
              [-78.71898860649351, -3.7808645404481607],
              [-78.71895603688668, -3.780915684118561],
              [-78.71892665580322, -3.7809687406445116],
              [-78.71890057418074, -3.7810235097075062],
              [-78.71889758378657, -3.7810303901170874],
              [-78.7188946174746, -3.7810373528520222],
              [-78.71889170512135, -3.781044329288955],
              [-78.7188888440365, -3.781051315804854],
              [-78.71888603331782, -3.7810583133013487],
              [-78.7188832720701, -3.7810653199681132],
              [-78.71888055669851, -3.781072333987692],
              [-78.71887788630309, -3.781079355357732],
              [-78.71887525908645, -3.781086383169515],
              [-78.7188726732511, -3.7810934165143086],
              [-78.7188701279019, -3.7811004535818182],
              [-78.71886762033911, -3.781107494364901],
              [-78.7188651487653, -3.7811145379548456],
              [-78.71886271138305, -3.7811215834429297],
              [-78.71886112709822, -3.781126226604949],
              [-78.71886030639489, -3.781128629920455],
              [-78.7188579329033, -3.7811356764810635],
              [-78.71885558820854, -3.781142723117612],
              [-78.7188532714131, -3.7811497689237945],
              [-78.71885097981962, -3.781156812988485],
              [-78.71884871253056, -3.7811638544053547],
              [-78.71884646684622, -3.7811708931672836],
              [-78.7188442409715, -3.7811779274615676],
              [-78.71884203400417, -3.7811849581898156],
              [-78.71883984414673, -3.781191984443297],
              [-78.7188376687019, -3.781199005310933],
              [-78.7188355067721, -3.781206019886367],
              [-78.71883336200659, -3.7812130091957377],
              [-78.71883121989816, -3.7812200147836563],
              [-78.71882908500783, -3.781227013158799],
              [-78.71882695734031, -3.7812340025132087],
              [-78.71882483419351, -3.781240983743729]
            ]
          ],
          [
            [
              [-78.71914473797018, -3.78075907998793],
              [-78.71909188505701, -3.7808548859071776],
              [-78.71910601911335, -3.7808375162394063],
              [-78.7191205749893, -3.780820501726803],
              [-78.71913554384369, -3.780803852695246],
              [-78.71915091658508, -3.780787579265481],
              [-78.7191666838771, -3.780771691314064],
              [-78.71918283614278, -3.780756198494926],
              [-78.7191993635725, -3.780741110216563],
              [-78.71920464925375, -3.7807364397540657],
              [-78.7192099203191, -3.7807318524188025],
              [-78.71921523089978, -3.780727295922922],
              [-78.71922058099344, -3.780722771170391],
              [-78.71922596790509, -3.7807182763461524],
              [-78.71923139073958, -3.7807138096398893],
              [-78.71923684949691, -3.7807093710516035],
              [-78.71924234057978, -3.7807049596678124],
              [-78.71924786489525, -3.780700572779],
              [-78.71925342064111, -3.7806962112843867],
              [-78.71925900602464, -3.780691872467282],
              [-78.71926462104824, -3.780687555423752],
              [-78.71927026301454, -3.7806832592427053],
              [-78.71927593192589, -3.7806789830201373],
              [-78.71928162688714, -3.7806747249457366],
              [-78.71928734610083, -3.780670484110819],
              [-78.71929308777189, -3.7806662587026674],
              [-78.71929885280495, -3.7806620469157317],
              [-78.71930463849792, -3.78065784964684],
              [-78.71931044486027, -3.7806536632801215],
              [-78.71931627009455, -3.7806494869068548],
              [-78.71932211420314, -3.780645319623072],
              [-78.71932797449104, -3.780641159613714],
              [-78.71933385095824, -3.780637006878761],
              [-78.71933974271431, -3.780632857799981],
              [-78.71934564795944, -3.780628712372613],
              [-78.71935155047171, -3.7806245795936437],
              [-78.71935748541593, -3.7806204333404927],
              [-78.71936343025902, -3.7806162871133773],
              [-78.71936938591038, -3.7806121372987946],
              [-78.71937534876803, -3.7806079847912044],
              [-78.72066280646924, -3.779711450410705],
              [-78.72066877833527, -3.779707290678569],
              [-78.72067475831689, -3.7797031246399304],
              [-78.72068074372386, -3.7796989486717445],
              [-78.72068671832724, -3.7796947744829614],
              [-78.7206927082856, -3.7796905786391153],
              [-78.72069870187657, -3.7796863701490824],
              [-78.72070469730745, -3.779682146296198],
              [-78.72071069278316, -3.7796779052677905],
              [-78.72071668740612, -3.7796736461574882],
              [-78.72072268118109, -3.7796693671573847],
              [-78.72072867141306, -3.779665066452405],
              [-78.7207346581044, -3.779660743138565],
              [-78.72074063856249, -3.779656394496857],
              [-78.72074661278967, -3.77965201962329],
              [-78.72075257988841, -3.779647617611528],
              [-78.72075853716608, -3.7796431857425423],
              [-78.7207644846274, -3.7796387222083925],
              [-78.72077042047256, -3.779634227004338],
              [-78.72077634290649, -3.779629698317694],
              [-78.72078225103635, -3.7796251334341617],
              [-78.72078814306471, -3.779620531445029],
              [-78.72079401809401, -3.7796158914439544],
              [-78.72079987523144, -3.7796112107166544],
              [-78.72080571087737, -3.779606489253645],
              [-78.72081152593881, -3.7796017243453877],
              [-78.72081731771604, -3.7795969159847664],
              [-78.72082308441632, -3.779592061455097],
              [-78.72082882424458, -3.7795871589437273],
              [-78.72083453629854, -3.77958220935224],
              [-78.72084021878787, -3.7795772090600157],
              [-78.72084581037981, -3.7795722112401062],
              [-78.72085613641755, -3.779562768022524],
              [-78.72086632145624, -3.779553171538128],
              [-78.7208763632416, -3.7795434238989207],
              [-78.72088625955054, -3.7795335272736947],
              [-78.72089600819288, -3.7795234838507294],
              [-78.72090560701086, -3.7795132958464057],
              [-78.72091505387976, -3.7795029655230943],
              [-78.720920053988, -3.7794973713260753],
              [-78.72092505703432, -3.7794916858349863],
              [-78.72093001066382, -3.779485970382353],
              [-78.7209349166739, -3.779480225876857],
              [-78.72093977505752, -3.7794744550304284],
              [-78.72094458851198, -3.779468658754167],
              [-78.72094935703024, -3.779462839759983],
              [-78.72095408421191, -3.77945699805735],
              [-78.72095876914999, -3.779451136355837],
              [-78.72096341544409, -3.779445254664898],
              [-78.72096802218486, -3.779439356598079],
              [-78.72097259297193, -3.7794334421648466],
              [-78.7209771287005, -3.779427513175514],
              [-78.72098163026568, -3.779421571440427],
              [-78.72098609946737, -3.7794156169642963],
              [-78.7209905380982, -3.7794096524637895],
              [-78.72099494705579, -3.779403678845252],
              [-78.72099932903745, -3.7793976970197676],
              [-78.72100368493837, -3.7793917087976645],
              [-78.7210080156561, -3.779385715085269],
              [-78.72101232388796, -3.7793797167936805],
              [-78.72101661052919, -3.7793737157331964],
              [-78.72102087737717, -3.7793677128125607],
              [-78.72102512622938, -3.7793617089404563],
              [-78.72102935798101, -3.7793557059272094],
              [-78.72103357442948, -3.7793497046815507],
              [-78.72103777737463, -3.7793437052081917],
              [-78.72104197763886, -3.7793376984959],
              [-78.72104615535117, -3.7793317125156145],
              [-78.72105032404785, -3.77932573283937],
              [-78.72105448642861, -3.7793197594742605],
              [-78.72110506822497, -3.779247161411714],
              [-78.72110051462093, -3.779245807006406],
              [-78.72099578084811, -3.779368691679396],
              [-78.72099323079134, -3.77937168345396],
              [-78.72084720648562, -3.779523495043448],
              [-78.72081901482883, -3.779545965949725],
              [-78.72058804106227, -3.779730064214343],
              [-78.72028772437744, -3.7799418356123784],
              [-78.72014315212456, -3.7800437819705284],
              [-78.71998776190803, -3.780157140493322],
              [-78.7197616564723, -3.7803043562520573],
              [-78.71958704137407, -3.7804287466991173],
              [-78.7193924821552, -3.7805315580746166],
              [-78.7192235467038, -3.780668879388145],
              [-78.71914473797018, -3.78075907998793]
            ]
          ],
          [
            [
              [-78.72098692036468, -3.7792811524370826],
              [-78.720984479665, -3.779284654343366],
              [-78.72103415748245, -3.7792263656814886],
              [-78.72102622000442, -3.779224749245773],
              [-78.7209910818383, -3.7792751817819448],
              [-78.72098692036468, -3.7792811524370826]
            ]
          ]
        ]
      }
    },
    {
      "type": "Feature",
      "properties": { "code": "148", "areaM2": 225.49, "surveyState": "INCOMPLETO" },
      "geometry": {
        "type": "MultiPolygon",
        "coordinates": [
          [
            [
              [-78.71872513330425, -3.7813025254958186],
              [-78.71872067112753, -3.781296149726698],
              [-78.71866912458005, -3.7813039515058233],
              [-78.71866124417586, -3.781305005535011],
              [-78.71865333236397, -3.7813057868742606],
              [-78.71864539849324, -3.7813062946026172],
              [-78.71863745193835, -3.7813065281176157],
              [-78.71862950208869, -3.7813064871509265],
              [-78.71862155833738, -3.7813061717424654],
              [-78.71861363007076, -3.781305582263835],
              [-78.71851451438724, -3.7812964888249234],
              [-78.71851386021308, -3.781303690884425],
              [-78.71850813034418, -3.781366706403326],
              [-78.71850747526963, -3.781373908460373],
              [-78.71860659096092, -3.7813830019053802],
              [-78.71861630266967, -3.781383737953833],
              [-78.71862603266091, -3.781384165857265],
              [-78.71863577124805, -3.7813842851859794],
              [-78.71864550873512, -3.7813840958261804],
              [-78.71865523542827, -3.7813835979678063],
              [-78.71866494164279, -3.7813827921045338],
              [-78.71867461771616, -3.7813816790345514],
              [-78.71867548115804, -3.781381564545497],
              [-78.7186763442751, -3.78138144760591],
              [-78.71867720705954, -3.781381328221411],
              [-78.71867806950576, -3.7813812063897942],
              [-78.71867893160648, -3.781381082119666],
              [-78.71867979335448, -3.7813809554045696],
              [-78.71868065474307, -3.7813808262461417],
              [-78.71877042660803, -3.7813672386551533],
              [-78.71872513330425, -3.7813025254958186]
            ]
          ]
        ]
      }
    }
  ]
}
