{
  "type": "FeatureCollection",
  "features": [
    {
      "type": "Feature",
      "properties": { "label": "VÍA PUENTE DEL AMOR -  MUTINTZA" },
      "geometry": {
        "type": "MultiLineString",
        "coordinates": [
          [
            [-78.74334806553196, -3.819267863381032],
            [-78.74329760809772, -3.819238251197969],
            [-78.74329134135488, -3.819234573511388],
            [-78.74328507370743, -3.8192308976304026],
            [-78.74327880425068, -3.81922722536059],
            [-78.74327253118236, -3.8192235576012026],
            [-78.74326625539533, -3.8192198970665485],
            [-78.74325997418974, -3.8192162437495263],
            [-78.7432536875561, -3.8192126012660808],
            [-78.74324739459449, -3.81920896961381],
            [-78.74324109349789, -3.8192053514999476],
            [-78.74323478426393, -3.819201747828462],
            [-78.7432284659856, -3.819198161308943],
            [-78.74322213776288, -3.819194591939006],
            [-78.74321579778646, -3.8191910433298655],
            [-78.74320944605394, -3.8191875163854903],
            [-78.74320308166303, -3.8191840120074905],
            [-78.74319670370666, -3.819180532905456],
            [-78.74319031128252, -3.819177079980981],
            [-78.74318390438354, -3.8191736559460328],
            [-78.74317748120504, -3.8191702626038473],
            [-78.74317104084473, -3.8191669008559996],
            [-78.74316458329785, -3.819163572510489],
            [-78.74315810855973, -3.8191602793752795],
            [-78.74315161482333, -3.8191570241575605],
            [-78.74314510118634, -3.819153807758955],
            [-78.74313856854397, -3.8191506319898045],
            [-78.7431320141893, -3.8191474995549513],
            [-78.74312543991985, -3.8191444113631103],
            [-78.74311884392861, -3.819141370121497],
            [-78.74311222621326, -3.819138376734097],
            [-78.74310558676666, -3.819135433912856],
            [-78.74309892378658, -3.8191325425570115],
            [-78.74309331456685, -3.8191301578745267],
            [-78.7430876894082, -3.8191278113738063],
            [-78.74308204856804, -3.8191255031655795],
            [-78.74307639230524, -3.819123233364728],
            [-78.7430707208789, -3.819121002066765],
            [-78.74306503454804, -3.8191188093780153],
            [-78.74305933357391, -3.8191166553887967],
            [-78.74305252201836, -3.8191141397011727],
            [-78.74304569142674, -3.8191116763947854],
            [-78.74303884179903, -3.81910926546965],
            [-78.7430319749399, -3.8191069051225095],
            [-78.74302509175637, -3.8191045926438227],
            [-78.7430181940507, -3.8191023271343174],
            [-78.74301128092772, -3.8191001067836714],
            [-78.74300435419201, -3.8190979297886445],
            [-78.74299741474593, -3.819095795247644],
            [-78.74299046349886, -3.8190936995470772],
            [-78.74298350045079, -3.819091642686978],
            [-78.74297652740876, -3.819089621960107],
            [-78.74296954347751, -3.819087635556125],
            [-78.7429625513593, -3.819085682578186],
            [-78.74295555016124, -3.819083760311948],
            [-78.74294854168562, -3.8190818678581753],
            [-78.74294152503956, -3.8190800025025267],
            [-78.74293450292767, -3.8190781624441916],
            [-78.74292747355236, -3.8190763467743865],
            [-78.74292043872067, -3.819074552785945],
            [-78.74291339933491, -3.8190727795772377],
            [-78.74290635540218, -3.8190710244363175],
            [-78.74289930692719, -3.819069285555199],
            [-78.74289225481226, -3.81906756203229],
            [-78.74288519996445, -3.8190658511580167],
            [-78.74287814238845, -3.8190641511243766],
            [-78.74287108208902, -3.8190624601234213],
            [-78.7428640199685, -3.8190607772535397],
            [-78.74285695783384, -3.8190590998075313],
            [-78.74284989389223, -3.819057425068683],
            [-78.74284282904364, -3.8190557530393687],
            [-78.74279729832118, -3.819044977633422],
            [-78.74279023437299, -3.819043305606167],
            [-78.74278317042722, -3.819041632674904],
            [-78.74277610648625, -3.819039957935599],
            [-78.74276904345238, -3.819038280486693],
            [-78.74276198132797, -3.8190365994241717],
            [-78.7427549201154, -3.8190349138440656],
            [-78.74274786071933, -3.819033221940768],
            [-78.74274080223984, -3.8190315237119217],
            [-78.74273374647682, -3.8190298191622567],
            [-78.74272669163743, -3.8190281055750783],
            [-78.74271963952161, -3.819026382955133],
            [-78.74271259013409, -3.8190246494944557],
            [-78.74270554257252, -3.819022906094655],
            [-78.74269849864392, -3.819021150048531],
            [-78.74269145744834, -3.819019381353692],
            [-78.74268442079041, -3.819017598206939],
            [-78.74267738686788, -3.819015801507507],
            [-78.74267035658775, -3.8190139885458017],
            [-78.74266333174997, -3.8190121593265736],
            [-78.74265631055933, -3.819010312037108],
            [-78.7426492939158, -3.819008446679799],
            [-78.74264228272169, -3.819006562353017],
            [-78.74263527787934, -3.8190046581551558],
            [-78.74262827759355, -3.8190027322734847],
            [-78.74262128366423, -3.819000784712787],
            [-78.74261429609376, -3.8189988145690426],
            [-78.74260731488687, -3.81899682003429],
            [-78.74260034094347, -3.8189948011109194],
            [-78.74259337426597, -3.818992756894948],
            [-78.74258641575668, -3.8189906864847503],
            [-78.742579464518, -3.81898858897397],
            [-78.742573018259, -3.8189866158974617],
            [-78.74256657939964, -3.8189846185854206],
            [-78.74256014802974, -3.81898259707207],
            [-78.7425537242402, -3.818980551389939],
            [-78.74254730812103, -3.818978481569443],
            [-78.74254089976121, -3.818976387625937],
            [-78.74253449925143, -3.818974269598641],
            [-78.74252761425835, -3.818971962536513],
            [-78.74252073923812, -3.8189696274769473],
            [-78.74251387238375, -3.818967267127162],
            [-78.74250701369756, -3.818964880583155],
            [-78.74250016407248, -3.8189624705592506],
            [-78.74249332260614, -3.8189600379570905],
            [-78.74248648930093, -3.8189575818726627],
            [-78.7424796632498, -3.8189551050155544],
            [-78.74247284445275, -3.818952607385767],
            [-78.7424660329074, -3.8189500898872693],
            [-78.74245922860904, -3.818947554328075],
            [-78.74245243065772, -3.818945000705761],
            [-78.7424456390487, -3.818942430828311],
            [-78.74243885378435, -3.8189398437917585],
            [-78.74243207395763, -3.8189372423056622],
            [-78.7424252986662, -3.818934627271647],
            [-78.74241852971235, -3.8189319977904783],
            [-78.74241176528909, -3.818929356569342],
            [-78.74240500449643, -3.8189267036058787],
            [-78.7423982491296, -3.8189240407128184],
            [-78.74239149648868, -3.8189213678830085],
            [-78.7423847474713, -3.818918686022821],
            [-78.74237800207509, -3.8189159960362398],
            [-78.74237125939771, -3.8189132988248913],
            [-78.7423645185345, -3.8189105961943475],
            [-78.74235778038778, -3.8189078872430193],
            [-78.7423510440505, -3.818905174680461],
            [-78.74234430862268, -3.8189024585043208],
            [-78.74233757410198, -3.8188997396185598],
            [-78.74233084138599, -3.8188970189295532],
            [-78.74232410777249, -3.81889429733418],
            [-78.74228616759815, -3.818878960507142],
            [-78.74227943488742, -3.8188762380099734],
            [-78.74227270489553, -3.818873508288006],
            [-78.74226598124122, -3.818870764118888],
            [-78.74225926574096, -3.8188679991794743],
            [-78.74225256201346, -3.818865206247381],
            [-78.74224587187756, -3.8188623780954822],
            [-78.74223920074954, -3.818859508410141],
            [-78.74223254955062, -3.8188565890578903],
            [-78.74222592369237, -3.8188536155330093],
            [-78.74221932499833, -3.8188505788004568],
            [-78.74221275888245, -3.818847473450528],
            [-78.74220622806111, -3.8188442931624884],
            [-78.74219973795296, -3.818841030718705],
            [-78.74219329217203, -3.8188376807047604],
            [-78.74218689523465, -3.8188342368046326],
            [-78.7421805525571, -3.818830692704688],
            [-78.74217426955093, -3.818827043899261],
            [-78.74216805253475, -3.8188232831730735],
            [-78.74216190602019, -3.8188194060180893],
            [-78.74215583721866, -3.818815407933399],
            [-78.74214985244176, -3.818811284415664],
            [-78.74214395890327, -3.8188070300599986],
            [-78.74213816381231, -3.818802641269466],
            [-78.74213247527797, -3.8187981144494842],
            [-78.74212690050932, -3.8187934460031183],
            [-78.74212144941066, -3.818788634148502],
            [-78.74211612919106, -3.818783675288699],
            [-78.74211094975243, -3.8187785685458393],
            [-78.74210592099901, -3.818773312138075],
            [-78.7421010519304, -3.8187679060891484],
            [-78.74209635424602, -3.8187623504299184],
            [-78.74209439057176, -3.8187599176753824],
            [-78.74209246064869, -3.81875745781281],
            [-78.74209056484689, -3.818754971323399],
            [-78.74208870353124, -3.818752458684398],
            [-78.74208687705935, -3.818749920379531],
            [-78.74208508578127, -3.8187473568990065],
            [-78.74208333004113, -3.8187447687215266],
            [-78.7420816102562, -3.8187421562769126],
            [-78.74207992667822, -3.8187395201371612],
            [-78.74207827963015, -3.818736860812445],
            [-78.7420766694293, -3.818734178822987],
            [-78.74207509638437, -3.818731474678251],
            [-78.74207356079731, -3.818728748898488],
            [-78.74207206296322, -3.8187260019969798],
            [-78.74206918160745, -3.81872044709071],
            [-78.74206645461564, -3.8187148141044873],
            [-78.7420638840822, -3.8187091073720922],
            [-78.74206147198231, -3.8187033312803873],
            [-78.74205922016895, -3.818697490261206],
            [-78.7420571303711, -3.8186915887999713],
            [-78.74205520419432, -3.8186856314293283],
            [-78.74205472372934, -3.8186840518454983],
            [-78.74205425476973, -3.8186824687770056],
            [-78.74205379734073, -3.818680882303396],
            [-78.74205335146709, -3.818679292517407],
            [-78.74205291717274, -3.8186776995010088],
            [-78.74205249448022, -3.818676103342621],
            [-78.74205208341259, -3.818674504118181],
            [-78.74205168404733, -3.8186729019064747],
            [-78.74205129635038, -3.818671296801186],
            [-78.74205092034158, -3.818669688894705],
            [-78.74205055604217, -3.818668078271111],
            [-78.74205020347146, -3.8186664650209767],
            [-78.74204986264749, -3.8186648492241297],
            [-78.74204953358885, -3.818663230962686],
            [-78.7420482203859, -3.8186560615685803],
            [-78.74204713137384, -3.8186488538942545],
            [-78.74204625842945, -3.818641616958199],
            [-78.7420455970364, -3.8186343570763857],
            [-78.74204513817617, -3.8186270814569845],
            [-78.7420448746326, -3.818619796408896],
            [-78.74204480099174, -3.818612507341735],
            [-78.74204490824455, -3.8186052178477414],
            [-78.74204518917722, -3.818597933331799],
            [-78.74204563568303, -3.8185906564845062],
            [-78.74204624145047, -3.8185833918091374],
            [-78.7420469965729, -3.8185761419915774],
            [-78.74204789474828, -3.818568907919156],
            [-78.74204892697227, -3.8185616913760967],
            [-78.74205008693812, -3.8185544950577617],
            [-78.74205136564625, -3.818547318940396],
            [-78.74205275499466, -3.818540163906614],
            [-78.74205424868369, -3.8185330299398004],
            [-78.74205583861368, -3.818525917018587],
            [-78.7420575166874, -3.8185188242176276],
            [-78.7420592748076, -3.8185117506115533],
            [-78.74206110667222, -3.8185046970877683],
            [-78.74206300419111, -3.818497660008959],
            [-78.7420649601646, -3.8184906393561175],
            [-78.74206696649779, -3.818483633299931],
            [-78.74206901689571, -3.8184766400158017],
            [-78.7420711032635, -3.818469657674399],
            [-78.74207321840622, -3.8184626844487704],
            [-78.74207535513364, -3.8184557167039777],
            [-78.74207750624613, -3.8184487544210466],
            [-78.74207966545345, -3.8184417939674167],
            [-78.74214087729403, -3.8182445320771086],
            [-78.74217322897806, -3.8181402752242923],
            [-78.74220472387056, -3.8180387777963363],
            [-78.74223722074514, -3.8179340521434355],
            [-78.7422690405322, -3.817831507835701],
            [-78.74230149199487, -3.8177269294013505],
            [-78.74233326455423, -3.817624538635587],
            [-78.74236554354593, -3.817520514784546],
            [-78.74239782342313, -3.817416490929796],
            [-78.74239998261851, -3.8174095313761116],
            [-78.74240213911865, -3.817402570007316],
            [-78.74240428932376, -3.8173956068139208],
            [-78.74240643053399, -3.8173886417888063],
            [-78.74240856005653, -3.817381672212889],
            [-78.74241067429155, -3.817374698076696],
            [-78.7424127696416, -3.8173677184667576],
            [-78.74241484520911, -3.817360732476679],
            [-78.74241689559668, -3.8173537391882824],
            [-78.74241891900678, -3.8173467376928185],
            [-78.7424209127395, -3.817339727983174],
            [-78.74242287229747, -3.817332709143516],
            [-78.74242479678544, -3.8173256793634778],
            [-78.74242668080132, -3.81731863953282],
            [-78.7424285225499, -3.8173115878388546],
            [-78.74243031843139, -3.8173045242720365],
            [-78.74243206574826, -3.8172974479213213],
            [-78.74243376089834, -3.817290359681182],
            [-78.74243540028652, -3.81728325773415],
            [-78.74243698211053, -3.8172761429794617],
            [-78.74243850277293, -3.8172690145036783],
            [-78.74243995777391, -3.817261872294909],
            [-78.7424413453112, -3.8172547172524047],
            [-78.74244266268968, -3.817247547561068],
            [-78.74244390450488, -3.8172403650146505],
            [-78.7424450689569, -3.8172331696084054],
            [-78.74244615334585, -3.8172259613351986],
            [-78.74244715227202, -3.817218740180833],
            [-78.74244806483074, -3.817211507950869],
            [-78.7424488865222, -3.8172042646334607],
            [-78.74244961464419, -3.817197011125476],
            [-78.74245041338163, -3.8171876078210043],
            [-78.74245104911759, -3.8171781919891496],
            [-78.74245152165945, -3.8171687664636713],
            [-78.74245183086417, -3.8171593341085637],
            [-78.74245197663846, -3.817149897781487],
            [-78.74245195893772, -3.8171404603294548],
            [-78.74245177776758, -3.8171310246197327],
            [-78.74245152681526, -3.817123738698979],
            [-78.74245118135809, -3.817116456145051],
            [-78.74245074408888, -3.817109179677033],
            [-78.74245021950978, -3.817101908402802],
            [-78.7424496103159, -3.8170946441374296],
            [-78.74244891920716, -3.8170873868880473],
            [-78.74244815068094, -3.817080137570505],
            [-78.7424473065348, -3.817072897093529],
            [-78.74244639036857, -3.817065665466608],
            [-78.74244540578206, -3.817058442699219],
            [-78.74244435547517, -3.8170512287985114],
            [-78.74244324304533, -3.817044024677926],
            [-78.7424420720924, -3.817036830346986],
            [-78.74244084441861, -3.817029644906421],
            [-78.7424395645214, -3.8170224692721084],
            [-78.74243823510302, -3.8170153025471514],
            [-78.74243685976563, -3.8170081438370738],
            [-78.74243544030443, -3.817000994954585],
            [-78.74243398122627, -3.8169938531996017],
            [-78.74243248522868, -3.816986719483221],
            [-78.74243095501387, -3.8169795929085626],
            [-78.74242939508161, -3.8169724734875077],
            [-78.74242780633425, -3.81696536031844],
            [-78.74242619327391, -3.8169582525092447],
            [-78.74242455860282, -3.8169511491630215],
            [-78.74242290592079, -3.81694405028931],
            [-78.74242123792773, -3.8169369558951747],
            [-78.74241955823051, -3.8169298632781956],
            [-78.74241786862669, -3.8169227733470787],
            [-78.74241617271845, -3.8169156852073494],
            [-78.74241447411035, -3.8169085970605],
            [-78.74240106323596, -3.81685265803528],
            [-78.74238941150989, -3.816804058626399],
            [-78.74235749479959, -3.816670929702346],
            [-78.74234474894726, -3.81661776497192],
            [-78.74234305033896, -3.8166106768255808],
            [-78.74234135443052, -3.81660358868637],
            [-78.74233966302658, -3.816596498751085],
            [-78.74233798062454, -3.8165894079355334],
            [-78.74233630813147, -3.8165823135301427],
            [-78.74233464824482, -3.816575216446044],
            [-78.74233300456683, -3.8165681157887086],
            [-78.74233137979968, -3.8165610106612893],
            [-78.7423297757433, -3.8165539010685143],
            [-78.74232819510229, -3.8165467852095314],
            [-78.74232664057413, -3.816539663995461],
            [-78.742325115761, -3.8165325365318026],
            [-78.74232362156287, -3.8165254028209],
            [-78.74232216248424, -3.8165182610666832],
            [-78.74232074032265, -3.816511112177857],
            [-78.74231935777796, -3.8165039561615597],
            [-78.74231801755475, -3.816496791216904],
            [-78.74231672325286, -3.816489617353414],
            [-78.7423154757675, -3.8164824363814103],
            [-78.74231427870558, -3.816475245598433],
            [-78.7423131356622, -3.8164680468219356],
            [-78.74231204844199, -3.8164608382486978],
            [-78.74231101884013, -3.8164536216914247],
            [-78.74231005225636, -3.816446397164353],
            [-78.74230914869538, -3.8164391628595324],
            [-78.7423083126499, -3.816431921500735],
            [-78.74230754592219, -3.816424672188758],
            [-78.74230685210968, -3.8164174158370554],
            [-78.74230623301466, -3.816410151546404],
            [-78.74230569222986, -3.816402882038202],
            [-78.74230523245751, -3.8163956064156386],
            [-78.74230442858166, -3.816376775698167],
            [-78.74230418338215, -3.8163579292937793],
            [-78.74230449707584, -3.816339083909923],
            [-78.74230536938487, -3.8163202562686704],
            [-78.74230679953497, -3.816301463075692],
            [-78.74230878625764, -3.8162827210030335],
            [-78.7423113277899, -3.816264046679757],
            [-78.74231245895264, -3.8162568457617523],
            [-78.74231366927827, -3.8162496577082314],
            [-78.74231495696455, -3.816242483418466],
            [-78.74231631931158, -3.81623532288532],
            [-78.74231775271956, -3.8162281760993206],
            [-78.74231925538619, -3.81622104395969],
            [-78.74232082371405, -3.816213925552954],
            [-78.7423224550009, -3.816206821775997],
            [-78.74232414654688, -3.8161997326217003],
            [-78.74232589565445, -3.8161926571789295],
            [-78.74232769962143, -3.816185596344603],
            [-78.74232955575265, -3.816178548303584],
            [-78.74233146224584, -3.8161715139551498],
            [-78.7423334146036, -3.8161644923834355],
            [-78.74233541192599, -3.81615748358607],
            [-78.74233744971555, -3.816150486647225],
            [-78.74233952707237, -3.8161435015645115],
            [-78.74234164039896, -3.8161365274244443],
            [-78.74234378699785, -3.8161295633159527],
            [-78.74234596506909, -3.81612260923428],
            [-78.74234817101762, -3.816115663361969],
            [-78.7423504021412, -3.816108726595871],
            [-78.74235265664466, -3.8161017971233115],
            [-78.74235493182807, -3.816094874937137],
            [-78.74235722499874, -3.8160879573182864],
            [-78.74235953345202, -3.816081046067623],
            [-78.74236185539513, -3.816074138468457],
            [-78.7423641863259, -3.8160672354128944],
            [-78.74236652535149, -3.8160603341866146],
            [-78.742368869772, -3.8160534347825017],
            [-78.7423712168923, -3.8160465353854898],
            [-78.74244753262394, -3.815822244037222],
            [-78.74249818965622, -3.8156733646381467],
            [-78.74250821748905, -3.81564389294776],
            [-78.74254134097966, -3.815546543609192],
            [-78.74255280536649, -3.8155128513538568],
            [-78.74258877929243, -3.815407124101161],
            [-78.74262284413123, -3.8153070092092185],
            [-78.74262519124201, -3.81530011071295],
            [-78.74262753565523, -3.8152932113055718],
            [-78.74262987467338, -3.8152863100759573],
            [-78.74263220559895, -3.815279406113023],
            [-78.74263452753436, -3.815272498510398],
            [-78.74263683597985, -3.8152655872562473],
            [-78.7426391291402, -3.81525867053786],
            [-78.74264140431795, -3.8152517474441274],
            [-78.74264365881321, -3.8152448179679324],
            [-78.74264588992848, -3.8152378811981977],
            [-78.7426480958686, -3.815230935322186],
            [-78.74265027393132, -3.8152239812367945],
            [-78.74265242052155, -3.81521701712456],
            [-78.7426545338394, -3.815210042980741],
            [-78.74265661118736, -3.815203057894244],
            [-78.74265864896795, -3.815196060951584],
            [-78.74266064628125, -3.815189052150424],
            [-78.74266259862985, -3.815182030574894],
            [-78.74266450511378, -3.8151749962226402],
            [-78.74266636123329, -3.8151679490817916],
            [-78.74266816519318, -3.8151608873396596],
            [-78.74266991429123, -3.815153811893114],
            [-78.74267160582758, -3.815146722735028],
            [-78.74267323710474, -3.8151396189543187],
            [-78.74267480542046, -3.815132501447863],
            [-78.74267630807965, -3.815125368400563],
            [-78.74267774147539, -3.8151182225148856],
            [-78.74267910381482, -3.8151110610741754],
            [-78.7426803914911, -3.8151038867808476],
            [-78.74268160180671, -3.8150966987238615],
            [-78.74268273295937, -3.81508949780242],
            [-78.74268663308312, -3.8150586089790677],
            [-78.74268901584777, -3.8150275648440206],
            [-78.74268987548456, -3.814996440554459],
            [-78.74268920991213, -3.8149653114687356],
            [-78.74268702074214, -3.8149342529570776],
            [-78.74268331327517, -3.8149033402033],
            [-78.74267809648742, -3.8148726480626682],
            [-78.74267536991067, -3.8148594341132496],
            [-78.74267236342824, -3.8148462815677613],
            [-78.74266907840756, -3.8148331964127054],
            [-78.74266551634243, -3.8148201846027168],
            [-78.7426616788537, -3.8148072520518506],
            [-78.74265756768547, -3.814794404642194],
            [-78.742653184708, -3.8147816482093173],
            [-78.74265070520885, -3.814774796660389],
            [-78.74264814913813, -3.8147679738374443],
            [-78.74264552099798, -3.8147611788483706],
            [-78.74264282169074, -3.814754410791561],
            [-78.74264005571143, -3.814747671486831],
            [-78.7426372239671, -3.814740958224585],
            [-78.7426343309528, -3.8147342728246816],
            [-78.74263137937545, -3.814727612582247],
            [-78.74262837013268, -3.8147209784036353],
            [-78.74262530772658, -3.814714369396735],
            [-78.7426221930595, -3.814707784659934],
            [-78.74261903063594, -3.8147012223971046],
            [-78.74261582225338, -3.8146946835169677],
            [-78.74261256971651, -3.814688166216303],
            [-78.74260927662748, -3.8146816696006254],
            [-78.74260594568852, -3.8146751927730325],
            [-78.74260257780195, -3.8146687348319253],
            [-78.74259917746988, -3.8146622948851956],
            [-78.742595745597, -3.8146558711271963],
            [-78.7425922848855, -3.814649462661105],
            [-78.7425887989376, -3.814643068592393],
            [-78.74258528865796, -3.8146366871154607],
            [-78.74258175764638, -3.8146303182397947],
            [-78.74257820770748, -3.814623960162185],
            [-78.74257464154822, -3.8146176101777622],
            [-78.74257106096614, -3.814611269195268],
            [-78.7425674686682, -3.814604934509867],
            [-78.74256386735658, -3.814598605224687],
            [-78.74256025793363, -3.8145922804380814],
            [-78.74255664490617, -3.8145859574499945],
            [-78.74255302917418, -3.81457963626279],
            [-78.74250505350926, -3.814495774137654],
            [-78.74247185792333, -3.814437747224274],
            [-78.74243866233797, -3.814379721216156],
            [-78.74243193882947, -3.814367968803534],
            [-78.74242832309865, -3.814361647616844],
            [-78.74242470736789, -3.81435532643017],
            [-78.74242109073484, -3.8143490061451235],
            [-78.74241747320185, -3.8143426858577363],
            [-78.74241385566894, -3.814336365570352],
            [-78.74241023723371, -3.8143300461846077],
            [-78.74240661789622, -3.814323727700476],
            [-78.74240299675887, -3.8143174092116348],
            [-78.74239937471923, -3.8143110916244027],
            [-78.74239575177731, -3.814304774938817],
            [-78.74239212613321, -3.8142984591501166],
            [-78.74238849958682, -3.8142921442630415],
            [-78.7423848703359, -3.8142858311768366],
            [-78.74238124018271, -3.814279518992259],
            [-78.74237760642737, -3.814273207702197],
            [-78.74237397086743, -3.8142668982153736],
            [-78.74237033260296, -3.814260590529435],
            [-78.7423666916363, -3.8142542837403832],
            [-78.74236304706515, -3.8142479787498282],
            [-78.74235940068705, -3.8142416764664966],
            [-78.74235574980688, -3.8142353750753077],
            [-78.74235209621978, -3.8142290763889877],
            [-78.74234843902818, -3.814222779501148],
            [-78.74234477733215, -3.8142164844094526],
            [-78.74234111202925, -3.814210192020237],
            [-78.74233744311951, -3.814203902333518],
            [-78.74233376970531, -3.81419761444291],
            [-78.74233009178195, -3.814191330156411],
            [-78.74232640935413, -3.8141850476660384],
            [-78.74232272241717, -3.8141787687797764],
            [-78.74231903097574, -3.814172491689639],
            [-78.74230861515795, -3.8141548460515162],
            [-78.74229815950288, -3.8141372242045235],
            [-78.74228766406407, -3.8141196262325052],
            [-78.74227712889598, -3.8141020522325926],
            [-78.74226655405258, -3.814084502295446],
            [-78.74225593958836, -3.814066976500956],
            [-78.74224528555807, -3.814049474954892],
            [-78.74224149045529, -3.8140432617753],
            [-78.74223768994814, -3.814037050389464],
            [-78.7422338849318, -3.8140308426077367],
            [-78.74223007450873, -3.814024637523746],
            [-78.74222626137876, -3.8140184351446074],
            [-78.74222244284202, -3.8140122354632213],
            [-78.74221862069844, -3.814006038484318],
            [-78.74221479495034, -3.813999843303909],
            [-78.74221096469546, -3.8139936508236105],
            [-78.74220713173604, -3.8139874601441806],
            [-78.74220329516977, -3.813981272167246],
            [-78.74219945500137, -3.8139750850848246],
            [-78.74219561212607, -3.8139689007072546],
            [-78.74219176654623, -3.8139627181305524],
            [-78.74218791826186, -3.8139565373547333],
            [-78.74218406727294, -3.8139503583797674],
            [-78.74218021358185, -3.8139441803017005],
            [-78.74217635808617, -3.813938004026875],
            [-78.74217250078827, -3.8139318286513033],
            [-78.74216864078583, -3.813925655076599],
            [-78.74216477898115, -3.813919482401169],
            [-78.74216091627422, -3.8139133106273473],
            [-78.74215705176506, -3.8139071397527817],
            [-78.74215318635362, -3.813900969779859],
            [-78.74214931913995, -3.8138948007061915],
            [-78.74214545192633, -3.8138886316325227],
            [-78.74214158291049, -3.8138824634581265],
            [-78.74213771389469, -3.8138762952837455],
            [-78.74213384397659, -3.813870128010989],
            [-78.74212997405856, -3.8138639607382316],
            [-78.7421261032406, -3.8138577934631335],
            [-78.74189200275995, -3.8134847553790117],
            [-78.7417104590584, -3.813195466746224],
            [-78.74170581570144, -3.813188066203078],
            [-78.74170117414918, -3.8131806638567136],
            [-78.74169653710379, -3.8131732588102762],
            [-78.74169190636994, -3.8131658492605456],
            [-78.74168728555212, -3.813158433409021],
            [-78.74168267645024, -3.8131510112604614],
            [-78.74167808087365, -3.8131435792036457],
            [-78.74167350151984, -3.813136138149702],
            [-78.74166894109571, -3.8131286853937643],
            [-78.74166440140358, -3.813121220036605],
            [-78.74165988424805, -3.8131137402750053],
            [-78.74165539323363, -3.813106244310465],
            [-78.74165093016022, -3.8130987321477265],
            [-78.74164649773243, -3.8130912019859355],
            [-78.74164209775482, -3.8130836520218874],
            [-78.74163773292729, -3.813076082262663],
            [-78.74163340595676, -3.813068490003459],
            [-78.74162911864548, -3.8130608743449876],
            [-78.74162487459326, -3.813053235296779],
            [-78.74162067560474, -3.813045571055579],
            [-78.7416165243821, -3.813037880724517],
            [-78.74161242362992, -3.81303016250274],
            [-78.74160837514574, -3.813022417298989],
            [-78.74160438253647, -3.813014642410787],
            [-78.7416004485019, -3.8130068378452258],
            [-78.74159657484435, -3.8129990027030995],
            [-78.741592764266, -3.812991136087506],
            [-78.74158902036903, -3.8129832371039774],
            [-78.74158534495332, -3.8129753057572078],
            [-78.74158174161869, -3.8129673420567287],
            [-78.74157821216974, -3.8129593441992844],
            [-78.74156966046415, -3.8129390414486157],
            [-78.74156160417209, -3.8129185352602932],
            [-78.74155404808378, -3.8128978378414202],
            [-78.74154699669387, -3.8128769614996716],
            [-78.74154045419554, -3.8128559186475672],
            [-78.74153442447937, -3.812834721802474],
            [-78.74152891113138, -3.8128133835635594],
            [-78.74152686703258, -3.812804879769039],
            [-78.741524902179, -3.81279635719952],
            [-78.74152301386842, -3.81278781675185],
            [-78.7415212002962, -3.8127792602292567],
            [-78.74151945876015, -3.81277068852862],
            [-78.74151778565574, -3.8127621034484083],
            [-78.74151618008301, -3.8127535049862646],
            [-78.74151463843742, -3.812744894940671],
            [-78.74151315801677, -3.812736274208496],
            [-78.74151173702118, -3.812727642784982],
            [-78.74151037274605, -3.812719002471012],
            [-78.74150906158921, -3.81271035416107],
            [-78.74150780175077, -3.8127016978504122],
            [-78.74150659052616, -3.812693035339891],
            [-78.74150542431792, -3.812684365716057],
            [-78.74150430222377, -3.8126756898805065],
            [-78.7415032197392, -3.8126670096293473],
            [-78.74150217596663, -3.8126583240562457],
            [-78.74150116640159, -3.8126496349573067],
            [-78.74150018924416, -3.812640942327779],
            [-78.74149924269447, -3.8126322461629316],
            [-78.74149832225277, -3.812623546450915],
            [-78.74149742701434, -3.8126148449973014],
            [-78.74149655248182, -3.812606140886276],
            [-78.74149569775527, -3.812597434115466],
            [-78.74149485923014, -3.8125887264833542],
            [-78.74149403330665, -3.8125800179804537],
            [-78.7414932190872, -3.8125713077003995],
            [-78.74149241206732, -3.8125625974393347],
            [-78.74149161134942, -3.8125538862908717],
            [-78.74149081333131, -3.812545175149528],
            [-78.74147934453433, -3.812419945946834],
            [-78.7414686667383, -3.812303355549108],
            [-78.7414183384444, -3.8117538348604256],
            [-78.74141608790875, -3.8117292584870954],
            [-78.74135546926158, -3.8110673710020753],
            [-78.74134083891433, -3.810907628198],
            [-78.74127638915881, -3.810203913011692],
            [-78.74126036134378, -3.8100289080970042],
            [-78.74125832602867, -3.810006688091922],
            [-78.74124881188318, -3.80990280545813],
            [-78.74124686494716, -3.809881549339163],
            [-78.74124142229017, -3.8098221220859516],
            [-78.74123903698029, -3.8097960736669148],
            [-78.74123837195509, -3.8097888146857017],
            [-78.74123770693224, -3.8097815548005136],
            [-78.74123704190936, -3.809774294915311],
            [-78.74123637778405, -3.8097670359364857],
            [-78.74123571366106, -3.8097597760536783],
            [-78.741235050438, -3.8097525161732477],
            [-78.74123438721492, -3.809745256292822],
            [-78.74123372398944, -3.8097379973163674],
            [-78.74123306166625, -3.80973073743832],
            [-78.74123240024298, -3.8097234775626467],
            [-78.74123173971965, -3.809716217689349],
            [-78.74123108009859, -3.809708956914425],
            [-78.74123042047515, -3.809701697043506],
            [-78.74122976265157, -3.809694437177329],
            [-78.74122910573027, -3.8096871764095455],
            [-78.74122844970655, -3.809679916548101],
            [-78.74122779548505, -3.809672655787433],
            [-78.74122714216347, -3.809665395029141],
            [-78.7412264897418, -3.809658134273205],
            [-78.74122583912002, -3.809650873522029],
            [-78.74122519029812, -3.809643612775597],
            [-78.74122454327842, -3.8096363511299076],
            [-78.7412238971563, -3.809629090390592],
            [-78.7412232528364, -3.8096218287520194],
            [-78.74122261031638, -3.8096145671182087],
            [-78.74122197049617, -3.809607305491508],
            [-78.74122133157825, -3.8096000429631838],
            [-78.74122069535775, -3.80959278134597],
            [-78.74122006093953, -3.8095855188295005],
            [-78.74121942922108, -3.8095782563201586],
            [-78.74121879930252, -3.809570993815544],
            [-78.74121723655944, -3.8095528575638267],
            [-78.74121568836011, -3.809534720044495],
            [-78.74121415470546, -3.809516581283258],
            [-78.74121263559688, -3.809498441286556],
            [-78.74121113103536, -3.809480300071631],
            [-78.74120964102111, -3.8094621576406706],
            [-78.74120816555585, -3.809444014010589],
            [-78.74120757884369, -3.809436748003842],
            [-78.74120699393143, -3.809429482001855],
            [-78.74120641172132, -3.8094222151029777],
            [-78.74120583131109, -3.8094149482088455],
            [-78.74120525360067, -3.8094076813218245],
            [-78.74120467679252, -3.809400413533193],
            [-78.74120410268185, -3.809393146655655],
            [-78.74120353037338, -3.809385878878879],
            [-78.7412029598648, -3.8093786111068435],
            [-78.74120239025613, -3.8093713433371654],
            [-78.74120182244732, -3.809364075572244],
            [-78.74120125643839, -3.809356807812067],
            [-78.74120069223167, -3.809349539152648],
            [-78.74120012892253, -3.8093422713995864],
            [-78.74119956651566, -3.809335002744914],
            [-78.74119900590865, -3.8093277340949845],
            [-78.74119844619922, -3.80932046635141],
            [-78.74119788739205, -3.8093131977062265],
            [-78.74119732948482, -3.809305929063399],
            [-78.74119677337744, -3.8092986604253305],
            [-78.7411962172724, -3.809291390883283],
            [-78.74119566206491, -3.809284122247592],
            [-78.74119510775736, -3.809276853614274],
            [-78.74119455344977, -3.809269584980958],
            [-78.74119400004446, -3.8092623154460172],
            [-78.74119344753673, -3.80925504681745],
            [-78.74119289503132, -3.809247777284903],
            [-78.7411923425235, -3.8092405086563432],
            [-78.74119179001804, -3.8092332391237873],
            [-78.74119123841014, -3.809225970497602],
            [-78.74119068680456, -3.8092187009674405],
            [-78.74118699343431, -3.809170045745144],
            [-78.74118340709867, -3.809122792892993],
            [-78.74117278202414, -3.8089828182620185],
            [-78.74115915438841, -3.8088032870793906],
            [-78.74114529006722, -3.8086206437434202],
            [-78.74114414158473, -3.808605517875257],
            [-78.74114116598857, -3.808566321181728],
            [-78.74112991706768, -3.808418119511789],
            [-78.74112271997441, -3.808323301872436],
            [-78.74111552287663, -3.8082284842337732],
            [-78.74111416905833, -3.808210653088209],
            [-78.74110149580267, -3.8080436971179035],
            [-78.74109032162816, -3.807896496367388],
            [-78.74107740300131, -3.807726303472085],
            [-78.74107573248764, -3.80770429596509],
            [-78.74106856146042, -3.8076098228197104],
            [-78.74106139043103, -3.807515348771033],
            [-78.7410442049794, -3.80728894903424],
            [-78.74104029056375, -3.807237383294626],
            [-78.74100880121645, -3.806822549945457],
            [-78.74098229205194, -3.806473323206358],
            [-78.74094895798362, -3.8060341957295263],
            [-78.74093436517822, -3.8058419510500068],
            [-78.74093269726097, -3.80581997519271],
            [-78.74093214564054, -3.8058127065684286],
            [-78.74093159312253, -3.8058054370378014],
            [-78.74093104150205, -3.805798168413527],
            [-78.74093048898395, -3.805790898882907],
            [-78.74092993646347, -3.8057836302562578],
            [-78.74092938394534, -3.805776360725646],
            [-78.74092883142482, -3.8057690920990215],
            [-78.74092827710673, -3.8057618225636833],
            [-78.74092772368621, -3.8057545539346993],
            [-78.74092716846577, -3.8057472853009693],
            [-78.74092661324768, -3.8057400157632766],
            [-78.74092605802718, -3.805732747129572],
            [-78.7409255010068, -3.805725478491135],
            [-78.74092494308643, -3.8057182098503364],
            [-78.74092438516602, -3.8057109412095436],
            [-78.74092382544572, -3.805703672564001],
            [-78.74092326572539, -3.805696403918481],
            [-78.74092270420277, -3.8056891361722127],
            [-78.74092214178258, -3.8056818675196005],
            [-78.74092157756009, -3.8056745997662396],
            [-78.74092101243998, -3.8056673311065348],
            [-78.74092044641756, -3.8056600633484483],
            [-78.74091987859522, -3.805652795585633],
            [-78.74091930987292, -3.805645527820455],
            [-78.7409187393507, -3.8056382600505465],
            [-78.74091816702858, -3.805630992275892],
            [-78.74091759290418, -3.8056237254005048],
            [-78.74091701788217, -3.805616457618776],
            [-78.74091644015795, -3.8056091907339313],
            [-78.74091586153376, -3.805601923846723],
            [-78.7409152802097, -3.805594656952438],
            [-78.74091436879938, -3.805583305443702],
            [-78.74091345264387, -3.8055719543132582],
            [-78.7409125317426, -3.8055606035712435],
            [-78.74091160609622, -3.8055492532197803],
            [-78.74091067570527, -3.8055379032631804],
            [-78.74090974056908, -3.80552655369932],
            [-78.74090880068823, -3.8055152045264506],
            [-78.74090819595828, -3.805507940282607],
            [-78.74090759033075, -3.8055006751324174],
            [-78.740906982001, -3.805493410879115],
            [-78.74090637277362, -3.8054861457194855],
            [-78.74090576174399, -3.805478881459092],
            [-78.7409051480145, -3.805471617191602],
            [-78.74090453428263, -3.805464353828116],
            [-78.74090391785327, -3.8054570895535336],
            [-78.74090330052158, -3.805449826180573],
            [-78.74090268139233, -3.8054425618989174],
            [-78.74090206136077, -3.8054352985188635],
            [-78.74090144042923, -3.8054280351364502],
            [-78.74090081769778, -3.8054207717493234],
            [-78.74090019406637, -3.805413508359818],
            [-78.74089956863268, -3.8054062458695803],
            [-78.74089894320133, -3.8053989824753507],
            [-78.74089831687002, -3.8053917190787576],
            [-78.74089768873642, -3.8053844565814363],
            [-78.7408970606028, -3.8053771940841004],
            [-78.7408964315716, -3.8053699306804414],
            [-78.74089580163805, -3.8053626681783816],
            [-78.74089517080454, -3.8053554056739785],
            [-78.74089453997098, -3.8053481431695624],
            [-78.74089390823747, -3.8053408806628015],
            [-78.74089327650394, -3.8053336181560287],
            [-78.74089264387045, -3.80532635564691],
            [-78.74089201123691, -3.8053190931377783],
            [-78.74089137860337, -3.8053118306286695],
            [-78.74089074506985, -3.805304568117183],
            [-78.74089011153632, -3.8052973056057158],
            [-78.74088947890269, -3.805290043096606],
            [-78.74087379885285, -3.805110242603619],
            [-78.74077528354132, -3.8039805723010174],
            [-78.74073812877874, -3.8035545237362753],
            [-78.74069538308954, -3.8030643649151226],
            [-78.74066073869601, -3.8026671042054776],
            [-78.74061930707654, -3.8021920111521728],
            [-78.7405795461283, -3.8017360843768184],
            [-78.74053798931406, -3.8012595672514427],
            [-78.74053528037842, -3.80122850357227],
            [-78.74052212717112, -3.801077677226385],
            [-78.74052136691469, -3.801068961673548],
            [-78.74052060755581, -3.8010602470270634],
            [-78.74051984999677, -3.8010515323853165],
            [-78.74051909333998, -3.8010428168419574],
            [-78.74051833848304, -3.8010341013033355],
            [-78.74051758632586, -3.8010253857718133],
            [-78.74051683776841, -3.801016670249754],
            [-78.74051609371297, -3.8010079538355437],
            [-78.74051535325722, -3.800999237430798],
            [-78.7405146173035, -3.800990520133883],
            [-78.7405138876493, -3.8009818028535416],
            [-78.74051316339704, -3.8009730846834118],
            [-78.74051244544431, -3.800964366529824],
            [-78.74051173469338, -3.8009556474911914],
            [-78.74051103204424, -3.800946927569848],
            [-78.7405103365969, -3.8009382067634614],
            [-78.74050965104884, -3.800929485983071],
            [-78.74050897360253, -3.8009207643199856],
            [-78.74050830605785, -3.8009120417789495],
            [-78.74050764931474, -3.8009033183622956],
            [-78.7405070033732, -3.8008945940700354],
            [-78.74050636823323, -3.800885868902174],
            [-78.74050574569233, -3.800877143767419],
            [-78.74050513575524, -3.8008684168577918],
            [-78.74050453841959, -3.800859689077306],
            [-78.74050395458531, -3.800850960428292],
            [-78.74050338515235, -3.800842230913149],
            [-78.7405028301207, -3.80083350053184],
            [-78.74050229039031, -3.8008247692867667],
            [-78.74050176596353, -3.80081603627391],
            [-78.74050125863552, -3.8008073033059837],
            [-78.74049893108007, -3.8007627648896567],
            [-78.74049704114029, -3.8007182055716098],
            [-78.74049558900036, -3.8006736296874335],
            [-78.74049457480201, -3.8006290415846244],
            [-78.7404939986436, -3.800584445599827],
            [-78.74049386058104, -3.8005398460803765],
            [-78.74049416062748, -3.8004952473540365],
            [-78.7404942706971, -3.8004864997363184],
            [-78.74049439786549, -3.8004777521635154],
            [-78.74049453943046, -3.800469005532535],
            [-78.7404946971966, -3.8004602580401077],
            [-78.74049486935931, -3.8004515114895008],
            [-78.74049505591861, -3.8004427658807005],
            [-78.74049525597928, -3.800434019403357],
            [-78.74049546863665, -3.800425273863109],
            [-78.7404956938931, -3.800416528355952],
            [-78.74049593174622, -3.8004077837858525],
            [-78.74049618039857, -3.8003990392441382],
            [-78.74049643985009, -3.8003902947307853],
            [-78.7404967101008, -3.8003815502457825],
            [-78.74049698934847, -3.8003728066884124],
            [-78.74049727849538, -3.8003640631570432],
            [-78.74049757663927, -3.8003553205532907],
            [-78.74049788198494, -3.8003465770644644],
            [-78.74049819542762, -3.800337834500891],
            [-78.7404985160674, -3.8003290928602067],
            [-78.74049884300904, -3.800320350332083],
            [-78.74049917624781, -3.8003116087244835],
            [-78.74049951488614, -3.800302867131063],
            [-78.74049985802411, -3.800294125549458],
            [-78.7405002056617, -3.8002853839796655],
            [-78.74050055689663, -3.8002766433233055],
            [-78.7405009117336, -3.8002679017724135],
            [-78.74050126926797, -3.800259161132589],
            [-78.74050162950208, -3.800250420499852],
            [-78.74050199063609, -3.800241679869472],
            [-78.74050235266995, -3.8002329392414507],
            [-78.74050271560371, -3.800224198615786],
            [-78.74050358742797, -3.8002031967085106],
            [-78.74052193924578, -3.7997613151477068],
            [-78.74053934139775, -3.7993422830305654],
            [-78.74055752300197, -3.7989044852179674],
            [-78.74057780992804, -3.7984159971790636],
            [-78.74058609075915, -3.7982165960929035],
            [-78.74059570028533, -3.797985213529719],
            [-78.74059608670802, -3.7979759840419436],
            [-78.7405964793901, -3.797966754811194],
            [-78.74059687833095, -3.797957525855517],
            [-78.74059728353089, -3.797948297177038],
            [-78.74059769498987, -3.797939068780066],
            [-78.74059811270709, -3.797929840666786],
            [-78.74059853668255, -3.79792061283491],
            [-78.74059936223009, -3.7979030238625757],
            [-78.74060021051513, -3.797885435986459],
            [-78.74060108153637, -3.797867849226087],
            [-78.7406019752921, -3.797850263618093],
            [-78.74060289178061, -3.7978326791926476],
            [-78.74060383100107, -3.7978150959777652],
            [-78.74060479295123, -3.797797514002165],
            [-78.74060570224904, -3.7977812654358094],
            [-78.74060663096003, -3.797765017979335],
            [-78.74060757908259, -3.797748771651431],
            [-78.74060854661553, -3.7977325264801114],
            [-78.74060953355747, -3.7977162824869213],
            [-78.74061053990677, -3.7977000396955667],
            [-78.74061156566216, -3.79768379812849],
            [-78.74061196374898, -3.7976775753099368],
            [-78.74061236468484, -3.7976713526807955],
            [-78.74061276846905, -3.797665130231549],
            [-78.74061317510214, -3.7976589079729743],
            [-78.74061358458356, -3.797652685905072],
            [-78.74061399691357, -3.7976464640256844],
            [-78.74061441209184, -3.7976402423379128],
            [-78.7406230345866, -3.797511488929452],
            [-78.74062516938918, -3.797479606296892],
            [-78.74068304610158, -3.7966153993932243],
            [-78.74068613120153, -3.7965693347480625],
            [-78.74068671546304, -3.796560606452331],
            [-78.74068729882458, -3.7965518781542293],
            [-78.74068788128847, -3.7965431489497745],
            [-78.74068846195009, -3.7965344206445857],
            [-78.74068903991417, -3.796525691428308],
            [-78.74068961337854, -3.7965169622002093],
            [-78.74069018414303, -3.7965082329650195],
            [-78.74069074951024, -3.79649950281167],
            [-78.74069130947777, -3.796490772644142],
            [-78.74069186314568, -3.7964820424600916],
            [-78.74069241051639, -3.7964733113555034],
            [-78.7406929497876, -3.7964645802296544],
            [-78.74069348186165, -3.796455848180905],
            [-78.74069400403873, -3.796447115202208],
            [-78.74069451721641, -3.7964383821998857],
            [-78.74069502049475, -3.7964296491715803],
            [-78.74069551297855, -3.7964209143069674],
            [-78.74069599376315, -3.7964121794116297],
            [-78.74069646195098, -3.796403443579258],
            [-78.7406969175397, -3.796394707713805],
            [-78.74069735963167, -3.7963859709089576],
            [-78.74069778732704, -3.79637723316232],
            [-78.74069819972581, -3.7963684944715497],
            [-78.74069859682568, -3.796359755740646],
            [-78.74069897773138, -3.7963510151592508],
            [-78.7406993415383, -3.796342274532982],
            [-78.7406996873465, -3.7963335338594786],
            [-78.74070001606063, -3.7963247913331397],
            [-78.74070032407622, -3.796316048752484],
            [-78.74070061319551, -3.796307305218252],
            [-78.74070088251622, -3.796298561632065],
            [-78.74070135836205, -3.796281022503272],
            [-78.74070174947882, -3.796263481254719],
            [-78.74070205585707, -3.7962459383053013],
            [-78.74070227748986, -3.796228394075249],
            [-78.74070241437263, -3.796210848969747],
            [-78.74070246650084, -3.796193303404789],
            [-78.74070243387415, -3.796175757790653],
            [-78.74070228089707, -3.7961545215895423],
            [-78.74070200376025, -3.7961332866497317],
            [-78.74070160247248, -3.796112053711893],
            [-78.74070107704884, -3.796090823510986],
            [-78.74070042750695, -3.7960695967798608],
            [-78.74069965386882, -3.7960483742406286],
            [-78.74069875616135, -3.7960271566330985],
            [-78.74069835051198, -3.7960184185078054],
            [-78.7406979241641, -3.7960096803281913],
            [-78.7406974789129, -3.796000943906976],
            [-78.7406970138608, -3.795992208337802],
            [-78.74069653080998, -3.7959834727214075],
            [-78.74069602975342, -3.795974739769739],
            [-78.74069551249804, -3.7959660067755743],
            [-78.74069497814153, -3.7959572746405343],
            [-78.74069442848143, -3.7959485442733247],
            [-78.74069386442238, -3.795939813868357],
            [-78.74069328505972, -3.7959310852312016],
            [-78.74069269309562, -3.7959223574649967],
            [-78.74069208763248, -3.795913629663378],
            [-78.74069147046549, -3.7959049036390167],
            [-78.74069084159697, -3.795896178487967],
            [-78.74069020102695, -3.795887454210209],
            [-78.74068955145756, -3.7958787299088455],
            [-78.74068889198654, -3.7958700064854995],
            [-78.74068822351377, -3.7958612839425445],
            [-78.74068754693924, -3.7958525622823123],
            [-78.74068686316288, -3.7958438415071805],
            [-78.74068617308691, -3.7958351207155414],
            [-78.74068547581147, -3.7958263999050055],
            [-78.74068477403162, -3.79581768089065],
            [-78.7406840668545, -3.7958089609581362],
            [-78.74068335607527, -3.7958002419201837],
            [-78.74068264169391, -3.7957915237767574],
            [-78.74068192461505, -3.7957828047222884],
            [-78.74068120573396, -3.7957740865670693],
            [-78.74068048505295, -3.795765368407153],
            [-78.74067976437192, -3.7957566502472417],
            [-78.74066540103091, -3.795583021221859],
            [-78.74063373388672, -3.7952002322848646],
            [-78.7405878166695, -3.7946451887106294],
            [-78.74050992825032, -3.793703681663817],
            [-78.74050053552193, -3.793590137625301],
            [-78.7404790844569, -3.7933308352181445],
            [-78.74047395485304, -3.793268834292342],
            [-78.7404733536767, -3.79326156915904],
            [-78.74047275340025, -3.7932543040281197],
            [-78.74047215312378, -3.793247038897186],
            [-78.74047155464716, -3.7932397737709773],
            [-78.74047095707276, -3.793232507743151],
            [-78.7404703621958, -3.7932252426263897],
            [-78.740469769121, -3.7932179766103706],
            [-78.74046917874597, -3.793210710601451],
            [-78.74046859107307, -3.793203443695616],
            [-78.74046800699749, -3.7931961777032064],
            [-78.74046742652396, -3.793188910816258],
            [-78.74046685055242, -3.79318164303713],
            [-78.74046627907812, -3.793174376173787],
            [-78.74046571210816, -3.7931671075142828],
            [-78.7404651505354, -3.793159839772903],
            [-78.74046459526447, -3.793152571144083],
            [-78.74046404539544, -3.793145301625442],
            [-78.7404635018259, -3.793138032123323],
            [-78.7404629654581, -3.7931307617360854],
            [-78.74046243629206, -3.7931234904637643],
            [-78.74046191432545, -3.7931162192103236],
            [-78.74046139956057, -3.793108947071766],
            [-78.74046089469489, -3.793101674959183],
            [-78.740460397031, -3.793094401961482],
            [-78.74045990926862, -3.7930871280857597],
            [-78.74045943050788, -3.7930798533296546],
            [-78.74045896164633, -3.793072578599524],
            [-78.74045850358625, -3.7930653029937154],
            [-78.74045805542772, -3.793058026509883],
            [-78.7404576180683, -3.7930507500543675],
            [-78.74045719241266, -3.7930434718215658],
            [-78.74045560202431, -3.7930142833770093],
            [-78.74045419959442, -3.792985085211191],
            [-78.74045298518158, -3.7929558785422373],
            [-78.74045195883619, -3.7929266646009374],
            [-78.74045112060124, -3.7928974445986583],
            [-78.74045047051212, -3.7928682197618357],
            [-78.74045000859569, -3.7928389913175256],
            [-78.74044992314529, -3.7928317013209005],
            [-78.74044984849166, -3.7928244122565724],
            [-78.74044978463951, -3.7928171223165577],
            [-78.74044973158647, -3.792809832404874],
            [-78.74044968843496, -3.792802541615143],
            [-78.74044965518027, -3.7927952517553654],
            [-78.74044963182479, -3.7927879619215217],
            [-78.74044961747092, -3.792780671207308],
            [-78.740449611214, -3.7927733814182925],
            [-78.7404496139587, -3.792766090748906],
            [-78.74044962390045, -3.792758801002358],
            [-78.74044964194388, -3.7927515103730776],
            [-78.74044966718435, -3.7927442206666404],
            [-78.74044969872662, -3.792736930072748],
            [-78.74044973746597, -3.7927296404016952],
            [-78.74044978160718, -3.792722349840833],
            [-78.74044983204553, -3.7927150602004507],
            [-78.74044988698581, -3.7927077696678984],
            [-78.74044994732331, -3.792700480053466],
            [-78.74045001216041, -3.792693190450844],
            [-78.74045008059952, -3.792685899953676],
            [-78.7404501535359, -3.79267861037227],
            [-78.74045022917203, -3.792671320797955],
            [-78.74045030841017, -3.7926640303290777],
            [-78.74045039034574, -3.7926567407712755],
            [-78.74045047408113, -3.7926494512181725],
            [-78.74045056051625, -3.7926421616721635],
            [-78.74045064785126, -3.7926348721284944],
            [-78.74045073608617, -3.7926275825871985],
            [-78.74045082522333, -3.792620292144263],
            [-78.74045091525801, -3.7926130026076814],
            [-78.7404522283158, -3.7925063000142316],
            [-78.74045590141941, -3.7922078773421357],
            [-78.74047050607167, -3.7910210530969572],
            [-78.74048044113685, -3.7902136617345183],
            [-78.74049521511276, -3.7890129606995027],
            [-78.7404961366338, -3.7889380756979127],
            [-78.74049624393301, -3.7889293280700773],
            [-78.74049634853239, -3.7889205804351844],
            [-78.74049644773217, -3.78891183278613],
            [-78.74049653793497, -3.788903084209538],
            [-78.74049661823621, -3.78889433651098],
            [-78.7404966841386, -3.7888855887747273],
            [-78.7404967347422, -3.7888768409983857],
            [-78.74049676554974, -3.7888680922662075],
            [-78.74049677475668, -3.7888593443814607],
            [-78.74049675966792, -3.788850595529072],
            [-78.740496717579, -3.7888418475099757],
            [-78.74049664489259, -3.7888330994107258],
            [-78.7404965407064, -3.78882435213298],
            [-78.74049640052316, -3.788815604760942],
            [-78.7404962216384, -3.788806859095535],
            [-78.74049600315686, -3.788798113326427],
            [-78.74049574057427, -3.788789369249795],
            [-78.74049543119318, -3.7887806259545878],
            [-78.74049507410898, -3.7887718852464123],
            [-78.74049466482202, -3.788763147113487],
            [-78.74049420153483, -3.788754410647133],
            [-78.74049368064068, -3.7887456785498523],
            [-78.74049310034437, -3.7887369490089857],
            [-78.74049245793914, -3.7887282247293923],
            [-78.74049174982524, -3.7887195057016445],
            [-78.74049097510277, -3.788710791923423],
            [-78.74049012926744, -3.788702085190855],
            [-78.74048921051703, -3.7886933864032635],
            [-78.7404882161541, -3.788684694649561],
            [-78.74048714346954, -3.7886760135386415],
            [-78.74048598976587, -3.788667342159418],
            [-78.74048127490515, -3.788636962126163],
            [-78.74047553425275, -3.788606760731983],
            [-78.74046877444964, -3.788576772908156],
            [-78.740461003317, -3.7885470333600764],
            [-78.74045222984506, -3.7885175764837213],
            [-78.7404424641827, -3.7884884363612987],
            [-78.74043171762813, -3.7884596466948492],
            [-78.74042848365976, -3.7884515240138414],
            [-78.74042517311801, -3.7884434318679574],
            [-78.74042179050022, -3.7884353711729912],
            [-78.74041833671099, -3.788427340123306],
            [-78.74041481715219, -3.7884193378290907],
            [-78.74041123182151, -3.7884113651943148],
            [-78.74040758522088, -3.788403421326762],
            [-78.74040388005481, -3.7883955044255524],
            [-78.74040011722323, -3.788387614493045],
            [-78.74039630122807, -3.788379750637044],
            [-78.74039243387156, -3.788371911958259],
            [-78.74038851785348, -3.78836409846378],
            [-78.74038455587825, -3.7883563083526965],
            [-78.7403805506504, -3.7883485398241317],
            [-78.7403765039674, -3.7883407937867446],
            [-78.74037241853607, -3.7883330675356968],
            [-78.74036829795847, -3.7883253601763953],
            [-78.74036414313449, -3.7883176717112352],
            [-78.74035995766855, -3.7883100003416414],
            [-78.74035574336519, -3.7883023442643826],
            [-78.74035150292652, -3.788294702582531],
            [-78.74034723905466, -3.7882870743991712],
            [-78.74034295355183, -3.7882794588150546],
            [-78.74033865002241, -3.7882718540316263],
            [-78.74033432847108, -3.7882642582409223],
            [-78.74032999429973, -3.7882566705531002],
            [-78.74032564751073, -3.788249090064163],
            [-78.74032129080854, -3.788241514973232],
            [-78.74031692779752, -3.7882339434817536],
            [-78.7403125602799, -3.7882263746904776],
            [-78.74030819005787, -3.7882188077000993],
            [-78.73985500487304, -3.7874342154386262],
            [-78.73985136302336, -3.7874279105192485],
            [-78.73984771937623, -3.7874216046911773],
            [-78.7398440748245, -3.7874153006687434],
            [-78.73984042756835, -3.7874089984472357],
            [-78.73983677761011, -3.7874026971226376],
            [-78.73983312224534, -3.787396398495859],
            [-78.73982946327153, -3.7873901034756132],
            [-78.73982579799124, -3.7873838111508316],
            [-78.73982212640215, -3.78737752242551],
            [-78.73981844760198, -3.787371238201259],
            [-78.73981475978853, -3.7873649593773484],
            [-78.73981106386407, -3.787358685052165],
            [-78.73980735802408, -3.7873524170289623],
            [-78.73980364226854, -3.787346155307722],
            [-78.73979991389768, -3.7873398998813936],
            [-78.73979617380675, -3.787333652560293],
            [-78.73979242109817, -3.7873274124380676],
            [-78.73978865486731, -3.7873211813203542],
            [-78.7397848742166, -3.7873149583007866],
            [-78.7397810773415, -3.7873087451826253],
            [-78.73977726514195, -3.7873025419682307],
            [-78.73977343581808, -3.78729634865289],
            [-78.73976958936522, -3.7872901670445795],
            [-78.73976572398351, -3.787283997138555],
            [-78.73976183967295, -3.787277838934847],
            [-78.73975793463136, -3.7872716933327104],
            [-78.73975400975631, -3.787265561238499],
            [-78.7397500632456, -3.7872594435514477],
            [-78.73974609510158, -3.7872533393676218],
            [-78.73974210351739, -3.7872472513942057],
            [-78.73973808849769, -3.787241177823286],
            [-78.73972985154285, -3.7872288825538734],
            [-78.73972151453334, -3.7872166555232543],
            [-78.7397130780291, -3.787204497550199],
            [-78.73970454259708, -3.7871924094487275],
            [-78.73969590881075, -3.7871803920393496],
            [-78.7396871772503, -3.78716844612319],
            [-78.73967834850244, -3.787156572502855],
            [-78.73966643067116, -3.787140860071333],
            [-78.73965434265435, -3.7871252793681385],
            [-78.73964208589523, -3.7871098322642065],
            [-78.73962966185721, -3.787094520597474],
            [-78.73961707202349, -3.7870793461994947],
            [-78.73960431789642, -3.787064310882511],
            [-78.73959140099859, -3.787049416432514],
            [-78.73958659335298, -3.787043955498941],
            [-78.73958176405998, -3.787038513492445],
            [-78.73957691492183, -3.7870330895137707],
            [-78.7395720459385, -3.787027683562922],
            [-78.73956715801228, -3.7870222947382723],
            [-78.73956225204543, -3.787016922138179],
            [-78.73955732893788, -3.787011565765013],
            [-78.73955238868962, -3.7870062256187635],
            [-78.73954743310755, -3.7870008989922113],
            [-78.73954246218696, -3.786995587693321],
            [-78.73953747683247, -3.7869902899164694],
            [-78.73953247704642, -3.7869850047576747],
            [-78.73952746552861, -3.7869797322240046],
            [-78.73952244048151, -3.786974471406783],
            [-78.73951740460488, -3.7869692223130644],
            [-78.73951235790345, -3.7869639831348665],
            [-78.73950730127477, -3.786958754778561],
            [-78.73950223472589, -3.786953534532187],
            [-78.73949715915438, -3.786948323302067],
            [-78.73949207636244, -3.7869431201889663],
            [-78.73948698545247, -3.7869379242865118],
            [-78.73948188822435, -3.7869327355994344],
            [-78.73947678468274, -3.786927552319752],
            [-78.73947167572757, -3.7869223744498415],
            [-78.73946656226114, -3.7869172010880767],
            [-78.73946144428578, -3.786912031330459],
            [-78.73945632359894, -3.7869068660856864],
            [-78.73945120020774, -3.7869017026418086],
            [-78.73944607411212, -3.7868965409988466],
            [-78.73944094711196, -3.7868913811614973],
            [-78.73943582010952, -3.786886222228133],
            [-78.73867880589071, -3.7861245805932224],
            [-78.73867367799973, -3.7861194207543356],
            [-78.73866855191096, -3.786114260016189],
            [-78.7386634285291, -3.7861090965731607],
            [-78.73865830875634, -3.786103929523639],
            [-78.73865319529718, -3.78609875706674],
            [-78.73864808725637, -3.7860935773921227],
            [-78.7386429882336, -3.7860883905092195],
            [-78.73863789823592, -3.7860831937060864],
            [-78.73863281906553, -3.7860779860834572],
            [-78.73862775252458, -3.786072766742063],
            [-78.73862269861543, -3.7860675347779114],
            [-78.73861766004492, -3.7860622874861423],
            [-78.73861263771293, -3.7860570248691006],
            [-78.738607633424, -3.7860517451235536],
            [-78.7386026480804, -3.7860464473478603],
            [-78.73859768348669, -3.7860411297387753],
            [-78.73859274054509, -3.7860357913946756],
            [-78.73858782195775, -3.786030431418632],
            [-78.73858292772934, -3.7860250480027027],
            [-78.73857806056199, -3.786019640249979],
            [-78.7385732213556, -3.7860142081628028],
            [-78.73856841101949, -3.7860087481276197],
            [-78.73856363314863, -3.786003261961791],
            [-78.73855888685249, -3.7859977460470677],
            [-78.73855417572844, -3.785992201296846],
            [-78.73854949978349, -3.7859866249991803],
            [-78.73854486261497, -3.7859810180674685],
            [-78.73854026422994, -3.7859753777897973],
            [-78.73853570642822, -3.785969704170832],
            [-78.73853119191195, -3.7859639963137153],
            [-78.73852672158336, -3.7859582533167737],
            [-78.73851980949526, -3.7859491819403934],
            [-78.73851301207696, -3.785940023548871],
            [-78.73850633041329, -3.785930779598665],
            [-78.73849976557159, -3.785921451577561],
            [-78.73849331860039, -3.7859120409711373],
            [-78.73848699052866, -3.7859025492713854],
            [-78.73848078236759, -3.7858929780100747],
            [-78.73847688364772, -3.785886828811705],
            [-78.73847303270114, -3.7858806499068627],
            [-78.738469227728, -3.7858744412908165],
            [-78.73846546872124, -3.785868205675542],
            [-78.73846175298112, -3.7858619430539564],
            [-78.73845807960068, -3.785855656135655],
            [-78.73845444678008, -3.785849344915908],
            [-78.73845085361468, -3.7858430112003414],
            [-78.73844729740239, -3.785836655885862],
            [-78.73844377814085, -3.7858302798764485],
            [-78.73844029402554, -3.785823884975333],
            [-78.73843684235433, -3.785817472079461],
            [-78.73843342222497, -3.785811042090453],
            [-78.73843003273518, -3.7858045959098994],
            [-78.73842667118052, -3.785798135338726],
            [-78.73842333666339, -3.785791659470593],
            [-78.73842002737459, -3.785785171916694],
            [-78.73841674151659, -3.7857786717683495],
            [-78.73841347728722, -3.7857721599248246],
            [-78.73841023377953, -3.785765639095707],
            [-78.73840700829845, -3.7857591074659647],
            [-78.73840379993463, -3.7857525686491607],
            [-78.73840060779057, -3.7857460217389747],
            [-78.73839742826182, -3.785739468533906],
            [-78.7383942604485, -3.78573290903163],
            [-78.73839110344598, -3.785726345037754],
            [-78.73838795455451, -3.7857197765451875],
            [-78.73838481196954, -3.785713205357195],
            [-78.73838167569109, -3.785706631473778],
            [-78.7383785421171, -3.7857000557894693],
            [-78.73837541034534, -3.78569347920591],
            [-78.73817276096597, -3.785267885811973],
            [-78.73807725232697, -3.785067303696326],
            [-78.73807412145749, -3.7850607271166803],
            [-78.73807099058801, -3.7850541505370505],
            [-78.73806786242304, -3.7850475721565617],
            [-78.73806473606025, -3.7850409928768096],
            [-78.73806161329954, -3.7850344127025184],
            [-78.73805849414555, -3.7850278298257156],
            [-78.73805538129807, -3.7850212442535023],
            [-78.73805227385718, -3.785014655983489],
            [-78.73804917272278, -3.785008065018051],
            [-78.7380460796994, -3.7850014695539214],
            [-78.73804299568465, -3.784994870497457],
            [-78.73803992067849, -3.784988267848657],
            [-78.73803685558791, -3.7849816588979213],
            [-78.73803380220802, -3.784975045457939],
            [-78.7380307605412, -3.7849684266247166],
            [-78.73802773148971, -3.7849618014966278],
            [-78.73802471595346, -3.7849551700760493],
            [-78.73802171573227, -3.784948532367674],
            [-78.73801873082853, -3.7849418874675247],
            [-78.73801576214214, -3.784935235377975],
            [-78.73801281057534, -3.7849285751973816],
            [-78.73800987792801, -3.7849219069304634],
            [-78.73800696330254, -3.784915229670881],
            [-78.73800406939637, -3.7849085443296837],
            [-78.73800119531191, -3.784901850000553],
            [-78.73799834374891, -3.784895146690526],
            [-78.73799551470975, -3.7848884334956554],
            [-78.73799270819674, -3.784881709511929],
            [-78.73798992690496, -3.78487497655441],
            [-78.73798717084145, -3.784868231911123],
            [-78.73798444090143, -3.784861477392405],
            [-78.73798099076475, -3.784852826888112],
            [-78.7379775850608, -3.7848441586272275],
            [-78.73797422388013, -3.784835472852843],
            [-78.73797090731256, -3.7848267697871543],
            [-78.7379676354457, -3.7848180496717823],
            [-78.73796440836665, -3.784809312733292],
            [-78.73796122616096, -3.78480055919469],
            [-78.73795876736904, -3.7847937005236743],
            [-78.7379563356005, -3.7847868319796003],
            [-78.73795392995547, -3.7847799535600934],
            [-78.73795154952927, -3.7847730670707387],
            [-78.73794919252448, -3.784766171602878],
            [-78.73794685893635, -3.7847592689644713],
            [-78.73794454786734, -3.7847523582491474],
            [-78.73794225841519, -3.7847454403585616],
            [-78.73793998878001, -3.784738515287986],
            [-78.73793773985945, -3.7847315839437563],
            [-78.73793550895134, -3.7847246472228],
            [-78.73793329605803, -3.7847177042211175],
            [-78.73793110117956, -3.784710754938707],
            [-78.73792892161144, -3.78470380117648],
            [-78.73792675735369, -3.7846968429344368],
            [-78.73792460840866, -3.7846898793085746],
            [-78.73792247207187, -3.7846829120998042],
            [-78.73792034924328, -3.784675941310463],
            [-78.73791823722544, -3.7846689660295194],
            [-78.73791613691361, -3.7846619880672896],
            [-78.73791404560802, -3.784655007416685],
            [-78.7379119642109, -3.784648023176098],
            [-78.73790989001785, -3.7846410371464057],
            [-78.73790782393112, -3.784634048426014],
            [-78.73790576414852, -3.784627057914158],
            [-78.73790370886785, -3.7846200665101217],
            [-78.73790165899139, -3.7846130733122965],
            [-78.7378996127193, -3.7846060783159197],
            [-78.73789756824706, -3.7845990833242844],
            [-78.73789552647457, -3.784592088339736],
            [-78.73789348560672, -3.784585091549598],
            [-78.73782929184877, -3.784365044563631],
            [-78.73782725097864, -3.7843580486779222],
            [-78.73782520920857, -3.784351052789854],
            [-78.73782316653626, -3.78434405780344],
            [-78.73782112116417, -3.784337062809971],
            [-78.73781907219006, -3.7843300687110655],
            [-78.73781702051153, -3.7843230764130658],
            [-78.73781496433105, -3.7843160850072755],
            [-78.73781290274871, -3.784309094491354],
            [-78.73781083575983, -3.784302106673232],
            [-78.73780876246681, -3.7842951206466013],
            [-78.73780668106984, -3.784288136406735],
            [-78.73780459246649, -3.7842811548599684],
            [-78.73780249485927, -3.784274175097624],
            [-78.73780038824346, -3.78426719892763],
            [-78.73779827081927, -3.7842602263453062],
            [-78.73779614348891, -3.784253256449029],
            [-78.73779400355032, -3.784246290135691],
            [-78.7377918519034, -3.78423932740765],
            [-78.7377896876459, -3.784232369166529],
            [-78.73778750897796, -3.784225415407631],
            [-78.73778531680186, -3.7842184652293334],
            [-78.73778310841082, -3.7842115213364904],
            [-78.73778088471177, -3.7842045810195146],
            [-78.73777864479777, -3.784197646988012],
            [-78.73777638777125, -3.78419071833564],
            [-78.73777411183002, -3.7841837959616536],
            [-78.73777181787399, -3.7841768798684248],
            [-78.73776950500327, -3.7841699700535787],
            [-78.73776717141799, -3.784163066512437],
            [-78.7377648171158, -3.7841561701489277],
            [-78.73776244209441, -3.7841492818670837],
            [-78.73775941425295, -3.7841406036812426],
            [-78.73775635128369, -3.784131937936423],
            [-78.73775325323761, -3.784123284785732],
            [-78.73775012016611, -3.784114644369362],
            [-78.7377469521211, -3.7841060168340097],
            [-78.7377437491545, -3.784097402315628],
            [-78.73774051131979, -3.784088800960172],
            [-78.7377379201139, -3.7840819907592667],
            [-78.73773530728654, -3.784075189541617],
            [-78.73773267373994, -3.784068396405632],
            [-78.73773002127629, -3.7840616104520146],
            [-78.73772734989326, -3.7840548325847596],
            [-78.73772465959553, -3.7840480609958873],
            [-78.73772195217825, -3.7840412974981104],
            [-78.73771922764611, -3.784034540283432],
            [-78.7377164877966, -3.7840277902605473],
            [-78.73771373173449, -3.7840210456191694],
            [-78.73771096125729, -3.784014307267962],
            [-78.7377081772649, -3.784007575209283],
            [-78.73770537885976, -3.7840008485368073],
            [-78.73770256874162, -3.78399412725761],
            [-78.73769974691284, -3.783987410467691],
            [-78.73769691427096, -3.7839806990734055],
            [-78.7376940708207, -3.7839739912667762],
            [-78.73769121745961, -3.783967287954139],
            [-78.73768835508766, -3.78396058913787],
            [-78.73768548460939, -3.7839538930123444],
            [-78.73768260602016, -3.7839472013855446],
            [-78.73767972112681, -3.783940511550223],
            [-78.73767682902478, -3.783933825311985],
            [-78.73767393241846, -3.7839271408699555],
            [-78.73767103040562, -3.7839204591257265],
            [-78.73766812479079, -3.783913778276083],
            [-78.73766521556925, -3.78390710012897],
            [-78.73766230274806, -3.7839004219724455],
            [-78.73765938902228, -3.783893745621541],
            [-78.73765647349668, -3.7838870692659397],
            [-78.73765355706885, -3.7838803938119945],
            [-78.73762652911962, -3.7838185291156528],
            [-78.73762361269199, -3.7838118536618572],
            [-78.73762069716429, -3.7838051782104327],
            [-78.73761778163896, -3.783798501855046],
            [-78.73761486701358, -3.783791825502045],
            [-78.73761195329047, -3.7837851482474245],
            [-78.73760904136722, -3.7837784709975306],
            [-78.73760613034626, -3.78377179284603],
            [-78.73760322202742, -3.7837651137976365],
            [-78.73760031641305, -3.783758432948367],
            [-78.73759741259853, -3.7837517521038118],
            [-78.7375945123884, -3.7837450694607564],
            [-78.73759161488272, -3.7837383850168083],
            [-78.73758872097908, -3.7837316996783397],
            [-78.73758583067983, -3.7837250125413386],
            [-78.73758294488489, -3.783718323608175],
            [-78.73758006269433, -3.783711632876496],
            [-78.73757718591034, -3.7837049394470155],
            [-78.73757431362829, -3.7836982451253522],
            [-78.73757144675282, -3.783691548105923],
            [-78.73756858528392, -3.7836848483886776],
            [-78.73756572922157, -3.7836781459736617],
            [-78.73756287946337, -3.7836714417671833],
            [-78.73756003601399, -3.783664733961297],
            [-78.73755719977102, -3.78365802346234],
            [-78.73755436983453, -3.783651310267955],
            [-78.73755154710443, -3.783644594380483],
            [-78.737548732483, -3.7836378748983166],
            [-78.73754592507032, -3.783631151819082],
            [-78.73754312576396, -3.783624426049134],
            [-78.73754033546852, -3.7836176957828664],
            [-78.73753755417933, -3.783610962828243],
            [-78.73752535928577, -3.7835811394683914],
            [-78.73751334108847, -3.7835512438117376],
            [-78.73750150001182, -3.783521276926187],
            [-78.73748983647438, -3.7834912398667226],
            [-78.73747835088881, -3.783461133694826],
            [-78.73746704366002, -3.7834309594741353],
            [-78.73745591518758, -3.7834007182677087],
            [-78.73745342307043, -3.7833938712644013],
            [-78.73745094086175, -3.7833870206711127],
            [-78.73744846675936, -3.7833801673870915],
            [-78.73744600076566, -3.7833733105083756],
            [-78.73744354287824, -3.783366450938928],
            [-78.73744109309713, -3.783359588678781],
            [-78.7374386496225, -3.7833527237231888],
            [-78.73743621425182, -3.783345856980861],
            [-78.73743378608988, -3.783338986641466],
            [-78.73743136333216, -3.7833321145082834],
            [-78.73742894777847, -3.78332524058599],
            [-78.73742653763134, -3.783318363965912],
            [-78.73742413288842, -3.783311485552011],
            [-78.7374217335497, -3.7833046053443224],
            [-78.73741933961517, -3.7832977233428124],
            [-78.73741695018495, -3.783290839545142],
            [-78.73741456525902, -3.7832839539513063],
            [-78.73741218483737, -3.7832770665613107],
            [-78.73740980801541, -3.783270179180757],
            [-78.73740743480016, -3.783263289097687],
            [-78.73740506518459, -3.7832563990240757],
            [-78.73740269827347, -3.783249507149572],
            [-78.7374003331622, -3.7832426152798138],
            [-78.7373979716553, -3.7832357216115193],
            [-78.73739561194824, -3.783228827947955],
            [-78.73739325404571, -3.7832219324811573],
            [-78.73739089704077, -3.7832150379207117],
            [-78.73738854183802, -3.7832081424610133],
            [-78.73738618753754, -3.783201246099708],
            [-78.73738383323706, -3.783194349738417],
            [-78.73738147983416, -3.7831874542834765],
            [-78.73729929206543, -3.782946636349862],
            [-78.73710818157284, -3.7823866605578185],
            [-78.73708951763409, -3.7823368107547894],
            [-78.73706796363452, -3.7822881515618003],
            [-78.73704359438894, -3.7822408518602333],
            [-78.73701649448523, -3.7821950758426937],
            [-78.73698675798887, -3.7821509823965536],
            [-78.7369544881174, -3.782108724564284],
            [-78.73691979688118, -3.7820684490359957],
            [-78.73652485639235, -3.781636344771895],
            [-78.73651994776068, -3.7816309739843468],
            [-78.73651503912437, -3.78162560500475],
            [-78.7365101277837, -3.781620237826067],
            [-78.7365052137363, -3.781614873352261],
            [-78.73650029608224, -3.7816095115809754],
            [-78.73649537391695, -3.78160415431783],
            [-78.73649044633812, -3.781598802464449],
            [-78.73648551154365, -3.7815934569200795],
            [-78.73648057043339, -3.78158811768708],
            [-78.73647562030291, -3.7815827865663727],
            [-78.73647066115223, -3.7815774635579262],
            [-78.73646569117683, -3.7815721504649984],
            [-78.7364607112766, -3.781566847289966],
            [-78.73645571964704, -3.781561555836042],
            [-78.73645071448597, -3.781556277002523],
            [-78.73644569579338, -3.7815510107893964],
            [-78.73644066266704, -3.7815457580982814],
            [-78.73643561419996, -3.781540521638778],
            [-78.73643054949692, -3.7815352996005718],
            [-78.73642546764864, -3.7815300955972058],
            [-78.73642036775756, -3.7815249087223584],
            [-78.73641524892138, -3.7815197398776568],
            [-78.73641011113308, -3.781514591775038],
            [-78.73640495259521, -3.7815094635058064],
            [-78.73639977240079, -3.7815043577795477],
            [-78.73639457145205, -3.78149927369465],
            [-78.73638934614235, -3.7814942139536143],
            [-78.73638409827149, -3.78148917856115],
            [-78.73637882603728, -3.781484168416542],
            [-78.73637352853514, -3.781479185325391],
            [-78.73636820576272, -3.7814742301916584],
            [-78.73634694974793, -3.7814549628107526],
            [-78.73632529171822, -3.7814361526022973],
            [-78.73630324141604, -3.7814178080436784],
            [-78.73628080876179, -3.7813999373831733],
            [-78.73625800384677, -3.781382548656169],
            [-78.73623483692933, -3.7813656496894605],
            [-78.7362113184317, -3.7813492480807507],
            [-78.73620530224383, -3.7813451707106505],
            [-78.73619926527586, -3.7813411249256714],
            [-78.73619320843244, -3.781337108920227],
            [-78.73618713171352, -3.781333122694283],
            [-78.73618103692131, -3.781329165348604],
            [-78.73617492406048, -3.7813252350752005],
            [-78.73616879493088, -3.7813213318788024],
            [-78.73616264953485, -3.7813174548554103],
            [-78.73615648787707, -3.7813136021970806],
            [-78.73615031265965, -3.7813097730068908],
            [-78.73614412298501, -3.781305966378518],
            [-78.73613792065532, -3.7813021814126806],
            [-78.73613170567293, -3.781298417205396],
            [-78.73612547894245, -3.7812946719510485],
            [-78.73611924136381, -3.781290945652024],
            [-78.73611299294168, -3.78128723650035],
            [-78.73610673547824, -3.7812835435967407],
            [-78.73610046897583, -3.781279866037219],
            [-78.73609419433676, -3.7812762029201754],
            [-78.73608791246555, -3.7812725524400115],
            [-78.73608162336227, -3.7812689145967058],
            [-78.73607532793149, -3.781265287584644],
            [-78.73606902707549, -3.7812616705022335],
            [-78.73606272079897, -3.781258061541496],
            [-78.73605641090172, -3.7812544607071352],
            [-78.73605009648622, -3.781250867092826],
            [-78.73604377935932, -3.781247277991346],
            [-78.73603745951866, -3.7812436943066556],
            [-78.7360311378712, -3.7812401133291758],
            [-78.7360248153192, -3.781236534157301],
            [-78.73601849186267, -3.7812329567910106],
            [-78.73529768121304, -3.7808251615058217],
            [-78.73529135776467, -3.7808215841377746],
            [-78.73528503522328, -3.780818004060116],
            [-78.73527871448887, -3.7808144212752195],
            [-78.7352723973659, -3.7808108339798427],
            [-78.73526608296152, -3.7808072394596755],
            [-78.73525977397783, -3.780803636817811],
            [-78.73525346951722, -3.7808000251479266],
            [-78.73524717228887, -3.7807964008411483],
            [-78.73524088319265, -3.780792763899852],
            [-78.73523460223561, -3.7807891116120795],
            [-78.73522833031768, -3.7807854439801916],
            [-78.73522206924808, -3.780781757393006],
            [-78.73521581902679, -3.7807780518505028],
            [-78.73520958146068, -3.780774324645464],
            [-78.73520335835192, -3.780770574878607],
            [-78.73519714880766, -3.7807667998356536],
            [-78.73519095552528, -3.7807630004276405],
            [-78.73518477941641, -3.7807591721370315],
            [-78.73517862047873, -3.7807553158678227],
            [-78.73517248052144, -3.7807514280087804],
            [-78.73516636134202, -3.7807475094686325],
            [-78.73516026384978, -3.7807435566337695],
            [-78.73515418804706, -3.7807395686002665],
            [-78.73514813663596, -3.780735544471165],
            [-78.73514211052104, -3.780731482440901],
            [-78.73513611060697, -3.780727380703856],
            [-78.73513013779363, -3.78072323926239],
            [-78.73512419479016, -3.7807190545076423],
            [-78.73511828249411, -3.7807148273459674],
            [-78.73511240181244, -3.7807105550677895],
            [-78.73510655454498, -3.7807062376778053],
            [-78.73509385800912, -3.7806966071386445],
            [-78.73508133294287, -3.7806867526300567],
            [-78.73506898326082, -3.7806766772431337],
            [-78.735056812823, -3.7806663841238817],
            [-78.73504482543328, -3.7806558764893183],
            [-78.73503302483776, -3.780645157623162],
            [-78.73502141472507, -3.7806342308743717],
            [-78.73501618311231, -3.7806291783481942],
            [-78.7350109903015, -3.7806240852442983],
            [-78.73500583628793, -3.780618953370625],
            [-78.73500071926944, -3.780613783626424],
            [-78.73499563924133, -3.780608577819685],
            [-78.73499059350152, -3.780603336847316],
            [-78.73498558204062, -3.780598064325215],
            [-78.73498060396105, -3.78059275934708],
            [-78.73497565655369, -3.780587425521722],
            [-78.73497074071847, -3.780582062851513],
            [-78.73496585375091, -3.780576673137357],
            [-78.73496099474643, -3.7805712581848376],
            [-78.73495616190051, -3.7805658197971983],
            [-78.73495135521316, -3.780560357974454],
            [-78.73494657197995, -3.7805548745174913],
            [-78.7349418121938, -3.7805493721382644],
            [-78.73493707315733, -3.7805438499256874],
            [-78.73493235396127, -3.7805383114933346],
            [-78.73492765460558, -3.780532756841223],
            [-78.7349229714883, -3.780527186863887],
            [-78.73491830460235, -3.780521604273276],
            [-78.73491365214792, -3.7805160090646797],
            [-78.73490901322042, -3.7805104030436936],
            [-78.73490438511773, -3.780504787107226],
            [-78.73489976783519, -3.7804991630632174],
            [-78.73489515867303, -3.7804935309046304],
            [-78.73489055762423, -3.780487893343398],
            [-78.73488596198668, -3.7804822512764127],
            [-78.73488137085813, -3.7804766056052936],
            [-78.73487678243643, -3.7804709572293396],
            [-78.73487219581696, -3.7804653079541146],
            [-78.73476416585535, -3.7803322383779387],
            [-78.7347256752316, -3.780284826510479],
            [-78.7346939645142, -3.7802457662557507],
            [-78.73432818719446, -3.779795205903672],
            [-78.73432360148112, -3.7797895566321],
            [-78.73431901577254, -3.779783905552582],
            [-78.73431443457059, -3.7797782517729317],
            [-78.73430985697776, -3.7797725943867895],
            [-78.73430528479618, -3.779766932494914],
            [-78.73430072072793, -3.7797612652003987],
            [-78.73429616478006, -3.7797555897912756],
            [-78.73429161965232, -3.77974990627465],
            [-78.73428708624697, -3.7797442137488866],
            [-78.73428256636849, -3.7797385104107444],
            [-78.73427806091918, -3.779732795358601],
            [-78.73427357170354, -3.7797270667891985],
            [-78.73426910052139, -3.779721324707271],
            [-78.73426464827733, -3.7797155673072025],
            [-78.73426021767348, -3.779709793692105],
            [-78.73425580871215, -3.779704002957982],
            [-78.73425142409776, -3.779698193303952],
            [-78.73424706563016, -3.7796923647347307],
            [-78.73424273331405, -3.7796865154423616],
            [-78.73423843075139, -3.779680644532296],
            [-78.73423415794221, -3.779674752004519],
            [-78.73422991759327, -3.779668835154203],
            [-78.73422571150205, -3.7796628948899906],
            [-78.73422154057549, -3.779656928502356],
            [-78.7342174066111, -3.779650936899942],
            [-78.73421331141336, -3.7796449182795437],
            [-78.73420925678445, -3.7796388717418785],
            [-78.7342052454241, -3.7796327972940214],
            [-78.73420127733702, -3.779626693128032],
            [-78.73419735522529, -3.7796205583469753],
            [-78.73419348178628, -3.7796143938619173],
            [-78.73418946326773, -3.779607881539518],
            [-78.73418549984196, -3.779601335230582],
            [-78.73418159179352, -3.7795947554143736],
            [-78.73417773940412, -3.7795881425635995],
            [-78.73417394294987, -3.779581497153146],
            [-78.73417020270331, -3.779574819655763],
            [-78.73416651893314, -3.7795681105517045],
            [-78.73416157063002, -3.7795588804962494],
            [-78.73415672921567, -3.7795495934133267],
            [-78.73415199534138, -3.77954025055362],
            [-78.73414736964436, -3.7795308531839127],
            [-78.73414285274649, -3.779521402560199],
            [-78.73413844525459, -3.7795118999535595],
            [-78.7341341477618, -3.779502346638836],
            [-78.73413122415631, -3.7794956738905525],
            [-78.73412835280442, -3.7794889786795256],
            [-78.734125531004, -3.779482261902681],
            [-78.73412275875273, -3.779475524463994],
            [-78.73412003334616, -3.7794687681643477],
            [-78.73411735388437, -3.7794619930014015],
            [-78.73411471766296, -3.7794552007760074],
            [-78.73411212377964, -3.7794483923898166],
            [-78.73410957133453, -3.7794415678404536],
            [-78.73410705672325, -3.7794347289264634],
            [-78.73410457994346, -3.7794278765518055],
            [-78.73410213919301, -3.779421011615761],
            [-78.73409973177218, -3.7794141341112546],
            [-78.73409735587873, -3.7794072449375498],
            [-78.73409501060812, -3.77940034590023],
            [-78.73409269416048, -3.779393436994609],
            [-78.73409040473369, -3.7793865191199365],
            [-78.73408814052554, -3.779379593175459],
            [-78.7340858988363, -3.779372659154134],
            [-78.73408367966128, -3.779365718863917],
            [-78.73408147940319, -3.7793587713913688],
            [-78.73407929805731, -3.7793518185444954],
            [-78.73407713202401, -3.779344860313813],
            [-78.73407498130096, -3.7793378976033343],
            [-78.73407284228615, -3.7793309313076096],
            [-78.73407071497957, -3.779323961426618],
            [-78.73406859577925, -3.779316988854942],
            [-78.73406648468281, -3.779310014496527],
            [-78.73406437809298, -3.779303037437962],
            [-78.73406227600272, -3.779296060391219],
            [-78.73406017481705, -3.7792890815388733],
            [-78.73398600360025, -3.7790426568279925],
            [-78.73398390331228, -3.7790356788825124],
            [-78.73398179762249, -3.7790287018268627],
            [-78.73397968472638, -3.7790217274643187],
            [-78.73397756012204, -3.7790147566870687],
            [-78.73397541840531, -3.77900779128889],
            [-78.73397325777638, -3.779000831265119],
            [-78.73397107192648, -3.7789938802151317],
            [-78.73396885905812, -3.7789869372302514],
            [-78.73396661376717, -3.7789800041042882],
            [-78.73396433244693, -3.7789730835397624],
            [-78.73396201239532, -3.7789661764335682],
            [-78.73395964731063, -3.7789592836731742],
            [-78.73395723538599, -3.77895240796582],
            [-78.73395477211714, -3.778945551107672],
            [-78.73395225390212, -3.7789387139932815],
            [-78.73394967623665, -3.778931898418816],
            [-78.73394703641165, -3.778925107993114],
            [-78.7339443299252, -3.7789183436084004],
            [-78.73394155317061, -3.778911607967147],
            [-78.7339387034411, -3.7789049037742304],
            [-78.73393577623246, -3.7788982328258394],
            [-78.73393276973782, -3.778891597829173],
            [-78.73392967854831, -3.778885002386033],
            [-78.73392650085941, -3.7788784482996283],
            [-78.73392323216223, -3.778871939174133],
            [-78.73391987064987, -3.778865477716733],
            [-78.73391641271095, -3.7788590684379044],
            [-78.73391285563874, -3.7788527140425288],
            [-78.73390919672407, -3.7788464181394237],
            [-78.73390543325553, -3.778840185241462],
            [-78.73390156342622, -3.7788340180558104],
            [-78.73388763050478, -3.7788136384108144],
            [-78.73387249089039, -3.778794146618262],
            [-78.73385620050196, -3.778775614656409],
            [-78.73383881950944, -3.778758110985503],
            [-78.73382041211133, -3.778741700255037],
            [-78.73380104629706, -3.778726443074676],
            [-78.7337807935955, -3.778712395807083],
            [-78.73377466449816, -3.7787084926110275],
            [-78.73376846943046, -3.7787046959124497],
            [-78.7337622110945, -3.778701004814426],
            [-78.73375589399922, -3.7786974157128475],
            [-78.73374952265121, -3.778693925907532],
            [-78.7337430988573, -3.7786905326912934],
            [-78.73373662712416, -3.7786872333639323],
            [-78.73373011106075, -3.778684024318999],
            [-78.73372355247395, -3.778680902849257],
            [-78.73371695587271, -3.7786778653505784],
            [-78.73371032216632, -3.7786749082093753],
            [-78.73370365496147, -3.7786720287231566],
            [-78.7336969560697, -3.778669222376749],
            [-78.73369022999529, -3.7786664873739664],
            [-78.73368347585472, -3.7786638173845852],
            [-78.7336766981499, -3.778661211516434],
            [-78.73366989869474, -3.7786586643503384],
            [-78.73366307839854, -3.7786561722727288],
            [-78.73365623997041, -3.77865373167478],
            [-78.73364938431732, -3.7786513398468826],
            [-78.7336425141554, -3.7786489904682794],
            [-78.73363563038927, -3.7786466817333544],
            [-78.73362873483049, -3.7786444091269322],
            [-78.7336218283907, -3.7786421681314457],
            [-78.73361491377668, -3.778639956042068],
            [-78.7336079910025, -3.7786377674348977],
            [-78.73360106187738, -3.7786355986987368],
            [-78.7335941282105, -3.778633446222388],
            [-78.73358719091121, -3.7786313063922825],
            [-78.73358025089345, -3.778629173786893],
            [-78.73357330906423, -3.7786270456966733],
            [-78.73300518340253, -3.7784529193204173],
            [-78.73299824157625, -3.778450792131226],
            [-78.73299129884076, -3.7784486685555683],
            [-78.73298435519132, -3.778446550401385],
            [-78.73297740791882, -3.7784444412775233],
            [-78.73297045701389, -3.778442344799895],
            [-78.73296350156959, -3.7784402636780925],
            [-78.73295654158116, -3.7784381997200684],
            [-78.73294957433718, -3.7784361574386223],
            [-78.7329426007305, -3.7784341395480907],
            [-78.73293561895427, -3.778432148755659],
            [-78.7329286289991, -3.7784301886772496],
            [-78.73292162995804, -3.7784282620224383],
            [-78.73291462002186, -3.7784263724024365],
            [-78.73290760098334, -3.778424522533908],
            [-78.7329005701357, -3.7784227151216756],
            [-78.73289352747193, -3.7784209528777053],
            [-78.73288647297791, -3.77841924122586],
            [-78.7328794066513, -3.778417581070134],
            [-78.7328723275828, -3.7784159760240623],
            [-78.73286523486311, -3.7784144297012103],
            [-78.73285812938276, -3.7784129457198454],
            [-78.73285101113468, -3.778411526791917],
            [-78.73284387921194, -3.778410175626981],
            [-78.73283673450267, -3.778408896747314],
            [-78.73282957700222, -3.7784076919608536],
            [-78.73282240759875, -3.7784065657898798],
            [-78.73281522448771, -3.778405520037592],
            [-78.73280803125702, -3.778404559233346],
            [-78.73280082609983, -3.778403686084355],
            [-78.73279360990664, -3.778402904208885],
            [-78.7327863853678, -3.778402217229923],
            [-78.7327640441706, -3.7784007096556804],
            [-78.73274165996018, -3.77840013385337],
            [-78.73271927123152, -3.778400490808676],
            [-78.73269691648831, -3.778401779913352],
            [-78.73267463417457, -3.7784039989533547],
            [-78.73265246261002, -3.7784071441086837],
            [-78.7326304399241, -3.7784112099609297],
            [-78.7326233410578, -3.7784127236096086],
            [-78.7326162617477, -3.778414330419942],
            [-78.7326092038053, -3.7784160258767363],
            [-78.73260216633777, -3.7784178072657073],
            [-78.73259515025438, -3.7784196709732845],
            [-78.73258815556223, -3.7784216142875335],
            [-78.73258118226828, -3.778423634496506],
            [-78.73257423038667, -3.778425726176353],
            [-78.73256729901983, -3.7784278884207256],
            [-78.73256038907938, -3.7784301167120913],
            [-78.73255349967485, -3.7784324074321645],
            [-78.73254662991098, -3.7784347587706355],
            [-78.7325397797972, -3.7784371671115924],
            [-78.7325329493452, -3.778439627935131],
            [-78.73252613585764, -3.778442140330198],
            [-78.73251934114606, -3.778444699781627],
            [-78.73251256251775, -3.7784473035703887],
            [-78.7325057990799, -3.7784499489822103],
            [-78.7324990517418, -3.778452632403527],
            [-78.73249231781071, -3.77845535111531],
            [-78.73248559639617, -3.778458101499294],
            [-78.73247888750285, -3.7784608817475234],
            [-78.73247218934033, -3.778463688239372],
            [-78.73246550101808, -3.778466517356553],
            [-78.73245882163857, -3.778469368192751],
            [-78.73245214941603, -3.778472235319349],
            [-78.73244548345528, -3.7784751169260318],
            [-78.73243882196118, -3.778478011200147],
            [-78.73243216404555, -3.7784809136194144],
            [-78.73242550971545, -3.778483821471935],
            [-78.73241885627822, -3.7784867320386524],
            [-78.73204919438182, -3.7786484937788054],
            [-78.73204254094112, -3.7786514052450895],
            [-78.73203588570998, -3.7786543130906542],
            [-78.73202922779316, -3.778657215505199],
            [-78.7320225672001, -3.778660108872785],
            [-78.73201590123575, -3.7786629913784107],
            [-78.73200922811205, -3.7786658584974426],
            [-78.73200254873359, -3.7786687084242834],
            [-78.73199586040766, -3.7786715384399248],
            [-78.7319891622438, -3.7786743449261],
            [-78.73198245335149, -3.7786771242645245],
            [-78.73197573283315, -3.7786798755488777],
            [-78.7319689989007, -3.778682594254525],
            [-78.7319622506613, -3.778685277667174],
            [-78.73195548812433, -3.7786879221709366],
            [-78.7319487094947, -3.7786905259531007],
            [-78.73194191388184, -3.778693085395422],
            [-78.73193510129286, -3.7786955977859678],
            [-78.7319282699373, -3.7786980595040767],
            [-78.73192141982459, -3.77870046693386],
            [-78.73191455005947, -3.7787028182649864],
            [-78.73190766065139, -3.7787051098815483],
            [-78.7319007507098, -3.778707338165264],
            [-78.73189382024411, -3.7787094995002426],
            [-78.73188686745924, -3.778711592073794],
            [-78.73187989416668, -3.778713611370751],
            [-78.73187289947363, -3.778715554676811],
            [-78.73186588338712, -3.7787174192800435],
            [-78.7318588468188, -3.778719200662904],
            [-78.7318517879759, -3.7787208961087644],
            [-78.73184470956757, -3.778722502008777],
            [-78.731837609801, -3.7787240156462767],
            [-78.73180176885562, -3.7787301523619474],
            [-78.73176559803629, -3.778733852244905],
            [-78.73172926134612, -3.778735098514645],
            [-78.7316929235409, -3.7787338855233576],
            [-78.73165674938097, -3.7787302187703133],
            [-78.73162090288511, -3.778724114884817],
            [-78.73158554658599, -3.778715601535882],
            [-78.73155084079397, -3.7787047173268387],
            [-78.73151694286948, -3.7786915116145394],
            [-78.73148400651009, -3.7786760442639404],
            [-78.73145218105388, -3.778658385415932],
            [-78.73144597516296, -3.7786546058542925],
            [-78.73143981897617, -3.778650745968372],
            [-78.7314337115866, -3.7786468084677596],
            [-78.73142765118502, -3.778642796963661],
            [-78.7314216386643, -3.7786387141703637],
            [-78.7314156731151, -3.7786345637014214],
            [-78.73140975183068, -3.7786303482616814],
            [-78.73140387390171, -3.7786260714647084],
            [-78.73139804022107, -3.7786217360247942],
            [-78.73139224718206, -3.7786173446444455],
            [-78.73138649387539, -3.778612900937196],
            [-78.73138077939642, -3.7786084067086514],
            [-78.73137510193595, -3.778603865570001],
            [-78.73136945968714, -3.778599280228473],
            [-78.731363851743, -3.778594653393639],
            [-78.731358276299, -3.7785899868687283],
            [-78.7313527297438, -3.7785852851641897],
            [-78.7313472129773, -3.7785805482823798],
            [-78.73134172238574, -3.7785757816377528],
            [-78.73133625706922, -3.7785709852279163],
            [-78.73133081341636, -3.778566163563346],
            [-78.73132539142482, -3.7785613175480197],
            [-78.73131998838547, -3.7785564507907465],
            [-78.73131460249378, -3.778551565094794],
            [-78.73130923014308, -3.7785466631626328],
            [-78.73130387132866, -3.778541746802221],
            [-78.73129852334377, -3.778536818718418],
            [-78.73129318348161, -3.778531881616095],
            [-78.73128784993767, -3.77852693729845],
            [-78.73128252090508, -3.7785219884727264],
            [-78.73127719457699, -3.778517037846134],
            [-78.73091541838203, -3.7781807389409447],
            [-78.73091009206298, -3.778175786506622],
            [-78.7309047693507, -3.7781708313697955],
            [-78.73089945295662, -3.778165869017685],
            [-78.7308941464898, -3.7781608958438078],
            [-78.730888852657, -3.7781559091433015],
            [-78.73088357506725, -3.7781509053097184],
            [-78.73087831642968, -3.778145880734199],
            [-78.73087308125322, -3.7781408318126606],
            [-78.73086787224464, -3.7781357558402364],
            [-78.730862693013, -3.7781306492104814],
            [-78.73085754626503, -3.7781255092184973],
            [-78.73085243650969, -3.778120332260215],
            [-78.73084736735602, -3.778115114729151],
            [-78.73084234240598, -3.7781098557307775],
            [-78.73083736527332, -3.7781045498506587],
            [-78.73083243956235, -3.7780991952902823],
            [-78.73082756977732, -3.7780937902535014],
            [-78.73082276042716, -3.7780883311362143],
            [-78.73081801421631, -3.7780828161375295],
            [-78.73081333655124, -3.778077242559684],
            [-78.7308087310363, -3.7780716086041486],
            [-78.73080420307797, -3.7780659115731945],
            [-78.7307997562806, -3.7780601496682746],
            [-78.73079539604596, -3.778054321999576],
            [-78.73079112687832, -3.7780484267709498],
            [-78.73078695417944, -3.7780424630925977],
            [-78.73078288155601, -3.7780364282620025],
            [-78.73077891530504, -3.7780303231996792],
            [-78.73077506082832, -3.7780241470158105],
            [-78.73077132263008, -3.7780178979142502],
            [-78.73076994661233, -3.7780154933239314],
            [-78.73076770610508, -3.778011577717096],
            [-78.7307657683499, -3.778007515554964],
            [-78.7307630859199, -3.7780018938754147],
            [-78.7307627243285, -3.7780011344845414],
            [-78.73075366385997, -3.7779821442344237],
            [-78.73074921731013, -3.777972825153776],
            [-78.73074758655282, -3.77796940652945],
            [-78.7307385717455, -3.7779418511521268],
            [-78.73073791552721, -3.777939843490768],
            [-78.73073305322987, -3.7779249800907384],
            [-78.73073004557675, -3.7779091081892577],
            [-78.73072825590263, -3.777899662287757],
            [-78.73072479461612, -3.777881396351276],
            [-78.73072476880071, -3.7778823264829673],
            [-78.73072434898096, -3.7778790412084655],
            [-78.73072336931322, -3.7778622923378995],
            [-78.73072330902413, -3.777861251694344],
            [-78.73072285666676, -3.777853519637891],
            [-78.73072212775345, -3.77784104907666],
            [-78.73072161939496, -3.7778323577464534],
            [-78.73072268733634, -3.7778172224336277],
            [-78.73072273500793, -3.777816539146858],
            [-78.73072424488117, -3.7777951430968346],
            [-78.73072459338968, -3.77779020283508],
            [-78.73072478960002, -3.7777874217913245],
            [-78.7307249101359, -3.777785710865991],
            [-78.73072556158901, -3.7777812423743633],
            [-78.73072596198672, -3.7777784971215116],
            [-78.73072715326443, -3.7777713063423084],
            [-78.73072848036705, -3.7777641394228763],
            [-78.73072993609297, -3.7777569972483467],
            [-78.7307315168355, -3.777749882521201],
            [-78.73073321719521, -3.7777427952272773],
            [-78.73073503177028, -3.7777357362563713],
            [-78.73073695605648, -3.7777287074046506],
            [-78.7307389846567, -3.7777217077539893],
            [-78.73074111306909, -3.7777147381965284],
            [-78.73074333589416, -3.7777077987181236],
            [-78.73074564773484, -3.777700888400634],
            [-78.73074804499146, -3.7776940072346337],
            [-78.73075052226463, -3.7776871552059266],
            [-78.73075307505947, -3.777680330494759],
            [-78.7307556979742, -3.7776735339909795],
            [-78.73075838741859, -3.777666762069203],
            [-78.73076113709094, -3.777660015616903],
            [-78.73076394429619, -3.777653292819033],
            [-78.7307668036373, -3.777646592757448],
            [-78.73076970972184, -3.777639912706061],
            [-78.73077265985242, -3.7776332517538327],
            [-78.73077564863198, -3.7776266089825894],
            [-78.73077867157036, -3.7776199807646247],
            [-78.73078172506793, -3.777613367090518],
            [-78.7307848037323, -3.777606765234159],
            [-78.7307879030663, -3.777600174279791],
            [-78.73079102037957, -3.7775935906043743],
            [-78.73079415027502, -3.7775870132898253],
            [-78.7307972891601, -3.7775804396147414],
            [-78.73080043163766, -3.7775738686609857],
            [-78.73081161623338, -3.777550488424925],
            [-78.7309019435056, -3.7773616688035148],
            [-78.73090508598084, -3.7773550978484116],
            [-78.73090822576098, -3.777348525078219],
            [-78.7309113583512, -3.7773419486731834],
            [-78.7309144810541, -3.7773353677222863],
            [-78.73091758937487, -3.7773287804057234],
            [-78.73092068061847, -3.777322184908501],
            [-78.73092375208988, -3.7773155794155664],
            [-78.73092679929191, -3.7773089630111314],
            [-78.73092981862963, -3.7773023338778353],
            [-78.73093280740567, -3.777295691104593],
            [-78.73093576202746, -3.777289031970035],
            [-78.73093867889534, -3.777282356464742],
            [-78.7309415535145, -3.777275662768945],
            [-78.73094438318756, -3.7772689499715923],
            [-78.73094716431959, -3.7772622162552905],
            [-78.73094989241339, -3.7772554607042683],
            [-78.7309525647716, -3.777248682407453],
            [-78.7309551777946, -3.7772418813554243],
            [-78.73095772698753, -3.777235055728433],
            [-78.73096020875077, -3.7772282055170265],
            [-78.7309626194894, -3.777221328903828],
            [-78.73096495470155, -3.7772144267810046],
            [-78.73096721168982, -3.7772074982375003],
            [-78.73096938595467, -3.777200543261536],
            [-78.73097147389883, -3.7771935609396823],
            [-78.73097347102043, -3.777186552164119],
            [-78.73097537371983, -3.777179516925424],
            [-78.73097717749515, -3.777172456115765],
            [-78.73097887874911, -3.7771653688217444],
            [-78.73098047387741, -3.7771582568418607],
            [-78.7309819574782, -3.7771511210659527],
            [-78.7309842311823, -3.7771388596231708],
            [-78.73098616723075, -3.7771265398264804],
            [-78.73098776414948, -3.7771141710609064],
            [-78.73098902072297, -3.7771017627439005],
            [-78.7309899359947, -3.777089324325965],
            [-78.73099050926689, -3.7770768652733975],
            [-78.7309907401032, -3.7770643950731313],
            [-78.73099071674889, -3.7770571052845447],
            [-78.73099058090382, -3.7770498161050123],
            [-78.73099033526066, -3.777042530253529],
            [-78.73098998341668, -3.7770352486435255],
            [-78.73098952986673, -3.777027973094739],
            [-78.73098897911035, -3.777020703618965],
            [-78.73098833384023, -3.77701344293525],
            [-78.73098759855824, -3.7770061901513947],
            [-78.7309867759594, -3.7769989470824172],
            [-78.73098587234307, -3.776991713744869],
            [-78.73098488950909, -3.776984490143435],
            [-78.73098383105236, -3.7769772780955395],
            [-78.73098270327459, -3.7769700767136922],
            [-78.73098150707568, -3.7769628860002835],
            [-78.73098024785273, -3.776955706873435],
            [-78.73097893011, -3.7769485375369882],
            [-78.73097755564257, -3.776941379803631],
            [-78.7309761298546, -3.776934231879537],
            [-78.73097465544816, -3.776927092867825],
            [-78.7309731369181, -3.776919964588246],
            [-78.73097157787106, -3.776912844338306],
            [-78.73096998280424, -3.7769057330337823],
            [-78.73096835352217, -3.7768986288714395],
            [-78.73096669542666, -3.7768915309614575],
            [-78.73096501121503, -3.7768844402148765],
            [-78.73096330449397, -3.776877353929204],
            [-78.73096158066059, -3.7768702730225883],
            [-78.73095984151941, -3.7768631956917975],
            [-78.73095809067472, -3.7768561201382833],
            [-78.73095633352364, -3.776849047280212],
            [-78.73095457277292, -3.776841974412717],
            [-78.73091420524545, -3.7766799324966827],
            [-78.7309124435924, -3.776672860531105],
            [-78.73091068013953, -3.7766657885608206],
            [-78.73090891398459, -3.7766587174874484],
            [-78.73090714332777, -3.7766516473062675],
            [-78.7309053672668, -3.7766445789189143],
            [-78.73090358400187, -3.7766375123206335],
            [-78.73090179263308, -3.776630447509101],
            [-78.73089999135827, -3.7766233853835587],
            [-78.7308981783753, -3.7766163268432624],
            [-78.73089635368648, -3.7766092709842543],
            [-78.73089451368985, -3.7766022187010555],
            [-78.73089265928296, -3.776595170900001],
            [-78.73089078776611, -3.7765881275740325],
            [-78.7308888973395, -3.776581088718431],
            [-78.73088698800073, -3.7765740552371367],
            [-78.73088505794769, -3.7765670280294596],
            [-78.73088310448297, -3.776560006184313],
            [-78.7308811276019, -3.7765529915096647],
            [-78.73087912640223, -3.7765459849071323],
            [-78.73087709818891, -3.776538984561669],
            [-78.7308750411551, -3.7765319931805017],
            [-78.73087295620071, -3.7765250107659925],
            [-78.73087083972612, -3.7765180373087004],
            [-78.73086869262887, -3.7765110737149623],
            [-78.730866511307, -3.776504120879319],
            [-78.73086429486061, -3.7764971787994273],
            [-78.73086204328732, -3.776490248379231],
            [-78.73085975478502, -3.7764833305180194],
            [-78.73085742665396, -3.7764764252087],
            [-78.73085505979168, -3.7764695333576075],
            [-78.73085265059389, -3.776462656763274],
            [-78.73084867604467, -3.776451594329711],
            [-78.73084459148437, -3.7764405724010257],
            [-78.73084039732244, -3.7764295920834257],
            [-78.73083609397875, -3.7764186544836273],
            [-78.73083168188494, -3.7764077606933255],
            [-78.73082716148224, -3.776396911806434],
            [-78.73082253322329, -3.7763861088980497],
            [-78.73081961054595, -3.7763794361620984],
            [-78.73081664822578, -3.7763727814019017],
            [-78.73081364716504, -3.7763661437158524],
            [-78.73081061006346, -3.776359523111033],
            [-78.73080753602345, -3.776352918681107],
            [-78.73080442864466, -3.7763463304354943],
            [-78.73080128882701, -3.776339758376572],
            [-78.73079811657517, -3.776333200696369],
            [-78.7307949145842, -3.776326659209933],
            [-78.73079168466325, -3.7763201303060616],
            [-78.73078842680768, -3.7763136157927226],
            [-78.73078514371952, -3.7763071147730023],
            [-78.73078183540115, -3.776300626342924],
            [-78.7307785036547, -3.7762941496032285],
            [-78.73077515028001, -3.776287684558651],
            [-78.73077177618167, -3.776281229403584],
            [-78.7307683831548, -3.776274785950697],
            [-78.7307649721087, -3.7762683505864265],
            [-78.73076154393857, -3.7762619251211205],
            [-78.73075810134884, -3.7762555077538678],
            [-78.73075464434186, -3.776249097580726],
            [-78.73075117381754, -3.7762426946040235],
            [-78.73074769247557, -3.776236298830833],
            [-78.73074420122292, -3.7762299075516053],
            [-78.73074070005727, -3.776223521670318],
            [-78.73073719258288, -3.776217139388435],
            [-78.73073367789756, -3.776210761607592],
            [-78.73073015780811, -3.776204385620547],
            [-78.73072663501195, -3.7761980123383845],
            [-78.7307231086115, -3.7761916408547527],
            [-78.73071958131116, -3.776185269368779],
            [-78.73062279011405, -3.776010450005064],
            [-78.73061926281461, -3.7760040785195415],
            [-78.73061573641515, -3.775997707036394],
            [-78.73061221181788, -3.7759913346540066],
            [-78.73060868992738, -3.7759849595667827],
            [-78.7306051716389, -3.7759785835850357],
            [-78.73060165875694, -3.7759722049055147],
            [-78.73059815038393, -3.7759658226219024],
            [-78.73059464921724, -3.775959437645249],
            [-78.73059115436165, -3.7759530481652304],
            [-78.73058810827798, -3.775947460791407],
            [-78.7305876685169, -3.775946654188939],
            [-78.73058419168534, -3.7759402548124],
            [-78.73058072566677, -3.775933850040296],
            [-78.73057726956363, -3.7759274389663275],
            [-78.73057382607328, -3.7759210225015485],
            [-78.73057039520279, -3.7759145979340123],
            [-78.7305669787496, -3.775908166172413],
            [-78.73056357671608, -3.775901726312776],
            [-78.73056019090201, -3.775895278359817],
            [-78.73055682130742, -3.7758888223135583],
            [-78.73055346883925, -3.775882355464392],
            [-78.73055013619249, -3.775875879627386],
            [-78.73054682246965, -3.7758693938961665],
            [-78.73054352947283, -3.775862897371514],
            [-78.73054025810195, -3.7758563900557522],
            [-78.730537008357, -3.775849871948913],
            [-78.73053378294243, -3.7758433412500914],
            [-78.73053058185822, -3.775836797959285],
            [-78.73052740600191, -3.775830242982864],
            [-78.73052425717567, -3.7758236754215373],
            [-78.73052113538185, -3.775817094371345],
            [-78.7305180415227, -3.7758104989306522],
            [-78.73051208167817, -3.7757975730388647],
            [-78.73050623471181, -3.7757845952231053],
            [-78.73050050107113, -3.775771566491109],
            [-78.73049488119615, -3.7757584878332606],
            [-78.73048937551762, -3.7757453602593554],
            [-78.73048398445717, -3.7757321847727283],
            [-78.73047870842792, -3.7757189623770304],
            [-78.73047605331855, -3.775712177346236],
            [-78.73047342703434, -3.775705381543224],
            [-78.7304708286754, -3.7756985749656327],
            [-78.73046825824404, -3.7756917567094854],
            [-78.73046571483337, -3.775684929484355],
            [-78.730463195746, -3.775678092379182],
            [-78.73046070187944, -3.7756712463003046],
            [-78.73045823233383, -3.775664391245364],
            [-78.73045578440711, -3.775657528111258],
            [-78.73045335899917, -3.7756506569003623],
            [-78.73045095340558, -3.7756437794135183],
            [-78.73044856853097, -3.7756368938451663],
            [-78.7304462025708, -3.775630001998539],
            [-78.7304438537253, -3.7756231038688846],
            [-78.73044152199209, -3.775616200360215],
            [-78.73043920647127, -3.7756092914701673],
            [-78.73043690536304, -3.7756023771940095],
            [-78.73043461866503, -3.775595458435733],
            [-78.73043234457745, -3.7755885351906033],
            [-78.73043008309796, -3.775581608362611],
            [-78.73042783242671, -3.775574677947023],
            [-78.73042559076393, -3.7755677439391375],
            [-78.73042335900713, -3.7755608072452893],
            [-78.73042113535655, -3.7755538678607423],
            [-78.73041891801236, -3.775546925780813],
            [-78.73041670696986, -3.77553998281342],
            [-78.73041450043392, -3.7755330371459097],
            [-78.73041229839987, -3.775526090586216],
            [-78.7304100999678, -3.7755191431320156],
            [-78.73040790243563, -3.7755121956801885],
            [-78.73040570670564, -3.7755052473291006],
            [-78.7303973656079, -3.775478852642003],
            [-78.7302675488091, -3.775068078435829],
            [-78.73026375464623, -3.7750565237803877],
            [-78.73025970342523, -3.775045057528792],
            [-78.73025539718503, -3.775033685440389],
            [-78.73025083809246, -3.775022413247404],
            [-78.73024602844147, -3.7750112466155707],
            [-78.73024097065266, -3.7750001911657036],
            [-78.73023566727088, -3.7749892524647044],
            [-78.73022698277573, -3.7749725681982884],
            [-78.73021772706744, -3.774956196762397],
            [-78.73020791129788, -3.7749401578728032],
            [-78.73019754729495, -3.7749244708609],
            [-78.73018664754578, -3.774909154630912],
            [-78.73017522518396, -3.7748942276296824],
            [-78.73016329397268, -3.774879707851701],
            [-78.7299480704661, -3.7746268608474067],
            [-78.7299453458367, -3.7746232820663215],
            [-78.72994284362963, -3.774619994047008],
            [-78.72994222480483, -3.7746191806476546],
            [-78.72992920256239, -3.77460207026331],
            [-78.72992530754857, -3.7745969525462923],
            [-78.72992177755098, -3.774592314897388],
            [-78.72991819643504, -3.774587609315745],
            [-78.7299082315903, -3.774571036680731],
            [-78.72990759898708, -3.7745699845936533],
            [-78.72989950417264, -3.7745565229479854],
            [-78.72989276596272, -3.7745453166813583],
            [-78.72988952742305, -3.7745382978003157],
            [-78.72988883747452, -3.7745368035150504],
            [-78.7298795388695, -3.774516649236717],
            [-78.72987653209223, -3.7745101362900435],
            [-78.72987208280516, -3.774500488163406],
            [-78.72986828940476, -3.774489164867016],
            [-78.72986562116334, -3.7744812010105333],
            [-78.72986514966834, -3.7744797931763747],
            [-78.72985639484212, -3.7744536604738745],
            [-78.72985552066145, -3.774449645400015],
            [-78.729855319688, -3.774448719194196],
            [-78.72985441170552, -3.7744445521625276],
            [-78.72984902346536, -3.7744197960124457],
            [-78.72984875845269, -3.7744185794600815],
            [-78.72984751255076, -3.7744128548832316],
            [-78.72984684647463, -3.774409792249436],
            [-78.72984588870341, -3.774405391859569],
            [-78.7298457089209, -3.7744042758728025],
            [-78.72978719815308, -3.7740414036920855],
            [-78.72978603706487, -3.7740342076531093],
            [-78.72978487147714, -3.7740270116023305],
            [-78.72978369688566, -3.7740198173359234],
            [-78.72978250878857, -3.7740126257460873],
            [-78.72978130358628, -3.774005436823368],
            [-78.72978007587697, -3.773998251457607],
            [-78.72977882205637, -3.7739910714473024],
            [-78.72977753672508, -3.7739838967783026],
            [-78.72977621628112, -3.7739767283451617],
            [-78.7297748562226, -3.7739695670400666],
            [-78.72977345114545, -3.7739624146568143],
            [-78.72977199834757, -3.7739552720923024],
            [-78.72977049332715, -3.7739481402387143],
            [-78.72976892977778, -3.7739410217914657],
            [-78.72976730590203, -3.7739339158418628],
            [-78.72976561628874, -3.773926826895665],
            [-78.72976385644073, -3.7739197540370726],
            [-78.72976202275134, -3.773912699968575],
            [-78.72976011071404, -3.7739056673903404],
            [-78.72975811672453, -3.773898658100884],
            [-78.72975603627856, -3.773891673896348],
            [-78.7297538648696, -3.7738847174768817],
            [-78.72975160069078, -3.7738777915496793],
            [-78.72974923743575, -3.773870898810208],
            [-78.72974677239779, -3.773864041963281],
            [-78.72974420286775, -3.773857224617729],
            [-78.7297415234392, -3.773850449471376],
            [-78.72973873230295, -3.773843720135354],
            [-78.72973582495008, -3.773837040213826],
            [-78.72973279956906, -3.7738304142219525],
            [-78.72972965075108, -3.7738238457614637],
            [-78.7297274210273, -3.773819938325007],
            [-78.72972576194465, -3.773817032189844],
            [-78.72972387531986, -3.7738137277056225],
            [-78.72972344352735, -3.7738129717477458],
            [-78.72971585762271, -3.7737996804849065],
            [-78.72971364133417, -3.7737957974912626],
            [-78.72971314952291, -3.7737949356100535],
            [-78.72970709638301, -3.7737843313873576],
            [-78.72970747604396, -3.7737847165754164],
            [-78.72970619696865, -3.7737827551949334],
            [-78.72970141253188, -3.773776373187821],
            [-78.72970024220449, -3.773774812556983],
            [-78.72969058365318, -3.773761928077975],
            [-78.72968389799507, -3.773753010838295],
            [-78.7296778320331, -3.7737449178477402],
            [-78.72966928339088, -3.773736067139578],
            [-78.72966436691291, -3.773730976578584],
            [-78.72966342992692, -3.7737300068604704],
            [-78.72965958954424, -3.7737260310195366],
            [-78.72964499716883, -3.7737109233692476],
            [-78.72964058604421, -3.7737073709044497],
            [-78.72963696518565, -3.7737044551073162],
            [-78.72963547894383, -3.7737032588576875],
            [-78.72960820485429, -3.77368129922056],
            [-78.72960746541548, -3.77368084257877],
            [-78.72960516892968, -3.7736794254413777],
            [-78.72960465769985, -3.773679110419151],
            [-78.72959062272147, -3.773670449630455],
            [-78.72957894711902, -3.7736632459192205],
            [-78.72957407921416, -3.7736602427828565],
            [-78.72957238111032, -3.7736591942311057],
            [-78.72956802713033, -3.7736565079319773],
            [-78.72952917188448, -3.773638795585924],
            [-78.72952508933362, -3.7736369344308716],
            [-78.72952168556166, -3.773635670779994],
            [-78.72952012842147, -3.7736350926689974],
            [-78.72951828178972, -3.773634407129125],
            [-78.72951142891965, -3.7736320071701686],
            [-78.72950453523232, -3.773629730949872],
            [-78.72949760253694, -3.773627574857049],
            [-78.72949063444013, -3.7736255361892095],
            [-78.72948363545551, -3.7736236095342917],
            [-78.72947660738757, -3.773621793089026],
            [-78.72946955295012, -3.773620081436652],
            [-78.72946247485226, -3.77361847096834],
            [-78.72945537580541, -3.7736169571712543],
            [-78.7294482576188, -3.773615536434228],
            [-78.72944112300387, -3.7736142042444234],
            [-78.72943397197, -3.773612956985958],
            [-78.72942680903081, -3.7736117892467504],
            [-78.72941963329576, -3.7736106974085404],
            [-78.72941244747632, -3.773609676958511],
            [-78.72940525248178, -3.7736087242831156],
            [-78.72939804922615, -3.773607833960843],
            [-78.72939083951859, -3.773607002380512],
            [-78.7293836233732, -3.773606224118248],
            [-78.72937640260155, -3.7736054946588937],
            [-78.72936917721064, -3.7736048112905194],
            [-78.72936194901678, -3.7736041676900016],
            [-78.72935471622948, -3.7736035602367153],
            [-78.72934748156025, -3.7736029844178494],
            [-78.72934024502081, -3.7736024357135025],
            [-78.72933300662288, -3.7736019096038174],
            [-78.72932576728049, -3.7736014006672844],
            [-78.72931852700066, -3.7736009061919598],
            [-78.72931128579748, -3.7736004207539917],
            [-78.72930404368506, -3.7735999389295105],
            [-78.72904539068514, -3.7735827748966497],
            [-78.72903814946719, -3.7735822957844047],
            [-78.72903090733999, -3.7735818202856604],
            [-78.72902366518936, -3.7735813538266316],
            [-78.72901642210363, -3.7735809009248307],
            [-78.72900917717116, -3.7735804660978083],
            [-78.72900193128012, -3.773580053867767],
            [-78.72899468441875, -3.7735796687546155],
            [-78.72898743567542, -3.7735793152758705],
            [-78.72898018503838, -3.7735789979514216],
            [-78.72897293339577, -3.773578721303505],
            [-78.7289656798383, -3.77357848894568],
            [-78.72895842434954, -3.7735783072057503],
            [-78.7289511687199, -3.7735781797043724],
            [-78.72894391114018, -3.773578110052725],
            [-78.72893665429595, -3.7735781036817384],
            [-78.72892939727326, -3.7735781660129346],
            [-78.72892214096495, -3.773578299760564],
            [-78.72891488715673, -3.773578510353231],
            [-78.72890763583686, -3.773578802310824],
            [-78.72890038789347, -3.7735791801555614],
            [-78.72889474182297, -3.7735795441206164],
            [-78.72889314601692, -3.7735796475104375],
            [-78.72888591019306, -3.773580209799301],
            [-78.72887868310987, -3.7735808715491403],
            [-78.72887146565785, -3.7735816363781955],
            [-78.72886426052496, -3.773582508813436],
            [-78.72885706949928, -3.773583493379456],
            [-78.72884989527108, -3.7735845936992507],
            [-78.72884274052835, -3.7735858142997714],
            [-78.72883560885893, -3.7735871597103463],
            [-78.72882850115332, -3.77358863354922],
            [-78.72882580793936, -3.7735892448117174],
            [-78.72882394313098, -3.7735896675059477],
            [-78.72882142189931, -3.7735902403480965],
            [-78.7288171286622, -3.7735915389620107],
            [-78.72880443628081, -3.7735953774398894],
            [-78.72880243961458, -3.7735959814888607],
            [-78.72879694495667, -3.773597643065433],
            [-78.72879323621879, -3.7735987651271903],
            [-78.72877744571703, -3.7736035410469118],
            [-78.72876931111647, -3.773607131128025],
            [-78.72876467216705, -3.7736091791407427],
            [-78.72876200357739, -3.773610357264702],
            [-78.72876054765601, -3.773610999794721],
            [-78.72874606772045, -3.773617391855244],
            [-78.72873539877054, -3.773622100748882],
            [-78.72873118336976, -3.7736246136150657],
            [-78.72872868044449, -3.7736261067592323],
            [-78.72871513023075, -3.773634185376608],
            [-78.72870667329191, -3.7736392264077594],
            [-78.72870552232455, -3.773639913128448],
            [-78.7287013366674, -3.773642407992719],
            [-78.72869976028379, -3.7736433485209786],
            [-78.72869590360301, -3.7736456471796296],
            [-78.72869220819514, -3.77364821926392],
            [-78.72868993902117, -3.773649798899206],
            [-78.72868405154428, -3.77365406110676],
            [-78.72867824118406, -3.773658429282456],
            [-78.72867250705472, -3.773662898000029],
            [-78.72866684827045, -3.773667461833291],
            [-78.72866126304083, -3.773672117161606],
            [-78.72865575048009, -3.773676858558765],
            [-78.72865030879775, -3.773681682404132],
            [-78.7286449362105, -3.773686582365167],
            [-78.72863963002332, -3.7736915566268205],
            [-78.72863438935273, -3.7736965988589124],
            [-78.7286292106062, -3.773701706340079],
            [-78.72862409289321, -3.773706875452028],
            [-78.72861903262825, -3.773712100761503],
            [-78.72861402712097, -3.773717378645494],
            [-78.72860907367642, -3.7737227072889747],
            [-78.72860416960896, -3.7737280812609955],
            [-78.72859931312583, -3.7737334978449324],
            [-78.72859449883467, -3.7737389543146826],
            [-78.72858972584967, -3.773744445244025],
            [-78.72858499057357, -3.7737499697195416],
            [-78.7285802894185, -3.7737555232119377],
            [-78.72857561879192, -3.7737611029998157],
            [-78.72857097510361, -3.773766705457852],
            [-78.72856635655845, -3.773772328773348],
            [-78.72856175866633, -3.7737779693186164],
            [-78.72855717783706, -3.7737836234683195],
            [-78.7285526113756, -3.773789289407413],
            [-78.72854805568943, -3.7737949644145314],
            [-78.72854350629073, -3.7738006439579843],
            [-78.72853896048221, -3.7738063271267164],
            [-78.72841533243171, -3.773960921092209],
            [-78.72831180523472, -3.7740903782676116],
            [-78.72830726032267, -3.77409606143564],
            [-78.72830271361308, -3.7741017436949136],
            [-78.72829816421078, -3.7741074232351033],
            [-78.72829360941606, -3.774113100049146],
            [-78.72828904923593, -3.7741187714251003],
            [-78.72828448277288, -3.774124436456648],
            [-78.72827990642963, -3.774130094230354],
            [-78.7282753202062, -3.7741357447462205],
            [-78.72827072141226, -3.7741413843812657],
            [-78.72826611094537, -3.774147014041824],
            [-78.72826148521298, -3.77415263100653],
            [-78.72825684331517, -3.774158235273022],
            [-78.72825218435675, -3.774163825030973],
            [-78.72824750564271, -3.774169398465371],
            [-78.72824280807531, -3.7741749546745624],
            [-78.72823808805728, -3.7741804927451694],
            [-78.72823334559332, -3.7741860108692236],
            [-78.72822857888598, -3.7741915081380273],
            [-78.72822378614013, -3.7741969827389092],
            [-78.72821896735817, -3.7742024337678797],
            [-78.72821411984742, -3.7742078585059478],
            [-78.72820924270563, -3.77421325785471],
            [-78.72820433504229, -3.774218628195907],
            [-78.7281993959575, -3.7742239695271778],
            [-78.7281944236585, -3.7742292791318772],
            [-78.7281894163455, -3.7742345570052813],
            [-78.72818437402789, -3.7742397995314754],
            [-78.72817929580343, -3.7742450076120893],
            [-78.7281741789818, -3.7742501776241255],
            [-78.72816902446527, -3.774255308665969],
            [-78.72816705581621, -3.7742572506796197],
            [-78.72816382955648, -3.774260399826562],
            [-78.72816069950888, -3.7742632328320376],
            [-78.72816049474926, -3.7742634176112775],
            [-78.72815707965802, -3.774266509311919],
            [-78.72815671433506, -3.7742668401150774],
            [-78.72815217711901, -3.774270946756126],
            [-78.72814019544138, -3.774281791135825],
            [-78.72813325250524, -3.774288076390948],
            [-78.72811952629846, -3.7743004999705843],
            [-78.7281196358022, -3.774300609639709],
            [-78.72811619149097, -3.77430351775494],
            [-78.72811272924514, -3.774306401415582],
            [-78.72811061253732, -3.774308179419758],
            [-78.72810499680043, -3.774312797596847],
            [-78.72809934608009, -3.774317372290943],
            [-78.72809366306896, -3.7743219062210542],
            [-78.72808794776707, -3.7743263993871783],
            [-78.72808220286939, -3.7743308536043476],
            [-78.72807642927114, -3.774335270682872],
            [-78.7280706287698, -3.7743396515314642],
            [-78.72806480136298, -3.7743439970540824],
            [-78.72805894974569, -3.7743483090657524],
            [-78.72805307481552, -3.7743525884728504],
            [-78.7280471774653, -3.774356837989624],
            [-78.72804125949483, -3.7743610576208106],
            [-78.72803532179931, -3.7743652491767374],
            [-78.72802936617151, -3.7743694153740157],
            [-78.7280233935137, -3.7743735553110835],
            [-78.72801740381642, -3.774377672603803],
            [-78.72801139977942, -3.774381767259259],
            [-78.72800538229558, -3.7743858419917675],
            [-78.72799935136248, -3.7743898977052863],
            [-78.72799330967518, -3.774393936214851],
            [-78.72798725722896, -3.774397959328406],
            [-78.72798119492138, -3.7744019679523015],
            [-78.7279751254498, -3.774405962997602],
            [-78.7279690479049, -3.7744099480778397],
            [-78.7279629640865, -3.77441392319772],
            [-78.72795687578972, -3.77441789016995],
            [-78.7279507830098, -3.7744218508024576],
            [-78.72794468664202, -3.774425806905574],
            [-78.72793858938132, -3.7744297602943098],
            [-78.72793249032783, -3.774433710966342],
            [-78.72790178231854, -3.7744536038843424],
            [-78.72787107521047, -3.7744734958987842],
            [-78.72734513031163, -3.7748141987764927],
            [-78.72733770947634, -3.774818980162186],
            [-78.72733026541475, -3.774823724972247],
            [-78.72732279830474, -3.7748284330995303],
            [-78.72731530832631, -3.7748331044259356],
            [-78.72730779565914, -3.7748377388484813],
            [-78.72730026048302, -3.7748423362448227],
            [-78.7272927029788, -3.774846896504119],
            [-78.72725592687054, -3.7748683761621047],
            [-78.72721865565951, -3.774888976698319],
            [-78.72718091016846, -3.7749086866015182],
            [-78.7271427114842, -3.7749274948597833],
            [-78.72710408094784, -3.7749453909726607],
            [-78.72706504014086, -3.7749623649295834],
            [-78.7270256108749, -3.774978407260504],
            [-78.72701940925849, -3.77498083188925],
            [-78.72701319875955, -3.774983233462459],
            [-78.72700697946303, -3.7749856119512444],
            [-78.72700075145454, -3.774987967327774],
            [-78.7269945148192, -3.774990299557792],
            [-78.72698826964182, -3.7749926086092205],
            [-78.7269820160077, -3.7749948944409013],
            [-78.7263366933361, -3.775229417646905],
            [-78.72631730241596, -3.7752362973985165],
            [-78.72629780940959, -3.775242879597433],
            [-78.72627821884082, -3.775249162725811],
            [-78.72625853525744, -3.775255145327831],
            [-78.72623876322805, -3.7752608260102702],
            [-78.72621890734112, -3.77526620345542],
            [-78.72619897220534, -3.7752712764093808],
            [-78.7261508497054, -3.7752821985694642],
            [-78.72610236202135, -3.77529134694303],
            [-78.72605357392378, -3.7752987093235286],
            [-78.72600455058448, -3.7753042758710507],
            [-78.72595535749, -3.775308039149676],
            [-78.72590606035257, -3.775309994135867],
            [-78.72585672502406, -3.7753101382123715],
            [-78.725262068115, -3.7753009572962335],
            [-78.72525481154808, -3.7753008460246846],
            [-78.72524755497885, -3.7753007356570336],
            [-78.72524029840025, -3.7753006289052475],
            [-78.7252330418099, -3.7753005266732473],
            [-78.72522578520311, -3.7753004307690134],
            [-78.72521852857756, -3.775300342096518],
            [-78.72521127102621, -3.7753002633653163],
            [-78.72520401434423, -3.7753001963880988],
            [-78.72519675763169, -3.7753001411624667],
            [-78.72518949998161, -3.7753001003980056],
            [-78.72518224318912, -3.775300075907375],
            [-78.72517498545203, -3.7753000685898366],
            [-78.72516772856547, -3.7753000802580594],
            [-78.72516047072723, -3.7753001118113083],
            [-78.7251532137301, -3.7753001659661956],
            [-78.7251459575717, -3.7753002436267264],
            [-78.72513870044519, -3.775300347500073],
            [-78.72513144415032, -3.7753004775909815],
            [-78.72512418868246, -3.7753006357073953],
            [-78.72511693403683, -3.7753008236572616],
            [-78.7251096802064, -3.7753010441524957],
            [-78.72510242719116, -3.7753012971931152],
            [-78.72509517588396, -3.775301585493384],
            [-78.72508792538255, -3.775301909954912],
            [-78.72508067748436, -3.7753022714864333],
            [-78.72507343128007, -3.7753026737014386],
            [-78.7250661867697, -3.7753031165999626],
            [-78.72505894575067, -3.7753036010906738],
            [-78.72505170731368, -3.775304130787143],
            [-78.72504447325854, -3.775304705694071],
            [-78.72504172433077, -3.7753049398337337],
            [-78.72503724177835, -3.7753053285186593],
            [-78.72503279114221, -3.7753059016994053],
            [-78.72500306081147, -3.775309734197969],
            [-78.72498148008356, -3.7753125150852944],
            [-78.72497794585797, -3.775312971348343],
            [-78.72495412270823, -3.775316041040089],
            [-78.72487208025026, -3.7753331963367716],
            [-78.72484472926084, -3.7753411816387303],
            [-78.72483994441198, -3.7753425792739814],
            [-78.7248271505976, -3.7753463143470505],
            [-78.72479160872126, -3.775356690845228],
            [-78.72473995888622, -3.7753762483196227],
            [-78.7247284800454, -3.7753805943211085],
            [-78.72472681537488, -3.775381224540395],
            [-78.72471319443778, -3.775386383014147],
            [-78.72471292684922, -3.77538650434823],
            [-78.72470166689553, -3.775391806431448],
            [-78.72468653620246, -3.7753989270936446],
            [-78.72467205604093, -3.7754057412078863],
            [-78.72465965901996, -3.7754115745541585],
            [-78.72465957432328, -3.775411615010686],
            [-78.72464660425862, -3.7754177180446833],
            [-78.72463730671716, -3.775422093280579],
            [-78.7246212366308, -3.7754312445233538],
            [-78.72461418800113, -3.7754352577494843],
            [-78.72458920821232, -3.775449483118543],
            [-78.72458794556924, -3.7754502020801115],
            [-78.72456744136056, -3.775461878235379],
            [-78.72456575621634, -3.775462767842654],
            [-78.72456440506974, -3.7754636068008987],
            [-78.72455255757967, -3.7754716328366698],
            [-78.72454203889632, -3.7754787592885877],
            [-78.72450516581327, -3.775503738780007],
            [-78.7244993763945, -3.7755076594922974],
            [-78.72449798177469, -3.7755086050057214],
            [-78.72449492749783, -3.775510674324017],
            [-78.72447648788629, -3.7755253788111856],
            [-78.7244739241239, -3.7755274232031875],
            [-78.72444577053287, -3.7755498727687056],
            [-78.72442929229562, -3.775563012196067],
            [-78.72440891655381, -3.7755820262876605],
            [-78.72437203869193, -3.775616437882502],
            [-78.72437118259674, -3.775617237462379],
            [-78.72436805953427, -3.775620148204304],
            [-78.72436789624709, -3.7756203032596405],
            [-78.72436473908053, -3.7756235239770213],
            [-78.72436421669299, -3.7756240387764097],
            [-78.7243627901646, -3.775625487722361],
            [-78.72435771999807, -3.7756307030147562],
            [-78.7243526821455, -3.775635950031304],
            [-78.72434767570698, -3.7756412287696723],
            [-78.72434270069196, -3.7756465356139546],
            [-78.7243377552983, -3.775651871463396],
            [-78.72433283863309, -3.7756572336036944],
            [-78.72432794979883, -3.7756626211285322],
            [-78.72432308789564, -3.7756680340355273],
            [-78.72431825113074, -3.7756734696080465],
            [-78.72431344040639, -3.775678926944471],
            [-78.72430865212534, -3.7756844051313623],
            [-78.72430388718988, -3.7756899032671205],
            [-78.72429914290262, -3.7756954204406536],
            [-78.72429441926829, -3.7757009548440545],
            [-78.72428971448943, -3.7757065055685866],
            [-78.72428502766851, -3.775712071707929],
            [-78.72428035790796, -3.7757176523557274],
            [-78.72427570431026, -3.7757232466056605],
            [-78.72427106418274, -3.7757288517387],
            [-78.72426643842297, -3.7757344686611822],
            [-78.72426182433595, -3.7757400955580676],
            [-78.72425722102413, -3.775745731523001],
            [-78.72425262758996, -3.7757513756496768],
            [-78.724248042236, -3.775757027029361],
            [-78.72424346496696, -3.7757626838541247],
            [-78.72423889308313, -3.7757683461168723],
            [-78.72423432658923, -3.7757740120096424],
            [-78.72422976368779, -3.775779680623729],
            [-78.72422520347892, -3.7757853519567695],
            [-78.72422064416989, -3.775791023292115],
            [-78.72384967847371, -3.7762525546843992],
            [-78.7238451191568, -3.7762582269187357],
            [-78.72384055804476, -3.776263897340317],
            [-78.72383599423763, -3.776269565946794],
            [-78.72383142684262, -3.776275230023886],
            [-78.72382685225774, -3.7762808904660816],
            [-78.72382227138998, -3.77628654456385],
            [-78.72381768154199, -3.776292191406099],
            [-78.72381308091865, -3.7762978291801543],
            [-78.72380846862009, -3.776303457883648],
            [-78.72380384375111, -3.776309075706271],
            [-78.72379920451425, -3.7763146817393167],
            [-78.72379454821453, -3.776320274167727],
            [-78.72378987575422, -3.776325852089912],
            [-78.7237851835384, -3.776331413688444],
            [-78.72378047246697, -3.7763369589657056],
            [-78.72377573894977, -3.776342484296329],
            [-78.72377098298209, -3.776347991488255],
            [-78.72376620187599, -3.7763534760145085],
            [-78.723761396529, -3.7763589387814607],
            [-78.7237565633486, -3.776364377067696],
            [-78.7237517032347, -3.776369790875578],
            [-78.72374681259475, -3.776375177483745],
            [-78.723741892331, -3.776380535990572],
            [-78.72373693974849, -3.7763858645810173],
            [-78.72373195394964, -3.7763911623487205],
            [-78.72372693404164, -3.77639642657944],
            [-78.72372187912457, -3.776401657270769],
            [-78.72371678740333, -3.776406852610031],
            [-78.72371165798513, -3.7764120098829608],
            [-78.72370648997239, -3.776417128183202],
            [-78.72370128246993, -3.776422205700429],
            [-78.72368498210488, -3.776437586598791],
            [-78.72366830628579, -3.7764525558497914],
            [-78.72365126531193, -3.7764671042185096],
            [-78.72363386970787, -3.776481222721454],
            [-78.72361613021718, -3.776494902632217],
            [-78.72359805779527, -3.7765081355116363],
            [-78.72357966360394, -3.776520913173225],
            [-78.72357362816982, -3.7765249606866855],
            [-78.72356756046405, -3.7765289602042786],
            [-78.72356146317931, -3.7765329144450366],
            [-78.72355533811536, -3.7765368234136756],
            [-78.72354918526753, -3.7765406889181397],
            [-78.72354300642854, -3.776544513675109],
            [-78.72353680250063, -3.776548296782947],
            [-78.72353057617647, -3.7765520409606848],
            [-78.72352432745134, -3.776555748016285],
            [-78.72351805722042, -3.7765594197600376],
            [-78.72351176728353, -3.776563056196695],
            [-78.72350545853348, -3.7765666600405208],
            [-78.72349913276773, -3.776570232200239],
            [-78.72349278998158, -3.7765737744837917],
            [-78.72348643107021, -3.7765772887014895],
            [-78.72348005872861, -3.776580776668393],
            [-78.72347367205452, -3.7765842392860898],
            [-78.72346727284305, -3.776587678367274],
            [-78.72346086288694, -3.776591096628579],
            [-78.72345444128625, -3.7765944940676706],
            [-78.72344801073599, -3.776597872499559],
            [-78.72344157122912, -3.7766012346361917],
            [-78.7234351245607, -3.7766045822902483],
            [-78.72342866983082, -3.776607915459344],
            [-78.72342220973216, -3.776611236862493],
            [-78.72341574515987, -3.7766145483100417],
            [-78.72340927520936, -3.7766178516075484],
            [-78.72340280167805, -3.776621147663718],
            [-78.72339632635871, -3.776624439195218],
            [-78.72338984924896, -3.77662772710602],
            [-78.72338337124398, -3.7766310132064147],
            [-78.72289777046292, -3.776877319301445],
            [-78.7228912924559, -3.7768806053958865],
            [-78.72288481534167, -3.7768838942045475],
            [-78.7228783409177, -3.7768871866361025],
            [-78.72287186917691, -3.776890485402515],
            [-78.72286540101211, -3.776893793218032],
            [-78.7228589391207, -3.7768971109937617],
            [-78.72285248349554, -3.776900441441605],
            [-78.72284603592941, -3.776903787278206],
            [-78.72283959641994, -3.776907149407557],
            [-78.72283316675986, -3.7769105305463047],
            [-78.72282674784435, -3.776913932504759],
            [-78.72282034146616, -3.7769173579995714],
            [-78.72281394852281, -3.7769208079370977],
            [-78.72280756990715, -3.776924285031602],
            [-78.72280120741189, -3.776927791999767],
            [-78.7227948619346, -3.776931329747899],
            [-78.72278853527034, -3.7769349000887087],
            [-78.72278222741205, -3.776938505734095],
            [-78.72277594105472, -3.7769421484991366],
            [-78.72276967709355, -3.7769458301941095],
            [-78.72276343732125, -3.776949553535684],
            [-78.72275722353761, -3.776953318528607],
            [-78.72275103573324, -3.776957128788752],
            [-78.72274487750772, -3.776960984325588],
            [-78.72273874885163, -3.7769648887550344],
            [-78.72273265156004, -3.7769688438897355],
            [-78.72272658833268, -3.7769728497368313],
            [-78.72272056006236, -3.776976909010584],
            [-78.72271456944407, -3.7769810235260604],
            [-78.72270861737535, -3.7769851941895807],
            [-78.72270270565129, -3.7769894228138403],
            [-78.72269091971285, -3.776998127649922],
            [-78.72267931228376, -3.777007071255231],
            [-78.72266788815648, -3.777016249924704],
            [-78.72265665204789, -3.7770256598796728],
            [-78.72264560859797, -3.777035297227032],
            [-78.72263476236591, -3.777045157989411],
            [-78.72262411783043, -3.777055238101299],
            [-78.72261891300982, -3.7770603192288092],
            [-78.72261375845399, -3.777065450207363],
            [-78.72260865146559, -3.777070630125888],
            [-78.72260359205168, -3.7770758562724667],
            [-78.72259857841719, -3.7770811268344078],
            [-78.72259360876703, -3.7770864399990343],
            [-78.72258868310588, -3.777091793958422],
            [-78.72258379874116, -3.777097185993518],
            [-78.72257895477763, -3.777102614294029],
            [-78.72257414941787, -3.7771080779512345],
            [-78.72256938177141, -3.7771135733468975],
            [-78.72256465003846, -3.777119100476265],
            [-78.72255995152635, -3.77712465662032],
            [-78.72255528623745, -3.7771302408750778],
            [-78.72255065057924, -3.777135850519183],
            [-78.72254604545397, -3.777141484650984],
            [-78.72254146726911, -3.777147140549129],
            [-78.72253691422483, -3.7771528182088643],
            [-78.72253238542834, -3.7771585149159104],
            [-78.72252787908454, -3.777164228857588],
            [-78.72252339249606, -3.777169959122804],
            [-78.72251892476773, -3.7771757039012663],
            [-78.72251447410211, -3.7771814622842492],
            [-78.7225100378042, -3.7771872324567095],
            [-78.72250561498117, -3.7771930117043615],
            [-78.72250120383084, -3.7771988009264583],
            [-78.72249680166298, -3.777204596499962],
            [-78.72249240668013, -3.777210397516214],
            [-78.72248801798473, -3.77721620306884],
            [-78.72248363197953, -3.7772220122443994],
            [-78.72247924867162, -3.7772278223309734],
            [-78.72228311584128, -3.777487815563265],
            [-78.72226368261636, -3.7775135757093374],
            [-78.72225929930501, -3.777519385792999],
            [-78.72225491599593, -3.777525194972617],
            [-78.72225052998712, -3.777531004145069],
            [-78.72224614218548, -3.777536810600811],
            [-78.72224175168878, -3.777542615241447],
            [-78.72223735670197, -3.7775484162542807],
            [-78.72223295812253, -3.7775542145456837],
            [-78.72222855325315, -3.777560009204529],
            [-78.72222414299843, -3.7775657984252957],
            [-78.72221972645612, -3.7775715831095296],
            [-78.72221530183114, -3.7775773614445924],
            [-78.72221086912346, -3.7775831334304777],
            [-78.7222064274332, -3.7775888990648023],
            [-78.7222019758652, -3.777594656537256],
            [-78.72219751351952, -3.7776004058454675],
            [-78.72219304039616, -3.7776061469894384],
            [-78.72218855559997, -3.7776118781588752],
            [-78.72218405823101, -3.777617599351372],
            [-78.72217954738939, -3.7776233105645947],
            [-78.72217502217994, -3.777629009988202],
            [-78.72217048260264, -3.777634697622206],
            [-78.7221659277576, -3.7776403734642385],
            [-78.72216135674961, -3.777646035703973],
            [-78.72215676868116, -3.7776516834350855],
            [-78.72215216264998, -3.7776573175591768],
            [-78.72214753956068, -3.777662936270659],
            [-78.72214289671356, -3.7776685395624217],
            [-78.72213823411099, -3.7776741265305143],
            [-78.7221335517553, -3.777679696270945],
            [-78.72212884874898, -3.7776852478773937],
            [-78.72212412329219, -3.7776907813450853],
            [-78.72212146094417, -3.7776938796327415],
            [-78.72211879162036, -3.7776969718608733],
            [-78.72211611533508, -3.777700058005778],
            [-78.72211343210148, -3.7777031380610215],
            [-78.7221107419333, -3.7777062120050915],
            [-78.72210804484455, -3.7777092798229353],
            [-78.72210534084923, -3.7777123415032245],
            [-78.7221005076515, -3.7777177797692287],
            [-78.7220956538055, -3.7777231989972586],
            [-78.72209077930886, -3.7777286000913026],
            [-78.72208588506145, -3.777733983053694],
            [-78.72208097196086, -3.777739348790809],
            [-78.72207604090697, -3.7777446973049775],
            [-78.72207109279498, -3.7777500304065676],
            [-78.72206612762724, -3.7777553471915697],
            [-78.72206114719883, -3.7777606494726608],
            [-78.72205615150976, -3.7777659372498644],
            [-78.72205114145756, -3.7777712114294997],
            [-78.72204611703988, -3.7777764729155527],
            [-78.72204108095644, -3.777781721715133],
            [-78.72203603140744, -3.7777869578235],
            [-78.72203097108547, -3.777792183959659],
            [-78.7220258999953, -3.777797398315701],
            [-78.72202081902972, -3.7778026036058714],
            [-78.7220157281911, -3.7778077989262373],
            [-78.72201062837462, -3.7778129860870715],
            [-78.72200552138007, -3.777818165093147],
            [-78.72200040630523, -3.777823336846051],
            [-78.72199528405, -3.7778285013481647],
            [-78.72199015640942, -3.7778336604121554],
            [-78.72198502338351, -3.777838814038022],
            [-78.72197988586984, -3.77784396313212],
            [-78.7219747447683, -3.7778491076968033],
            [-78.72196959917426, -3.7778542495376595],
            [-78.72196445178741, -3.7778593886617973],
            [-78.7219593026078, -3.7778645250692153],
            [-78.72195415163065, -3.777869660567839],
            [-78.72194899975594, -3.7778747951600558],
            [-78.72178702332437, -3.7780362341136025],
            [-78.72158607570871, -3.778236514648704],
            [-78.72156139270012, -3.7782628122756874],
            [-78.72153850804597, -3.7782907028549464],
            [-78.7215175233673, -3.7783200625251663],
            [-78.72149853184781, -3.7783507609258637],
            [-78.72148161782016, -3.778382661731239],
            [-78.72146685639295, -3.7784156232785118],
            [-78.72145431311485, -3.7784494992152364],
            [-78.72143210202056, -3.77851620762687],
            [-78.72133334928127, -3.7788128021230483],
            [-78.72132587467202, -3.7788338049782007],
            [-78.72131754674571, -3.7788544813651144],
            [-78.72130837958576, -3.778874796320784],
            [-78.72129838869574, -3.7788947154903028],
            [-78.72128759097102, -3.778914205192758],
            [-78.72127600467154, -3.77893323246425],
            [-78.72126364939137, -3.778951765119409],
            [-78.72110552773276, -3.7791787116134286],
            [-78.72106626061202, -3.7792350706035367],
            [-78.72102278413247, -3.779297470628206],
            [-78.72101862265404, -3.7793034430914823],
            [-78.72101445937811, -3.7793094146460087],
            [-78.72101029340948, -3.7793153834814386],
            [-78.72100612204844, -3.779321349590675],
            [-78.7210019452997, -3.7793273111657784],
            [-78.72099776046595, -3.7793332672956472],
            [-78.72099356665197, -3.77933921616997],
            [-78.72098936115808, -3.7793451577816493],
            [-78.72098514488651, -3.7793510912290547],
            [-78.72098091334249, -3.7793570146924194],
            [-78.72097666743063, -3.7793629263661592],
            [-78.72097240445125, -3.7793688262431453],
            [-78.72096812260924, -3.7793747125107084],
            [-78.72096382190696, -3.7793805842648633],
            [-78.72095949964707, -3.7793864405945383],
            [-78.72095515403448, -3.779392279687055],
            [-78.72095078507391, -3.779398099734438],
            [-78.7209463900633, -3.779403901633559],
            [-78.72094196811219, -3.779409681766182],
            [-78.7209375174184, -3.7794154410315013],
            [-78.72093303799139, -3.7794211758136536],
            [-78.72092852623152, -3.779426886103134],
            [-78.72092398304109, -3.7794325709983623],
            [-78.72091940572744, -3.779438227780295],
            [-78.72091479339069, -3.7794438564465596],
            [-78.7209101442381, -3.7794494542805057],
            [-78.7209054573698, -3.779455021279758],
            [-78.72090073279519, -3.7794605538284203],
            [-78.72089596781224, -3.7794660528233655],
            [-78.72089116063054, -3.7794715146439506],
            [-78.72088631215004, -3.779476939292566],
            [-78.72087726859112, -3.7794868271072874],
            [-78.72086807982285, -3.779496578904456],
            [-78.720858747872, -3.779506192517332],
            [-78.72084927479816, -3.779515665832728],
            [-78.72083966269095, -3.7795249967612445],
            [-78.72082991367152, -3.77953418323727],
            [-78.72082002989067, -3.779543223244743],
            [-78.72081460787743, -3.7795480696431887],
            [-78.72080914908142, -3.7795528725537015],
            [-78.72080365439545, -3.779557634690567],
            [-78.7207981247171, -3.779562356960123],
            [-78.72079256274607, -3.7795670393694873],
            [-78.72078696847763, -3.7795716837265934],
            [-78.72078134550665, -3.7795762918488744],
            [-78.72077569293091, -3.7795808646379396],
            [-78.72077001344775, -3.779585403004875],
            [-78.72076430885222, -3.7795899087623495],
            [-78.72075857913964, -3.779594383718314],
            [-78.72075282700969, -3.7795988278798873],
            [-78.72074705245531, -3.7796032439589764],
            [-78.72074125727396, -3.779607632864297],
            [-78.72073544326305, -3.7796119955045753],
            [-78.7207296113154, -3.779616334594078],
            [-78.72072376233095, -3.7796206501351937],
            [-78.72071789720485, -3.779624943938231],
            [-78.72071201862974, -3.7796292187222007],
            [-78.7207061266056, -3.779633474487136],
            [-78.72070022202767, -3.7796377130433467],
            [-78.72069430668861, -3.7796419371074528],
            [-78.72068838148834, -3.7796461466818743],
            [-78.72068244732206, -3.779650343576894],
            [-78.72067650598485, -3.7796545296051898],
            [-78.72067055837188, -3.7796587065771083],
            [-78.72066460448079, -3.7796628753966237],
            [-78.7206586470042, -3.7796670387827196],
            [-78.72065268594213, -3.779671196735434],
            [-78.7206467230873, -3.7796753519714197],
            [-78.72064075843733, -3.779679505394646],
            [-78.71944308172827, -3.780513519801843],
            [-78.71935330260233, -3.7805760388585465],
            [-78.71934733884272, -3.7805801922676516],
            [-78.71934137507836, -3.7805843474846186],
            [-78.71933541400657, -3.780588505420539],
            [-78.71932945652253, -3.780592667885721],
            [-78.7193235026215, -3.7805968366881224],
            [-78.71931755320344, -3.7806010118301177],
            [-78.71931161095856, -3.7806051969347028],
            [-78.71930567588684, -3.780609392001876],
            [-78.7192997488835, -3.7806135988419514],
            [-78.7192938308437, -3.7806178192652404],
            [-78.71928792356724, -3.7806220532765074],
            [-78.7192820279446, -3.7806263044939854],
            [-78.71927614487562, -3.7806305729200815],
            [-78.71927027525555, -3.780634860365075],
            [-78.71926442087944, -3.780639168641667],
            [-78.7192585817449, -3.780643498653829],
            [-78.71925276054931, -3.7806478513126653],
            [-78.71924695728558, -3.7806522293300686],
            [-78.71924117375347, -3.7806566327108038],
            [-78.71923541084585, -3.78066106416915],
            [-78.71922966946498, -3.780665522803496],
            [-78.71922395230108, -3.780670012236858],
            [-78.7192182584519, -3.780674533370847],
            [-78.71921259061716, -3.7806790862125683],
            [-78.71920694968966, -3.780683673476303],
            [-78.71920133746922, -3.780688295166817],
            [-78.71919575574853, -3.780692954000747],
            [-78.71919020363006, -3.780697649071786],
            [-78.71918468560389, -3.780702384007644],
            [-78.71917920077247, -3.780707157901998],
            [-78.7191771235138, -3.7807089811665553],
            [-78.71917375093086, -3.780711972567532],
            [-78.71917052466821, -3.7807151035668904],
            [-78.71915800665676, -3.780727253434835],
            [-78.71915619233286, -3.780729015018573],
            [-78.71912164262291, -3.780762547277848],
            [-78.7191193140469, -3.7807648074037425],
            [-78.71911532271825, -3.7807686812609043],
            [-78.71906995556078, -3.7808210021520714],
            [-78.71906363713892, -3.780828289612208],
            [-78.71906196095068, -3.7808302233155016],
            [-78.71903358188217, -3.780869274351952],
            [-78.71903176472199, -3.7808717762843664],
            [-78.71901405828358, -3.7808961414522884],
            [-78.71900253445818, -3.7809152545570477],
            [-78.71897197054999, -3.780965950272022],
            [-78.71896963545846, -3.7809707017388607],
            [-78.71896089854005, -3.780988480694242],
            [-78.7189600716221, -3.78099016352446],
            [-78.71893799364241, -3.7810350907530648],
            [-78.71893600777112, -3.7810391326155828],
            [-78.7189342151143, -3.7810432762332478],
            [-78.71893310339027, -3.7810458134735723],
            [-78.71893024844735, -3.7810525161574238],
            [-78.71892744114722, -3.7810592388544353],
            [-78.71892468059238, -3.78106598065826],
            [-78.7189219658829, -3.7810727415665277],
            [-78.71891929342394, -3.7810795197618035],
            [-78.71891666322017, -3.781086313436132],
            [-78.71891407346945, -3.781093123488754],
            [-78.71891152237434, -3.7810999490109323],
            [-78.7189090081421, -3.7811067872860136],
            [-78.7189065298705, -3.781113639215611],
            [-78.71890408486453, -3.7811205029846464],
            [-78.71890167222429, -3.7811273785907615],
            [-78.71889929015235, -3.7811342651252087],
            [-78.71889693685361, -3.781141160775314],
            [-78.71889461052592, -3.7811480664403185],
            [-78.7188923102741, -3.7811549803098754],
            [-78.71889003339842, -3.781161902376877],
            [-78.7188877798989, -3.7811688326413266],
            [-78.71888554528311, -3.781175768379427],
            [-78.7188833304486, -3.7811827104975384],
            [-78.718881132698, -3.781189658084553],
            [-78.7188789502315, -3.7811966111357553],
            [-78.71887678215396, -3.781203567840782],
            [-78.71887462486337, -3.7812105290941367],
            [-78.71887247836447, -3.7812174930878673],
            [-78.71887034085746, -3.7812244598172233],
            [-78.71886820964498, -3.7812314283711266],
            [-78.71886608382712, -3.7812383987471936],
            [-78.71886396160646, -3.781245370036696],
            [-78.71886184118317, -3.7812523422348927],
            [-78.7188416318018, -3.781318793542296]
          ]
        ]
      }
    }
  ]
}
