{
  "type": "FeatureCollection",
  "features": [
    {
      "type": "Feature",
      "properties": {
        "code": "001",
        "areaM2": 5494.33,
        "side": "right",
        "sideSource": "declared",
        "surveyState": "COMPLETO",
        "affectedFlag": "NO",
        "landUse": "VACÍO"
      },
      "geometry": {
        "type": "MultiPolygon",
        "coordinates": [
          [
            [
              [-78.74203854940696, -3.8188526132448706],
              [-78.74202531104083, -3.8188539532929457],
              [-78.74201330561112, -3.818853921624089],
              [-78.74199437309571, -3.818854948334365],
              [-78.74196720892711, -3.818862051647078],
              [-78.74192249916322, -3.8188863305891494],
              [-78.74189561723405, -3.8189221363286565],
              [-78.7418798153242, -3.818951872075298],
              [-78.74187753710942, -3.818956158210021],
              [-78.74189073173632, -3.8189694816731627],
              [-78.74194972080011, -3.818993555061362],
              [-78.74199157158176, -3.81901567039326],
              [-78.74206195349444, -3.8190541246762413],
              [-78.7420702680446, -3.819057993087993],
              [-78.74210951901458, -3.819076255081128],
              [-78.74218565569169, -3.819099417273434],
              [-78.7422617764695, -3.819128319757944],
              [-78.74232236323114, -3.8191392243998585],
              [-78.74232651371243, -3.8191399711957983],
              [-78.74238838609075, -3.8191544852427803],
              [-78.74246640299499, -3.8191872202128043],
              [-78.74258440713751, -3.819225800080953],
              [-78.74262710008054, -3.819290012842613],
              [-78.74268028534428, -3.8193485138426935],
              [-78.74273162792562, -3.819383091296363],
              [-78.74279722233865, -3.8194311007659754],
              [-78.74289808073915, -3.8194705927250636],
              [-78.7429608403127, -3.819509983299276],
              [-78.74303028178825, -3.8195436520560926],
              [-78.7430978314627, -3.8195725319021103],
              [-78.74314691836997, -3.8195983102808713],
              [-78.74316395879684, -3.8196039762327136],
              [-78.74335996414291, -3.819727193591774],
              [-78.74351746951115, -3.8195936672573927],
              [-78.74359627262756, -3.8195077698728985],
              [-78.7433847690909, -3.819346960831498],
              [-78.74337717273711, -3.8193430771452133],
              [-78.74331902097767, -3.819307121256502],
              [-78.7431897651415, -3.81923660453313],
              [-78.74305508022194, -3.8191662895405765],
              [-78.74295694508893, -3.8191326644658123],
              [-78.74285950578118, -3.8191062170972887],
              [-78.7427156621875, -3.819068884432114],
              [-78.74251970897939, -3.819017063468133],
              [-78.74242192744765, -3.818984874823547],
              [-78.74233868691498, -3.818956024993934],
              [-78.74232700517064, -3.8189519759452413],
              [-78.7423068341202, -3.8189437759811233],
              [-78.7421999860969, -3.8189003367517214],
              [-78.74217413096808, -3.8188910704523407],
              [-78.74215277043571, -3.8188813920366638],
              [-78.74213834789849, -3.8188761216980947],
              [-78.74213730801618, -3.8188755955448026],
              [-78.74210995694318, -3.8188629660707023],
              [-78.74207961028789, -3.8188581030102235],
              [-78.74203854940696, -3.8188526132448706]
            ]
          ]
        ]
      }
    },
    {
      "type": "Feature",
      "properties": {
        "code": "003",
        "areaM2": 280.27,
        "side": "right",
        "sideSource": "declared",
        "surveyState": "COMPLETO",
        "affectedFlag": "NO",
        "landUse": "VACÍO"
      },
      "geometry": {
        "type": "MultiPolygon",
        "coordinates": [
          [
            [
              [-78.74169697355164, -3.8188605911388587],
              [-78.741704225191, -3.818861724890164],
              [-78.74179997815077, -3.818876691751018],
              [-78.7418316291479, -3.8188397912094167],
              [-78.74186646352649, -3.818805906637824],
              [-78.74189471239968, -3.818780807746387],
              [-78.74189781109749, -3.8187783507396817],
              [-78.74190044401746, -3.818775395309682],
              [-78.74190253262935, -3.8187720307442685],
              [-78.74190401547844, -3.818768355416255],
              [-78.74190484818085, -3.8187644785913486],
              [-78.74190500613526, -3.818760515915418],
              [-78.74190448453459, -3.818756584894501],
              [-78.74190329837327, -3.8187528021828654],
              [-78.74190148425647, -3.818749279971846],
              [-78.74189909410757, -3.81874612326127],
              [-78.74189620057962, -3.8187434253537784],
              [-78.74189288895825, -3.8187412669294485],
              [-78.74188925717563, -3.81873971062194],
              [-78.74177269082584, -3.81870131801807],
              [-78.74175127035073, -3.8186942628186373],
              [-78.74169697355164, -3.8188605911388587]
            ]
          ]
        ]
      }
    },
    {
      "type": "Feature",
      "properties": {
        "code": "004",
        "areaM2": 65745.66,
        "side": "left",
        "sideSource": "declared",
        "surveyState": "COMPLETO",
        "affectedFlag": "NO",
        "landUse": "INFRAESTRUCTURA"
      },
      "geometry": {
        "type": "MultiPolygon",
        "coordinates": [
          [
            [
              [-78.74460617915835, -3.816280759384235],
              [-78.74458741135419, -3.8162814449120903],
              [-78.74451396714572, -3.816285269765633],
              [-78.74450389644036, -3.81628738751585],
              [-78.74450215071185, -3.816287311503631],
              [-78.7444771056153, -3.8162900877042083],
              [-78.74445075699565, -3.816293008726061],
              [-78.74415695492264, -3.8163255778372394],
              [-78.74396296145773, -3.8163470827127375],
              [-78.7439457519046, -3.8163489900060266],
              [-78.74383621796404, -3.8163715760937924],
              [-78.74364130547136, -3.8164117675790887],
              [-78.74344639388794, -3.816451958107523],
              [-78.74307291870663, -3.816494026648145],
              [-78.74282225590673, -3.8165574662817705],
              [-78.74241052554481, -3.8166597072328927],
              [-78.74241142139688, -3.8166640360925816],
              [-78.7424115244857, -3.816664536271046],
              [-78.74242438629615, -3.816726711381847],
              [-78.7424255745304, -3.8167324584693434],
              [-78.7424311437124, -3.816749942765116],
              [-78.74246430796526, -3.8168540641206405],
              [-78.7425039285647, -3.8170005481256597],
              [-78.74250905928494, -3.8170256799306603],
              [-78.74251872447152, -3.817073026599894],
              [-78.74251897594934, -3.817074255785915],
              [-78.74252312633179, -3.8171852650098623],
              [-78.74252360496058, -3.8171980676812645],
              [-78.74249437026683, -3.8172953268861605],
              [-78.74247441109978, -3.8173617293207],
              [-78.74241172683186, -3.817562562720703],
              [-78.74236222483445, -3.8177211620729],
              [-78.74229038167782, -3.8179570705146193],
              [-78.742254625278, -3.818074484121449],
              [-78.74224624233047, -3.818100574679554],
              [-78.74218779033727, -3.8182824914098257],
              [-78.74208944612836, -3.8185929759688686],
              [-78.74209167399385, -3.81861517842098],
              [-78.74209387385059, -3.8186480948913646],
              [-78.74210291260316, -3.8186699663681765],
              [-78.74211018152106, -3.8186875563991296],
              [-78.74211128956814, -3.818690236940839],
              [-78.74213330218079, -3.8187224408953773],
              [-78.74216141510585, -3.818753130485269],
              [-78.74219487718784, -3.8187777105543166],
              [-78.74221995632, -3.8187929158286655],
              [-78.74223604466853, -3.8188026698310273],
              [-78.74226334589264, -3.8188192215836017],
              [-78.74234021281488, -3.818854632034884],
              [-78.74237536619451, -3.818868786321841],
              [-78.74247798455599, -3.8189101026553125],
              [-78.7425800014238, -3.818943283289248],
              [-78.74268126894455, -3.8189718696673265],
              [-78.7427277330622, -3.8189781149289037],
              [-78.74283438666089, -3.818986815951309],
              [-78.7429265857515, -3.8189862933966467],
              [-78.74305157452146, -3.8189766727445478],
              [-78.74310330470013, -3.819008955057092],
              [-78.74311869087612, -3.819021549346864],
              [-78.74323370331263, -3.8191156868508194],
              [-78.74335688359635, -3.819214745520193],
              [-78.7433933568087, -3.81925387601537],
              [-78.74342984712183, -3.8192861190482823],
              [-78.743488017443, -3.8193321951603623],
              [-78.74352632379384, -3.819344500033568],
              [-78.7435420716609, -3.8193495587025583],
              [-78.74359731472771, -3.819349704345646],
              [-78.743675475844, -3.819326949027691],
              [-78.74374231836833, -3.819262067702718],
              [-78.74383107101153, -3.8191704769396493],
              [-78.74385883327867, -3.8191418276040983],
              [-78.74393728929688, -3.8190061789675287],
              [-78.74402532542133, -3.818849507925492],
              [-78.74403852090732, -3.818812219608557],
              [-78.74413368855441, -3.818647869838902],
              [-78.74434968780469, -3.817999061162094],
              [-78.74449739256528, -3.8175151068875146],
              [-78.74455226034794, -3.8170201459661435],
              [-78.74455346832673, -3.816557332476118],
              [-78.744611876334, -3.8162799110731704],
              [-78.74460723671302, -3.8162807214892203],
              [-78.74460617915835, -3.816280759384235]
            ]
          ]
        ]
      }
    },
    {
      "type": "Feature",
      "properties": {
        "code": "005",
        "areaM2": 402.78,
        "side": "right",
        "sideSource": "declared",
        "surveyState": "COMPLETO",
        "affectedFlag": "NO",
        "landUse": "VACÍO"
      },
      "geometry": {
        "type": "MultiPolygon",
        "coordinates": [
          [
            [
              [-78.74176306226413, -3.8184623779998046],
              [-78.74172267724315, -3.818583918688185],
              [-78.7419472964002, -3.818657900747633],
              [-78.74195075635578, -3.8186587433532906],
              [-78.74195430597241, -3.818659025721559],
              [-78.74195785526626, -3.8186587430951424],
              [-78.74196131602494, -3.8186579015692583],
              [-78.7419646008983, -3.8186565217052726],
              [-78.74196762789803, -3.818654638542524],
              [-78.74197032130252, -3.8186522997927748],
              [-78.74197261436363, -3.818649563135295],
              [-78.74197444840462, -3.8186464971185816],
              [-78.74197577732438, -3.8186431793641864],
              [-78.74200667842318, -3.8185440497611487],
              [-78.74176306226413, -3.8184623779998046]
            ]
          ]
        ]
      }
    },
    {
      "type": "Feature",
      "properties": {
        "code": "006",
        "areaM2": 341.1,
        "side": "right",
        "sideSource": "declared",
        "surveyState": "COMPLETO",
        "affectedFlag": "NO",
        "landUse": "INFRAESTRUCTURA"
      },
      "geometry": {
        "type": "MultiPolygon",
        "coordinates": [
          [
            [
              [-78.7417972526823, -3.818359479316949],
              [-78.74176306226413, -3.8184623779998046],
              [-78.74200667842318, -3.8185440497611487],
              [-78.74203895358262, -3.818440509592685],
              [-78.7417972526823, -3.818359479316949]
            ]
          ]
        ]
      }
    },
    {
      "type": "Feature",
      "properties": {
        "code": "007",
        "areaM2": 355.97,
        "side": "right",
        "sideSource": "declared",
        "surveyState": "COMPLETO",
        "affectedFlag": "NO",
        "landUse": "VACÍO"
      },
      "geometry": {
        "type": "MultiPolygon",
        "coordinates": [
          [
            [
              [-78.74181895624663, -3.8182523947608535],
              [-78.7417847658423, -3.8183552934488785],
              [-78.7417972526823, -3.818359479316949],
              [-78.74203895358262, -3.818440509592685],
              [-78.74207122962767, -3.8183369694205216],
              [-78.74181895624663, -3.8182523947608535]
            ]
          ]
        ]
      }
    },
    {
      "type": "Feature",
      "properties": {
        "code": "008",
        "areaM2": 353.28,
        "side": "right",
        "sideSource": "declared",
        "surveyState": "COMPLETO",
        "affectedFlag": "NO",
        "landUse": "VACÍO"
      },
      "geometry": {
        "type": "MultiPolygon",
        "coordinates": [
          [
            [
              [-78.74185314663637, -3.818149496066379],
              [-78.74181895624663, -3.8182523947608535],
              [-78.74207122962767, -3.8183369694205216],
              [-78.74210350566072, -3.818233428338335],
              [-78.74185314663637, -3.818149496066379]
            ]
          ]
        ]
      }
    },
    {
      "type": "Feature",
      "properties": {
        "code": "009",
        "areaM2": 398.58,
        "side": "right",
        "sideSource": "declared",
        "surveyState": "COMPLETO",
        "affectedFlag": "NO",
        "landUse": "VACÍO"
      },
      "geometry": {
        "type": "MultiPolygon",
        "coordinates": [
          [
            [
              [-78.7421357807771, -3.8181298881516805],
              [-78.74194618528873, -3.8180663266729415],
              [-78.74185318996012, -3.818035149571292],
              [-78.74184920053762, -3.8180471566932526],
              [-78.74181899958296, -3.8181380482687204],
              [-78.74185314663637, -3.818149496066379],
              [-78.74210350566072, -3.818233428338335],
              [-78.7421357807771, -3.8181298881516805]
            ]
          ]
        ]
      }
    },
    {
      "type": "Feature",
      "properties": {
        "code": "010",
        "areaM2": 395.86,
        "side": "right",
        "sideSource": "declared",
        "surveyState": "COMPLETO",
        "affectedFlag": "NO",
        "landUse": "INFRAESTRUCTURA"
      },
      "geometry": {
        "type": "MultiPolygon",
        "coordinates": [
          [
            [
              [-78.74188737942275, -3.8179322508650424],
              [-78.74186030070773, -3.818013749184811],
              [-78.74185318996012, -3.818035149571292],
              [-78.74194618528873, -3.8180663266729415],
              [-78.7421357807771, -3.8181298881516805],
              [-78.74216801451894, -3.818026333386079],
              [-78.74192152647215, -3.8179436986557143],
              [-78.74188737942275, -3.8179322508650424]
            ]
          ]
        ]
      }
    },
    {
      "type": "Feature",
      "properties": {
        "code": "011",
        "areaM2": 345.02,
        "side": "right",
        "sideSource": "declared",
        "surveyState": "COMPLETO",
        "affectedFlag": "NO",
        "landUse": "INFRAESTRUCTURA"
      },
      "geometry": {
        "type": "MultiPolygon",
        "coordinates": [
          [
            [
              [-78.74209292725259, -3.8178867997369923],
              [-78.74195571681813, -3.8178407999418815],
              [-78.74192152647215, -3.8179436986557143],
              [-78.74216801451894, -3.818026333386079],
              [-78.74220011696383, -3.817922735780674],
              [-78.74209292725259, -3.8178867997369923]
            ]
          ]
        ]
      }
    },
    {
      "type": "Feature",
      "properties": {
        "code": "012",
        "areaM2": 341.99,
        "side": "right",
        "sideSource": "declared",
        "surveyState": "COMPLETO",
        "affectedFlag": "NO",
        "landUse": "INFRAESTRUCTURA"
      },
      "geometry": {
        "type": "MultiPolygon",
        "coordinates": [
          [
            [
              [-78.74195571681813, -3.8178407999418815],
              [-78.74209292725259, -3.8178867997369923],
              [-78.74220011696383, -3.817922735780674],
              [-78.7422320872213, -3.817819091717207],
              [-78.74213377506325, -3.817786133334707],
              [-78.74198990624959, -3.817737901219246],
              [-78.74195571681813, -3.8178407999418815]
            ]
          ]
        ]
      }
    },
    {
      "type": "Feature",
      "properties": {
        "code": "013",
        "areaM2": 338.97,
        "side": "right",
        "sideSource": "declared",
        "surveyState": "COMPLETO",
        "affectedFlag": "NO",
        "landUse": "INFRAESTRUCTURA"
      },
      "geometry": {
        "type": "MultiPolygon",
        "coordinates": [
          [
            [
              [-78.7420844977048, -3.8176552520492755],
              [-78.7420240965664, -3.817635002492535],
              [-78.74198990624959, -3.817737901219246],
              [-78.74213377506325, -3.817786133334707],
              [-78.7422320872213, -3.817819091717207],
              [-78.74226420042991, -3.8177154968401927],
              [-78.7420844977048, -3.8176552520492755]
            ]
          ]
        ]
      }
    },
    {
      "type": "Feature",
      "properties": {
        "code": "014",
        "areaM2": 335.99,
        "side": "right",
        "sideSource": "declared",
        "surveyState": "COMPLETO",
        "affectedFlag": "NO",
        "landUse": "VACÍO"
      },
      "geometry": {
        "type": "MultiPolygon",
        "coordinates": [
          [
            [
              [-78.7420240965664, -3.817635002492535],
              [-78.7420844977048, -3.8176552520492755],
              [-78.74226420042991, -3.8177154968401927],
              [-78.74229622820161, -3.817611873708218],
              [-78.74205828686864, -3.817532103759378],
              [-78.7420240965664, -3.817635002492535]
            ]
          ]
        ]
      }
    },
    {
      "type": "Feature",
      "properties": {
        "code": "015",
        "areaM2": 324.05,
        "side": "right",
        "sideSource": "declared",
        "surveyState": "COMPLETO",
        "affectedFlag": "NO",
        "landUse": "VACÍO"
      },
      "geometry": {
        "type": "MultiPolygon",
        "coordinates": [
          [
            [
              [-78.74228489057232, -3.817493712162118],
              [-78.74228232163038, -3.817492851117854],
              [-78.74211761806625, -3.817437634125184],
              [-78.74211479196198, -3.817436686523466],
              [-78.74211184896504, -3.8174356997419396],
              [-78.74210753292861, -3.8174342528248997],
              [-78.74210322678226, -3.8174328095498984],
              [-78.74210297321443, -3.8174327248101867],
              [-78.74210244810799, -3.8174325444355164],
              [-78.74210243627391, -3.8174325959317534],
              [-78.74210036219343, -3.8174417668677973],
              [-78.74209701357015, -3.817450324249645],
              [-78.74209489440581, -3.8174557398912654],
              [-78.74209027464885, -3.817467544670152],
              [-78.74208713621593, -3.8174755665398665],
              [-78.74208480686067, -3.817481517693353],
              [-78.74206347030241, -3.817518462655381],
              [-78.74205438790416, -3.817529819038719],
              [-78.74205377121432, -3.817530590324169],
              [-78.74205451842795, -3.817530840891843],
              [-78.74205828686864, -3.817532103759378],
              [-78.74229622820161, -3.817611873708218],
              [-78.74232815884639, -3.817508218674546],
              [-78.74228489057232, -3.817493712162118]
            ]
          ]
        ]
      }
    },
    {
      "type": "Feature",
      "properties": {
        "code": "016",
        "areaM2": 329.74,
        "side": "right",
        "sideSource": "declared",
        "surveyState": "INCOMPLETO",
        "affectedFlag": "NO",
        "landUse": "VACÍO"
      },
      "geometry": {
        "type": "MultiPolygon",
        "coordinates": [
          [
            [
              [-78.74227160082857, -3.8173748964054526],
              [-78.74226834312077, -3.8173738039318534],
              [-78.7421374988798, -3.8173299381381898],
              [-78.74211755969169, -3.8173232538918973],
              [-78.74211545112873, -3.817322546835776],
              [-78.74211308630045, -3.817321754128879],
              [-78.74211216914411, -3.8173214461618894],
              [-78.74211034921416, -3.817320836593766],
              [-78.74210995179519, -3.817320697235375],
              [-78.74210996224502, -3.817320831053495],
              [-78.74210996485039, -3.8173208672199648],
              [-78.74211284974999, -3.817357516263671],
              [-78.74210978114637, -3.81740011684915],
              [-78.74210244810799, -3.8174325444355164],
              [-78.74210297321443, -3.8174327248101867],
              [-78.74210322678226, -3.8174328095498984],
              [-78.74210753292861, -3.8174342528248997],
              [-78.74211184896504, -3.8174356997419396],
              [-78.74211479196198, -3.817436686523466],
              [-78.74211761806625, -3.817437634125184],
              [-78.74228232163038, -3.817492851117854],
              [-78.74228489057232, -3.817493712162118],
              [-78.74232815884639, -3.817508218674546],
              [-78.74236049231226, -3.8174046966795334],
              [-78.74227160082857, -3.8173748964054526]
            ]
          ]
        ]
      }
    },
    {
      "type": "Feature",
      "properties": {
        "code": "017",
        "areaM2": 381.82,
        "side": "right",
        "sideSource": "declared",
        "surveyState": "COMPLETO",
        "affectedFlag": "NO",
        "landUse": "VACÍO"
      },
      "geometry": {
        "type": "MultiPolygon",
        "coordinates": [
          [
            [
              [-78.74231253771153, -3.817274899154627],
              [-78.7422729003697, -3.8172619326770065],
              [-78.74212555766725, -3.8172137330558833],
              [-78.74209211218066, -3.8172027915650584],
              [-78.74210949796645, -3.8173149376208366],
              [-78.74210995179519, -3.817320697235375],
              [-78.74211034921416, -3.817320836593766],
              [-78.74211216914411, -3.8173214461618894],
              [-78.74211308630045, -3.817321754128879],
              [-78.74211545112873, -3.817322546835776],
              [-78.74211755969169, -3.8173232538918973],
              [-78.7421374988798, -3.8173299381381898],
              [-78.74226834312077, -3.8173738039318534],
              [-78.74227160082857, -3.8173748964054526],
              [-78.74236049231226, -3.8174046966795334],
              [-78.74239122163141, -3.817300638902994],
              [-78.74231253771153, -3.817274899154627]
            ]
          ]
        ]
      }
    },
    {
      "type": "Feature",
      "properties": {
        "code": "018",
        "areaM2": 447.51,
        "side": "right",
        "sideSource": "declared",
        "surveyState": "COMPLETO",
        "affectedFlag": "NO",
        "landUse": "VACÍO"
      },
      "geometry": {
        "type": "MultiPolygon",
        "coordinates": [
          [
            [
              [-78.74229595309227, -3.8171254665010346],
              [-78.74229584322683, -3.817125493331088],
              [-78.74211832917607, -3.817168616634821],
              [-78.74208795778408, -3.8171759953804267],
              [-78.74209211218066, -3.8172027915650584],
              [-78.74212555766725, -3.8172137330558833],
              [-78.7422729003697, -3.8172619326770065],
              [-78.74231253771153, -3.817274899154627],
              [-78.74239122163141, -3.817300638902994],
              [-78.74239214152786, -3.8172971428852223],
              [-78.74240357490403, -3.8172295355592607],
              [-78.74240890401964, -3.817161168155459],
              [-78.7424081532539, -3.8170982104738367],
              [-78.74229595309227, -3.8171254665010346]
            ]
          ]
        ]
      }
    },
    {
      "type": "Feature",
      "properties": {
        "code": "019",
        "areaM2": 442.01,
        "side": "right",
        "sideSource": "declared",
        "surveyState": "COMPLETO",
        "affectedFlag": "NO",
        "landUse": "VACÍO"
      },
      "geometry": {
        "type": "MultiPolygon",
        "coordinates": [
          [
            [
              [-78.74237061813419, -3.8169957228552294],
              [-78.74235228687955, -3.8170001754985905],
              [-78.74210754534003, -3.817059631160424],
              [-78.7420712835669, -3.81706843985775],
              [-78.74208795778408, -3.8171759953804267],
              [-78.74211832917607, -3.817168616634821],
              [-78.74229584322683, -3.817125493331088],
              [-78.74229595309227, -3.8171254665010346],
              [-78.7424081532539, -3.8170982104738367],
              [-78.74240808602536, -3.817092596515961],
              [-78.74240769817203, -3.8170887960216526],
              [-78.74239997907289, -3.8170244323449687],
              [-78.74239293965448, -3.8169902999007332],
              [-78.74238409191338, -3.8169924497696037],
              [-78.7423807599404, -3.8169932590972686],
              [-78.74237185816894, -3.8169954214794206],
              [-78.74237061813419, -3.8169957228552294]
            ]
          ]
        ]
      }
    },
    {
      "type": "Feature",
      "properties": {
        "code": "020",
        "areaM2": 440.66,
        "side": "right",
        "sideSource": "declared",
        "surveyState": "COMPLETO",
        "affectedFlag": "NO",
        "landUse": "VACÍO"
      },
      "geometry": {
        "type": "MultiPolygon",
        "coordinates": [
          [
            [
              [-78.74235022136452, -3.816869667285848],
              [-78.74225197459056, -3.8169071236704775],
              [-78.74222673252333, -3.8169167469976033],
              [-78.74222420831636, -3.81691770942066],
              [-78.74222168500934, -3.816918671846077],
              [-78.74221916080474, -3.816919633365112],
              [-78.74221663659775, -3.816920595788137],
              [-78.74221411239078, -3.816921558211149],
              [-78.74221158818379, -3.8169225206341513],
              [-78.74220906397682, -3.816923483057143],
              [-78.74220653976982, -3.8169244454801072],
              [-78.74220401556285, -3.8169254079030757],
              [-78.74220149135587, -3.8169263703260348],
              [-78.74219896714887, -3.8169273327489837],
              [-78.74219644294189, -3.8169282951719037],
              [-78.74219391873726, -3.8169292566908486],
              [-78.74216867666958, -3.816938880015501],
              [-78.74216615246257, -3.8169398424382917],
              [-78.74216362825555, -3.816940804861089],
              [-78.74216110404853, -3.8169417672838746],
              [-78.74215857984152, -3.81694272970665],
              [-78.7421560556345, -3.8169436921293967],
              [-78.74215353142748, -3.8169446545521497],
              [-78.74215100722046, -3.8169456169748934],
              [-78.74214848301344, -3.8169465793976247],
              [-78.74214595880876, -3.8169475409163467],
              [-78.74214343460173, -3.8169485033390576],
              [-78.7421409103947, -3.8169494657617555],
              [-78.74213838708762, -3.816950428186817],
              [-78.74213586288059, -3.816951390609478],
              [-78.7421106208125, -3.816961013931643],
              [-78.74210809660543, -3.816961976354202],
              [-78.74210557239837, -3.816962938776749],
              [-78.74210304819131, -3.8169639011992693],
              [-78.74210052398425, -3.8169648636217963],
              [-78.7420979997772, -3.816965826044311],
              [-78.74209547557248, -3.8169667875628326],
              [-78.74209295136542, -3.8169677499853103],
              [-78.74209042715835, -3.816968712407794],
              [-78.74208790295128, -3.816969674830266],
              [-78.7420853787442, -3.8169706372527274],
              [-78.74208285453713, -3.8169715996751608],
              [-78.74208033033005, -3.8169725620976],
              [-78.74207780612298, -3.816973524520029],
              [-78.74205273792063, -3.816983081402833],
              [-78.74204202760848, -3.8169871645119624],
              [-78.7420458875823, -3.816991971261137],
              [-78.74204893025754, -3.8169954515098077],
              [-78.74204978522907, -3.816996826021148],
              [-78.7420509047379, -3.8169982202137724],
              [-78.74205450282221, -3.8170044048575855],
              [-78.7420574423969, -3.8170094559694285],
              [-78.74206125059801, -3.817018577327534],
              [-78.74206305483543, -3.8170231255394205],
              [-78.74206648750639, -3.8170375071305958],
              [-78.7420712835669, -3.81706843985775],
              [-78.74210754534003, -3.817059631160424],
              [-78.74235228687955, -3.8170001754985905],
              [-78.74237061813419, -3.8169957228552294],
              [-78.74237185816894, -3.8169954214794206],
              [-78.7423807599404, -3.8169932590972686],
              [-78.74238409191338, -3.8169924497696037],
              [-78.74239293965448, -3.8169902999007332],
              [-78.74238576776092, -3.8169576143961907],
              [-78.74238527156584, -3.8169549797640134],
              [-78.74236761169296, -3.816881926039414],
              [-78.74236331354555, -3.816864676515678],
              [-78.74235501573577, -3.816867839399924],
              [-78.74235022136452, -3.816869667285848]
            ]
          ]
        ]
      }
    },
    {
      "type": "Feature",
      "properties": {
        "code": "021",
        "areaM2": 450.3,
        "side": "right",
        "sideSource": "declared",
        "surveyState": "COMPLETO",
        "affectedFlag": "NO",
        "landUse": "VACÍO"
      },
      "geometry": {
        "type": "MultiPolygon",
        "coordinates": [
          [
            [
              [-78.74233438114841, -3.816742902346214],
              [-78.74233435622126, -3.816742798321616],
              [-78.74231996361695, -3.816683021984422],
              [-78.74231941074832, -3.816680722583451],
              [-78.74228857998585, -3.8166896351121795],
              [-78.74208628147446, -3.8167481161053525],
              [-78.74213113060848, -3.8169046544918266],
              [-78.74213303772711, -3.816903927287643],
              [-78.74213556193398, -3.816902964864892],
              [-78.74213808614084, -3.81690200244213],
              [-78.7421406103477, -3.8169010400193737],
              [-78.7421431345522, -3.816900078500573],
              [-78.74214565875906, -3.8168991160777788],
              [-78.74214818296592, -3.8168981536549733],
              [-78.74215070717277, -3.816897191232175],
              [-78.74217594923883, -3.8168875679074357],
              [-78.74217847344566, -3.8168866054845023],
              [-78.7421809976525, -3.8168856430615543],
              [-78.74218352185932, -3.816884680638616],
              [-78.74218604606614, -3.8168837182156485],
              [-78.74218857027297, -3.8168827557926694],
              [-78.74219109447742, -3.8168817942736806],
              [-78.74219361868425, -3.81688083185068],
              [-78.74219614289107, -3.8168798694276695],
              [-78.74219866709788, -3.8168789070046487],
              [-78.74220119130469, -3.8168779445816154],
              [-78.74220371551151, -3.816876982158589],
              [-78.74220623971833, -3.816876019735535],
              [-78.74220876392515, -3.81687505731247],
              [-78.74223400509081, -3.8168654339828882],
              [-78.74223652929759, -3.8168644715597053],
              [-78.74223905350438, -3.81686350913651],
              [-78.74224157770881, -3.8168625476172875],
              [-78.7422441019156, -3.816861585194088],
              [-78.74224662612238, -3.81686062277086],
              [-78.74224915032916, -3.8168596603476224],
              [-78.74225167453594, -3.8168586979243733],
              [-78.7422541987427, -3.8168577355011313],
              [-78.74225672294948, -3.8168567730778604],
              [-78.74225924715626, -3.8168558106545785],
              [-78.74226177136303, -3.8168548482312863],
              [-78.7422642955698, -3.816853885807985],
              [-78.7422668197742, -3.8168529242886713],
              [-78.74229206183941, -3.8168433009589555],
              [-78.74229458514618, -3.8168423385331525],
              [-78.74229710935293, -3.8168413761097253],
              [-78.74229963355968, -3.8168404136862706],
              [-78.74230215776642, -3.816839451262805],
              [-78.74230468197315, -3.816838488839329],
              [-78.7423072061799, -3.816837526415859],
              [-78.74230973038664, -3.8168365639923616],
              [-78.74231225459337, -3.816835601568853],
              [-78.74231477879773, -3.8168346400493176],
              [-78.74231730300446, -3.8168336776258043],
              [-78.74231982721119, -3.816832715202264],
              [-78.74232235141791, -3.816831752778712],
              [-78.74232487562463, -3.81683079035515],
              [-78.74235296350373, -3.8168200816003903],
              [-78.74233438114841, -3.816742902346214]
            ]
          ]
        ]
      }
    },
    {
      "type": "Feature",
      "properties": {
        "code": "023",
        "areaM2": 5.67,
        "side": "left",
        "sideSource": "declared",
        "surveyState": "COMPLETO",
        "affectedFlag": "SI",
        "landUse": "INFRAESTRUCTURA"
      },
      "geometry": {
        "type": "MultiPolygon",
        "coordinates": [
          [
            [
              [-78.73968908577969, -3.8160349821590485],
              [-78.73992933083848, -3.8171873883253338],
              [-78.7420820928132, -3.8167337424655003],
              [-78.74208199891784, -3.816733168184151],
              [-78.74208628147446, -3.8167481161053525],
              [-78.74228857998585, -3.8166896351121795],
              [-78.74231941074832, -3.816680722583451],
              [-78.74228823875507, -3.8165364006117604],
              [-78.74227723183382, -3.816465933571907],
              [-78.74227307098543, -3.8164178312204067],
              [-78.7422720051633, -3.8162791029524876],
              [-78.74228219790417, -3.816205461834529],
              [-78.74230911957825, -3.8161089034512763],
              [-78.74234032967114, -3.8160109217329956],
              [-78.74238159432423, -3.8158928744156904],
              [-78.74240691712981, -3.8158161471616],
              [-78.74238868111108, -3.815815158953238],
              [-78.74216803665006, -3.8158031998251865],
              [-78.74216363943715, -3.8157301620901882],
              [-78.74179649177472, -3.815775254473201],
              [-78.74161411787249, -3.8157985613039203],
              [-78.73968908577969, -3.8160349821590485]
            ]
          ],
          [
            [
              [-78.74269166223321, -3.8159101215490803],
              [-78.74268147624541, -3.815928473741795],
              [-78.74249450181097, -3.8158376561013148],
              [-78.74248527067809, -3.815845327446142],
              [-78.74247224898058, -3.815862275496028],
              [-78.74243629072366, -3.8159547439360786],
              [-78.74238876718347, -3.816098844943623],
              [-78.74237075541491, -3.816157396844561],
              [-78.74235199186673, -3.816230536263608],
              [-78.74234519539141, -3.816279790347996],
              [-78.74234455686648, -3.816341975069837],
              [-78.74235199183713, -3.8164127924845292],
              [-78.74237216074435, -3.81653100171518],
              [-78.74241052554481, -3.8166597072328927],
              [-78.74282225590673, -3.8165574662817705],
              [-78.74307291870663, -3.816494026648145],
              [-78.74344639388794, -3.816451958107523],
              [-78.74364130547136, -3.8164117675790887],
              [-78.74383621796404, -3.8163715760937924],
              [-78.7439457519046, -3.8163489900060266],
              [-78.74396296145773, -3.8163470827127375],
              [-78.74415695492264, -3.8163255778372394],
              [-78.74445075699565, -3.816293008726061],
              [-78.7444771056153, -3.8162900877042083],
              [-78.74450215071185, -3.816287311503631],
              [-78.74450389644036, -3.81628738751585],
              [-78.74451396714572, -3.816285269765633],
              [-78.74458741135419, -3.8162814449120903],
              [-78.74460617915835, -3.816280759384235],
              [-78.74460997062664, -3.816280097701565],
              [-78.74468611614036, -3.8154203578413113],
              [-78.74271488541928, -3.8156624612797985],
              [-78.74271516069386, -3.8156652616641766],
              [-78.74272163857425, -3.8157379903175275],
              [-78.74272150365736, -3.8157896530283337],
              [-78.74271567151843, -3.8158346030601633],
              [-78.742704134657, -3.815875712371002],
              [-78.74269166223321, -3.8159101215490803]
            ]
          ]
        ]
      }
    },
    {
      "type": "Feature",
      "properties": {
        "code": "023A",
        "areaM2": 580.65,
        "side": "right",
        "sideSource": "declared",
        "surveyState": "COMPLETA",
        "affectedFlag": "NO",
        "landUse": "INFRAESTRUCTURA"
      },
      "geometry": {
        "type": "MultiPolygon",
        "coordinates": [
          [
            [
              [-78.74216803665006, -3.8158031998251865],
              [-78.74238868111108, -3.815815158953238],
              [-78.74242623760921, -3.815697910923313],
              [-78.7424785670804, -3.8155358105487465],
              [-78.74245961749773, -3.815535128725828],
              [-78.74242758914714, -3.8155449936470753],
              [-78.74237721775597, -3.8155762420350245],
              [-78.74230697880162, -3.815628868057396],
              [-78.74226419932782, -3.815670851438425],
              [-78.74223596848404, -3.8156853186271773],
              [-78.74217953568073, -3.8157035389829708],
              [-78.74216351650436, -3.8157103851700502],
              [-78.7421627242547, -3.8157218637590398],
              [-78.74216363943715, -3.8157301620901882],
              [-78.74216803665006, -3.8158031998251865]
            ]
          ]
        ]
      }
    },
    {
      "type": "Feature",
      "properties": {
        "code": "023B",
        "areaM2": 522.19,
        "side": "left",
        "sideSource": "declared",
        "surveyState": "COMPLETO",
        "affectedFlag": "NO",
        "landUse": "INFRAESTRUCTURA"
      },
      "geometry": {
        "type": "MultiPolygon",
        "coordinates": [
          [
            [
              [-78.74255024243668, -3.815682680922753],
              [-78.74249450181097, -3.8158376561013148],
              [-78.74268147624541, -3.815928473741795],
              [-78.74269166223321, -3.8159101215490803],
              [-78.742704134657, -3.815875712371002],
              [-78.74271567151843, -3.8158346030601633],
              [-78.74272150365736, -3.8157896530283337],
              [-78.74272163857425, -3.8157379903175275],
              [-78.74271516069386, -3.8156652616641766],
              [-78.74271488541928, -3.8156624612797985],
              [-78.74265691116724, -3.815669581127554],
              [-78.74259149005583, -3.8156776151704466],
              [-78.74259022070476, -3.8156777709280107],
              [-78.74255024243668, -3.815682680922753]
            ]
          ]
        ]
      }
    },
    {
      "type": "Feature",
      "properties": {
        "code": "024",
        "areaM2": 1530.89,
        "side": "right",
        "sideSource": "declared",
        "surveyState": "COMPLETA",
        "affectedFlag": "NO",
        "landUse": "INFRAESTRUCTURA"
      },
      "geometry": {
        "type": "MultiPolygon",
        "coordinates": [
          [
            [
              [-78.7421139157864, -3.815515151643684],
              [-78.74189153962178, -3.8155653191710437],
              [-78.74179649177472, -3.815775254473201],
              [-78.74216363943715, -3.8157301620901882],
              [-78.7421627242547, -3.8157218637590398],
              [-78.74216351650436, -3.8157103851700502],
              [-78.74217953568073, -3.8157035389829708],
              [-78.74223596848404, -3.8156853186271773],
              [-78.74226419932782, -3.815670851438425],
              [-78.74230697880162, -3.815628868057396],
              [-78.74237721775597, -3.8155762420350245],
              [-78.74242758914714, -3.8155449936470753],
              [-78.74245961749773, -3.815535128725828],
              [-78.7424785670804, -3.8155358105487465],
              [-78.7424955871207, -3.8154830894704697],
              [-78.7425028674727, -3.815430489173365],
              [-78.74249419359367, -3.815420864130601],
              [-78.74248125964505, -3.815413175962275],
              [-78.74245955774641, -3.815407761730301],
              [-78.7424386336797, -3.8154087931917475],
              [-78.74236122280386, -3.8154235755624426],
              [-78.74229389899376, -3.815449264934647],
              [-78.74222049108472, -3.815480608093125],
              [-78.7421139157864, -3.815515151643684]
            ]
          ]
        ]
      }
    },
    {
      "type": "Feature",
      "properties": {
        "code": "025",
        "areaM2": 9920.79,
        "side": "left",
        "sideSource": "declared",
        "surveyState": "COMPLETO",
        "affectedFlag": "NO",
        "landUse": "INFRAESTRUCTURA"
      },
      "geometry": {
        "type": "MultiPolygon",
        "coordinates": [
          [
            [
              [-78.74269083717587, -3.815286959751537],
              [-78.74262054028286, -3.8154848208032206],
              [-78.74255024243668, -3.815682680922753],
              [-78.74259022070476, -3.8156777709280107],
              [-78.74259149005583, -3.8156776151704466],
              [-78.74265691116724, -3.815669581127554],
              [-78.74271488541928, -3.8156624612797985],
              [-78.74468611614036, -3.8154203578413113],
              [-78.74470421284482, -3.8150176734711017],
              [-78.74269083717587, -3.815286959751537]
            ]
          ]
        ]
      }
    },
    {
      "type": "Feature",
      "properties": {
        "code": "026",
        "areaM2": 10013.17,
        "side": "left",
        "sideSource": "declared",
        "surveyState": "COMPLETO",
        "affectedFlag": "NO",
        "landUse": "INFRAESTRUCTURA"
      },
      "geometry": {
        "type": "MultiPolygon",
        "coordinates": [
          [
            [
              [-78.74276573521051, -3.8148661966321247],
              [-78.74274060750128, -3.8148696180347237],
              [-78.74275421743526, -3.814953094940556],
              [-78.74275563822984, -3.8150548708599668],
              [-78.74272817321469, -3.8151824148693314],
              [-78.74269083717587, -3.815286959751537],
              [-78.74470421284482, -3.8150176734711017],
              [-78.74471671438563, -3.8146004906033677],
              [-78.74276573521051, -3.8148661966321247]
            ]
          ]
        ]
      }
    },
    {
      "type": "Feature",
      "properties": {
        "code": "027",
        "areaM2": 10001.0,
        "side": "right",
        "sideSource": "declared",
        "surveyState": "COMPLETO",
        "affectedFlag": "NO",
        "landUse": "INFRAESTRUCTURA"
      },
      "geometry": {
        "type": "MultiPolygon",
        "coordinates": [
          [
            [
              [-78.74256582402855, -3.8144861711260294],
              [-78.74263477380002, -3.8146060185130937],
              [-78.74267872264996, -3.8146827999233253],
              [-78.74272694938779, -3.814803559999629],
              [-78.74274060750128, -3.8148696180347237],
              [-78.74276573521051, -3.8148661966321247],
              [-78.74471671438563, -3.8146004906033677],
              [-78.74467616634256, -3.814211064409052],
              [-78.74256582402855, -3.8144861711260294]
            ]
          ]
        ]
      }
    },
    {
      "type": "Feature",
      "properties": {
        "code": "028",
        "areaM2": 1.07,
        "side": "right",
        "sideSource": "declared",
        "surveyState": "COMPLETO",
        "affectedFlag": "SI",
        "landUse": "INFRAESTRUCTURA"
      },
      "geometry": {
        "type": "MultiPolygon",
        "coordinates": [
          [
            [
              [-78.74169813855629, -3.815335082017837],
              [-78.74169845401141, -3.815349715736001],
              [-78.74170176929381, -3.815503422668222],
              [-78.74197711144866, -3.8154674617772373],
              [-78.74253560220359, -3.8152700556329266],
              [-78.74258178409133, -3.815224740033641],
              [-78.7426246679122, -3.815151051226268],
              [-78.74264590531827, -3.8149614264413456],
              [-78.74260202170878, -3.814775902357311],
              [-78.7424064015974, -3.8143779629441816],
              [-78.74200684880802, -3.8144189114828664],
              [-78.74167902071777, -3.814460998921925],
              [-78.74168820150624, -3.8148743472495115],
              [-78.74169813855629, -3.815335082017837]
            ]
          ]
        ]
      }
    },
    {
      "type": "Feature",
      "properties": {
        "code": "029",
        "areaM2": 10045.61,
        "side": "left",
        "sideSource": "declared",
        "surveyState": "COMPLETO",
        "affectedFlag": "ESCOMBRERA",
        "landUse": "VACÍO"
      },
      "geometry": {
        "type": "MultiPolygon",
        "coordinates": [
          [
            [
              [-78.74457344817935, -3.8131403746327566],
              [-78.74377400951677, -3.813252441452074],
              [-78.74390721570046, -3.814260585191081],
              [-78.74469886402329, -3.8141507618874413],
              [-78.74457344817935, -3.8131403746327566]
            ]
          ]
        ]
      }
    },
    {
      "type": "Feature",
      "properties": {
        "code": "030",
        "areaM2": 1.05,
        "side": "left",
        "sideSource": "declared",
        "surveyState": "COMPLETO",
        "affectedFlag": "SI",
        "landUse": "VACÍO"
      },
      "geometry": {
        "type": "MultiPolygon",
        "coordinates": [
          [
            [
              [-78.74192370768013, -3.813475330730972],
              [-78.74199873749969, -3.813593780247393],
              [-78.74247726331248, -3.814377679540895],
              [-78.74251669577814, -3.8143918666846455],
              [-78.7425640727463, -3.8144130779697645],
              [-78.74265204168476, -3.8144276605438026],
              [-78.74275014317013, -3.814428492981367],
              [-78.74311681622171, -3.814364401199153],
              [-78.74296565705788, -3.813348617987209],
              [-78.74242465909246, -3.8134144095880016],
              [-78.74192370768013, -3.813475330730972]
            ]
          ]
        ]
      }
    },
    {
      "type": "Feature",
      "properties": {
        "code": "032",
        "areaM2": 7.99,
        "side": "right",
        "sideSource": "declared",
        "surveyState": "COMPLETO",
        "affectedFlag": "SI",
        "landUse": "INFRAESTRUCTURA"
      },
      "geometry": {
        "type": "MultiPolygon",
        "coordinates": [
          [
            [
              [-78.73874508231357, -3.8124757762037156],
              [-78.73902941620128, -3.8144076305970707],
              [-78.73923524748407, -3.8147334594248776],
              [-78.73951828498733, -3.814932426428057],
              [-78.7399378388927, -3.81475175543969],
              [-78.74145544282814, -3.8144897016917882],
              [-78.74167902071777, -3.814460998921925],
              [-78.74200684880802, -3.8144189114828664],
              [-78.7424064015974, -3.8143779629441816],
              [-78.74215355644587, -3.8139656919432925],
              [-78.74203001890267, -3.8137848324034476],
              [-78.74196624363273, -3.8136968372218196],
              [-78.7418520529201, -3.8134939910669803],
              [-78.74168106643371, -3.8131906478872963],
              [-78.74158048977101, -3.8129997458965206],
              [-78.74150767877639, -3.812841178657512],
              [-78.74149205749482, -3.8127980271287467],
              [-78.7414744123635, -3.8127286202092034],
              [-78.7412718541213, -3.8128242819485694],
              [-78.74099727849546, -3.812926885424917],
              [-78.74093449941093, -3.8128951481627564],
              [-78.74089759382426, -3.8128032046683704],
              [-78.74068719156101, -3.8124036961756027],
              [-78.7406199945107, -3.8121445677235064],
              [-78.73874508231357, -3.8124757762037156]
            ]
          ]
        ]
      }
    },
    {
      "type": "Feature",
      "properties": {
        "code": "032A",
        "areaM2": 0.77,
        "side": "right",
        "sideSource": "declared",
        "surveyState": "COMPLETO",
        "affectedFlag": "SI",
        "landUse": "VACÍO"
      },
      "geometry": {
        "type": "MultiPolygon",
        "coordinates": [
          [
            [
              [-78.7406199945107, -3.8121445677235064],
              [-78.74068719156101, -3.8124036961756027],
              [-78.74089759382426, -3.8128032046683704],
              [-78.74093449941093, -3.8128951481627564],
              [-78.74099727849546, -3.812926885424917],
              [-78.7412718541213, -3.8128242819485694],
              [-78.7414744123635, -3.8127286202092034],
              [-78.74145892915902, -3.812618794364159],
              [-78.74144361341435, -3.812454131125139],
              [-78.74137897781006, -3.811748384998992],
              [-78.74076191278347, -3.8121194970601637],
              [-78.7406199945107, -3.8121445677235064]
            ]
          ]
        ]
      }
    },
    {
      "type": "Feature",
      "properties": {
        "code": "033",
        "areaM2": 0.97,
        "side": "left",
        "sideSource": "declared",
        "surveyState": "COMPLETO",
        "affectedFlag": "SI",
        "landUse": "INFRAESTRUCTURA"
      },
      "geometry": {
        "type": "MultiPolygon",
        "coordinates": [
          [
            [
              [-78.74229788494247, -3.8122664345087873],
              [-78.74151478120835, -3.812413055062996],
              [-78.74155351153095, -3.8127071834408124],
              [-78.74157346593422, -3.812798316613192],
              [-78.74163158475466, -3.8129298022866482],
              [-78.74170266117248, -3.813066801184098],
              [-78.74192370768013, -3.813475330730972],
              [-78.74242465909246, -3.8134144095880016],
              [-78.74229788494247, -3.8122664345087873]
            ]
          ]
        ]
      }
    },
    {
      "type": "Feature",
      "properties": {
        "code": "034",
        "areaM2": 10001.5,
        "side": "left",
        "sideSource": "declared",
        "surveyState": "COMPLETO",
        "affectedFlag": "ESCOMBRERA",
        "landUse": "INFRAESTRUCTURA"
      },
      "geometry": {
        "type": "MultiPolygon",
        "coordinates": [
          [
            [
              [-78.74253529135288, -3.811222080772088],
              [-78.74149884790926, -3.8117206092096265],
              [-78.7415652249419, -3.8122902199802366],
              [-78.74264217039658, -3.812139249994689],
              [-78.74253529135288, -3.811222080772088]
            ]
          ]
        ]
      }
    },
    {
      "type": "Feature",
      "properties": {
        "code": "035",
        "areaM2": 0.54,
        "side": "left",
        "sideSource": "declared",
        "surveyState": "INCOMPLETO",
        "affectedFlag": "SI",
        "landUse": "INFRAESTRUCTURA"
      },
      "geometry": {
        "type": "MultiPolygon",
        "coordinates": [
          [
            [
              [-78.74088598363973, -3.8111297392828587],
              [-78.74076191278347, -3.8121194970601637],
              [-78.74137897781006, -3.811748384998992],
              [-78.74132226178884, -3.8110656608941746],
              [-78.74088855008623, -3.811090178417547],
              [-78.74088598363973, -3.8111297392828587]
            ]
          ]
        ]
      }
    },
    {
      "type": "Feature",
      "properties": {
        "code": "037",
        "areaM2": 2.56,
        "side": "left",
        "sideSource": "declared",
        "surveyState": "COMPLETO",
        "affectedFlag": "SI",
        "landUse": "INFRAESTRUCTURA"
      },
      "geometry": {
        "type": "MultiPolygon",
        "coordinates": [
          [
            [
              [-78.74130693551476, -3.8098813720996927],
              [-78.7413138981729, -3.8100294531254373],
              [-78.74132729750055, -3.810030175433281],
              [-78.74154903566925, -3.8100421223132077],
              [-78.74155807252788, -3.81009818806012],
              [-78.74157780144552, -3.81022059595179],
              [-78.7413277618519, -3.8102071245420803],
              [-78.74134321104435, -3.8103241677249864],
              [-78.74140407587572, -3.811044248375878],
              [-78.74147258179089, -3.8117319917798858],
              [-78.74149884790926, -3.8117206092096265],
              [-78.74253529135288, -3.811222080772088],
              [-78.7429765452114, -3.811009837826119],
              [-78.74305154081351, -3.8109737643354333],
              [-78.7431300173074, -3.8109360167619464],
              [-78.74341779895911, -3.81079759361881],
              [-78.74341903119111, -3.810768525408014],
              [-78.74339476673417, -3.810759492174971],
              [-78.74335565002623, -3.8106936139695176],
              [-78.74325821370469, -3.8106204073641896],
              [-78.74315591910484, -3.8105842615519108],
              [-78.7430049400302, -3.8104989542717407],
              [-78.7426077359191, -3.810328090873118],
              [-78.74250982799423, -3.8102749615389686],
              [-78.7424947912296, -3.8102668023271398],
              [-78.7424680543879, -3.8102568278496305],
              [-78.7423947227046, -3.8102249943042783],
              [-78.74238828361857, -3.8102221993967365],
              [-78.74233284887816, -3.8101981348321514],
              [-78.74222134186012, -3.8101115075865235],
              [-78.74221609136538, -3.8101074285240575],
              [-78.74215326003464, -3.8100439838434625],
              [-78.74208118879375, -3.809992304689266],
              [-78.74194767774674, -3.8099713125049095],
              [-78.74194503421286, -3.8099714538018947],
              [-78.74179337513891, -3.8100068770613813],
              [-78.74172630178668, -3.8099795374213077],
              [-78.74165252911007, -3.809949466366285],
              [-78.74157796532127, -3.809935287178699],
              [-78.74139694392515, -3.8099008640322554],
              [-78.74137036232305, -3.8098838352058997],
              [-78.74130693551476, -3.8098813720996927]
            ]
          ]
        ]
      }
    },
    {
      "type": "Feature",
      "properties": {
        "code": "038",
        "areaM2": 527.57,
        "side": "left",
        "sideSource": "declared",
        "surveyState": "INCOMPLETO",
        "affectedFlag": "NO",
        "landUse": "VACÍO"
      },
      "geometry": {
        "type": "MultiPolygon",
        "coordinates": [
          [
            [
              [-78.7413277618519, -3.8102071245420803],
              [-78.74157780144552, -3.81022059595179],
              [-78.74155807252788, -3.81009818806012],
              [-78.74154903566925, -3.8100421223132077],
              [-78.74132729750055, -3.810030175433281],
              [-78.7413138981729, -3.8100294531254373],
              [-78.7413277618519, -3.8102071245420803]
            ]
          ]
        ]
      }
    },
    {
      "type": "Feature",
      "properties": {
        "code": "040",
        "areaM2": 0.31,
        "side": "right",
        "sideSource": "declared",
        "surveyState": "INCOMPLETO",
        "affectedFlag": "SI",
        "landUse": "INFRAESTRUCTURA"
      },
      "geometry": {
        "type": "MultiPolygon",
        "coordinates": [
          [
            [
              [-78.74084722517149, -3.8102340284955645],
              [-78.74087380805156, -3.8103243555313573],
              [-78.74091037289632, -3.810448599427111],
              [-78.74094680928195, -3.810572409073915],
              [-78.74091430504282, -3.8107367619009507],
              [-78.7408831386691, -3.810894348264296],
              [-78.74130632964592, -3.810905407526915],
              [-78.74129538855098, -3.8107444983520744],
              [-78.74128274957918, -3.8105586246443557],
              [-78.74127577018291, -3.8105031971129995],
              [-78.74126469136317, -3.810368843186219],
              [-78.74125284449026, -3.8102115286086287],
              [-78.74084722517149, -3.8102340284955645]
            ]
          ]
        ]
      }
    },
    {
      "type": "Feature",
      "properties": {
        "code": "040B",
        "areaM2": 0.1,
        "side": "right",
        "sideSource": "declared",
        "surveyState": "COMPLETO",
        "affectedFlag": "SI",
        "landUse": "INFRAESTRUCTURA"
      },
      "geometry": {
        "type": "MultiPolygon",
        "coordinates": [
          [
            [
              [-78.74084722517149, -3.8102340284955645],
              [-78.74125284449026, -3.8102115286086287],
              [-78.74123883305724, -3.8100584136949736],
              [-78.7412361730666, -3.8100189900228356],
              [-78.74123131364371, -3.810006447930135],
              [-78.74121924286607, -3.8100042628472712],
              [-78.74120534531887, -3.8100068541570127],
              [-78.7410515563778, -3.8100311326944376],
              [-78.74087623985426, -3.810056024369874],
              [-78.7407979835085, -3.8100667086663256],
              [-78.74084722517149, -3.8102340284955645]
            ]
          ]
        ]
      }
    },
    {
      "type": "Feature",
      "properties": {
        "code": "040a",
        "areaM2": 0.1,
        "side": "right",
        "sideSource": "declared",
        "surveyState": "COMPLETO",
        "affectedFlag": "SI",
        "landUse": "VACÍO"
      },
      "geometry": {
        "type": "MultiPolygon",
        "coordinates": [
          [
            [
              [-78.74130632964592, -3.810905407526915],
              [-78.7408831386691, -3.810894348264296],
              [-78.74087393576576, -3.810940880394621],
              [-78.74088855008623, -3.811090178417547],
              [-78.74132226178884, -3.8110656608941746],
              [-78.74130632964592, -3.810905407526915]
            ]
          ]
        ]
      }
    },
    {
      "type": "Feature",
      "properties": {
        "code": "041",
        "areaM2": 828.22,
        "side": "left",
        "sideSource": "declared",
        "surveyState": "COMPLETO",
        "affectedFlag": "NO",
        "landUse": "INFRAESTRUCTURA"
      },
      "geometry": {
        "type": "MultiPolygon",
        "coordinates": [
          [
            [
              [-78.74130693551476, -3.8098813720996927],
              [-78.74137036232305, -3.8098838352058997],
              [-78.74139694392515, -3.8099008640322554],
              [-78.7416725614726, -3.809847240749535],
              [-78.74167303309618, -3.809666443967435],
              [-78.74154223873862, -3.809680779604413],
              [-78.74154214440988, -3.809716938957611],
              [-78.74128413413206, -3.8097055158746014],
              [-78.74130693551476, -3.8098813720996927]
            ]
          ]
        ]
      }
    },
    {
      "type": "Feature",
      "properties": {
        "code": "042A",
        "areaM2": 638.24,
        "side": "left",
        "sideSource": "declared",
        "surveyState": "COMPLETO",
        "affectedFlag": "NO",
        "landUse": "VACÍO"
      },
      "geometry": {
        "type": "MultiPolygon",
        "coordinates": [
          [
            [
              [-78.7412546949523, -3.8094367626462753],
              [-78.74153439210055, -3.8094368470717663],
              [-78.74153254022025, -3.8094167510191075],
              [-78.74152063382795, -3.809254944337981],
              [-78.74150352122585, -3.8092559768557988],
              [-78.74141496141924, -3.809249047013948],
              [-78.74134164041895, -3.809242157273496],
              [-78.74126642512086, -3.809231435048271],
              [-78.74125664024761, -3.809230279305634],
              [-78.7412546949523, -3.8094367626462753]
            ]
          ]
        ]
      }
    },
    {
      "type": "Feature",
      "properties": {
        "code": "042B",
        "areaM2": 0.09,
        "side": "left",
        "sideSource": "declared",
        "surveyState": "COMPLETO",
        "affectedFlag": "SI",
        "landUse": "INFRAESTRUCTURA"
      },
      "geometry": {
        "type": "MultiPolygon",
        "coordinates": [
          [
            [
              [-78.74154223873862, -3.809680779604413],
              [-78.74153439210055, -3.8094368470717663],
              [-78.7412546949523, -3.8094367626462753],
              [-78.74126204206343, -3.809575821051501],
              [-78.74126509992476, -3.809699725432074],
              [-78.74128413413206, -3.8097055158746014],
              [-78.74154214440988, -3.809716938957611],
              [-78.74154223873862, -3.809680779604413]
            ]
          ]
        ]
      }
    },
    {
      "type": "Feature",
      "properties": {
        "code": "043",
        "areaM2": 0.06,
        "side": "right",
        "sideSource": "declared",
        "surveyState": "COMPLETO",
        "affectedFlag": "SI",
        "landUse": "INFRAESTRUCTURA"
      },
      "geometry": {
        "type": "MultiPolygon",
        "coordinates": [
          [
            [
              [-78.74088847140358, -3.8097717500317643],
              [-78.74090426706714, -3.8098832652952983],
              [-78.74100999086899, -3.8098825863365136],
              [-78.74115407676275, -3.8098588888233746],
              [-78.74119680427958, -3.80983699729531],
              [-78.7412074079833, -3.8098244073210403],
              [-78.74120487770324, -3.8098090816481665],
              [-78.74118700474656, -3.809683828389896],
              [-78.74088672028745, -3.8097251176360714],
              [-78.74088847140358, -3.8097717500317643]
            ]
          ]
        ]
      }
    },
    {
      "type": "Feature",
      "properties": {
        "code": "043A",
        "areaM2": 363.56,
        "side": "right",
        "sideSource": "declared",
        "surveyState": "COMPLETO",
        "affectedFlag": "NO",
        "landUse": "INFRAESTRUCTURA"
      },
      "geometry": {
        "type": "MultiPolygon",
        "coordinates": [
          [
            [
              [-78.74116447195466, -3.809581291882697],
              [-78.74088103146813, -3.8096331162893136],
              [-78.74088365480995, -3.809643471165527],
              [-78.74088417735506, -3.809657392173631],
              [-78.74088672028745, -3.8097251176360714],
              [-78.74118700474656, -3.809683828389896],
              [-78.74117613461307, -3.8095791593370465],
              [-78.74116447195466, -3.809581291882697]
            ]
          ]
        ]
      }
    },
    {
      "type": "Feature",
      "properties": {
        "code": "043B",
        "areaM2": 874.19,
        "side": "right",
        "sideSource": "declared",
        "surveyState": "COMPLETO",
        "affectedFlag": "NO",
        "landUse": "INFRAESTRUCTURA"
      },
      "geometry": {
        "type": "MultiPolygon",
        "coordinates": [
          [
            [
              [-78.74082107052473, -3.8094019520131277],
              [-78.74082488575918, -3.8094114810682624],
              [-78.74088103146813, -3.8096331162893136],
              [-78.74116447195466, -3.809581291882697],
              [-78.7411397857313, -3.809355204136123],
              [-78.74108606600105, -3.8093647616297286],
              [-78.74101003703328, -3.8093737460193138],
              [-78.74089913964309, -3.8093860837089872],
              [-78.74082107052473, -3.8094019520131277]
            ]
          ]
        ]
      }
    },
    {
      "type": "Feature",
      "properties": {
        "code": "043C",
        "areaM2": 771.78,
        "side": "right",
        "sideSource": "declared",
        "surveyState": "COMPLETO",
        "affectedFlag": "NO",
        "landUse": "INFRAESTRUCTURA"
      },
      "geometry": {
        "type": "MultiPolygon",
        "coordinates": [
          [
            [
              [-78.74082107052473, -3.8094019520131277],
              [-78.74089913964309, -3.8093860837089872],
              [-78.74101003703328, -3.8093737460193138],
              [-78.74108606600105, -3.8093647616297286],
              [-78.7411397857313, -3.809355204136123],
              [-78.74113474957561, -3.8092610385343053],
              [-78.74113409114754, -3.8091743233882758],
              [-78.74084245490705, -3.8092196085218757],
              [-78.74078100937851, -3.8092242306688227],
              [-78.74075031360607, -3.8092280966735848],
              [-78.7407571092148, -3.809242212281837],
              [-78.74082107052473, -3.8094019520131277]
            ]
          ]
        ]
      }
    },
    {
      "type": "Feature",
      "properties": {
        "code": "044",
        "areaM2": 544.36,
        "side": "right",
        "sideSource": "declared",
        "surveyState": "COMPLETO",
        "affectedFlag": "NO",
        "landUse": "INFRAESTRUCTURA"
      },
      "geometry": {
        "type": "MultiPolygon",
        "coordinates": [
          [
            [
              [-78.74086045349296, -3.8090104148510635],
              [-78.74111485723779, -3.8089891184760383],
              [-78.7410965609097, -3.808812942373261],
              [-78.74085699680654, -3.808829650313859],
              [-78.74086045349296, -3.8090104148510635]
            ]
          ]
        ]
      }
    },
    {
      "type": "Feature",
      "properties": {
        "code": "044B",
        "areaM2": 0.07,
        "side": "right",
        "sideSource": "declared",
        "surveyState": "COMPLETO",
        "affectedFlag": "SI",
        "landUse": "INFRAESTRUCTURA"
      },
      "geometry": {
        "type": "MultiPolygon",
        "coordinates": [
          [
            [
              [-78.74071516061083, -3.809014922942883],
              [-78.74073863386687, -3.8090874331737425],
              [-78.74079405515374, -3.809164881938865],
              [-78.74083592701321, -3.8091787689736045],
              [-78.74098608769873, -3.8091577342958995],
              [-78.741129418974, -3.80912933126986],
              [-78.74111485723779, -3.8089891184760383],
              [-78.74086045349296, -3.8090104148510635],
              [-78.74071516061083, -3.809014922942883]
            ]
          ]
        ]
      }
    },
    {
      "type": "Feature",
      "properties": {
        "code": "046",
        "areaM2": 546.94,
        "side": "right",
        "sideSource": "declared",
        "surveyState": "COMPLETO",
        "affectedFlag": "NO",
        "landUse": "INFRAESTRUCTURA"
      },
      "geometry": {
        "type": "MultiPolygon",
        "coordinates": [
          [
            [
              [-78.74083631765578, -3.808649598890487],
              [-78.74085699680654, -3.808829650313859],
              [-78.7410965609097, -3.808812942373261],
              [-78.74109043052806, -3.808753911977357],
              [-78.74108003793914, -3.8086538382681563],
              [-78.74107713295909, -3.8086258675068665],
              [-78.74083631765578, -3.808649598890487]
            ]
          ]
        ]
      }
    },
    {
      "type": "Feature",
      "properties": {
        "code": "047",
        "areaM2": 0.04,
        "side": "left",
        "sideSource": "declared",
        "surveyState": "COMPLETO",
        "affectedFlag": "SI",
        "landUse": "VACÍO"
      },
      "geometry": {
        "type": "MultiPolygon",
        "coordinates": [
          [
            [
              [-78.74120801445103, -3.8089796439768286],
              [-78.7412247353412, -3.8091774113589523],
              [-78.74138364014532, -3.8091915114950767],
              [-78.74136709456877, -3.8089672314347647],
              [-78.74120801445103, -3.8089796439768286]
            ]
          ]
        ]
      }
    },
    {
      "type": "Feature",
      "properties": {
        "code": "048",
        "areaM2": 0.13,
        "side": "left",
        "sideSource": "declared",
        "surveyState": "COMPLETO",
        "affectedFlag": "SI",
        "landUse": "INFRAESTRUCTURA"
      },
      "geometry": {
        "type": "MultiPolygon",
        "coordinates": [
          [
            [
              [-78.74119316649124, -3.808799415314424],
              [-78.74120801445103, -3.8089796439768286],
              [-78.74136709456877, -3.8089672314347647],
              [-78.74175800833935, -3.808936730802605],
              [-78.74174274932747, -3.808745669390032],
              [-78.74119316649124, -3.808799415314424]
            ]
          ]
        ]
      }
    },
    {
      "type": "Feature",
      "properties": {
        "code": "049",
        "areaM2": 0.13,
        "side": "left",
        "sideSource": "declared",
        "surveyState": "INCOMPLETO",
        "affectedFlag": "SI",
        "landUse": "INFRAESTRUCTURA"
      },
      "geometry": {
        "type": "MultiPolygon",
        "coordinates": [
          [
            [
              [-78.74117944273893, -3.808602555296662],
              [-78.74119316649124, -3.808799415314424],
              [-78.74174274932747, -3.808745669390032],
              [-78.74170302849399, -3.8085481252873854],
              [-78.74117944273893, -3.808602555296662]
            ]
          ]
        ]
      }
    },
    {
      "type": "Feature",
      "properties": {
        "code": "050",
        "areaM2": 0.12,
        "side": "left",
        "sideSource": "declared",
        "surveyState": "COMPLETO",
        "affectedFlag": "SI",
        "landUse": "INFRAESTRUCTURA"
      },
      "geometry": {
        "type": "MultiPolygon",
        "coordinates": [
          [
            [
              [-78.74167704064871, -3.8083696689177],
              [-78.74116471831404, -3.8084177356006017],
              [-78.74117944273893, -3.808602555296662],
              [-78.74170302849399, -3.8085481252873854],
              [-78.74167957719344, -3.8083870864417615],
              [-78.74167704064871, -3.8083696689177]
            ]
          ]
        ]
      }
    },
    {
      "type": "Feature",
      "properties": {
        "code": "051",
        "areaM2": 1143.39,
        "side": "right",
        "sideSource": "declared",
        "surveyState": "INCOMPLETO",
        "affectedFlag": "NO",
        "landUse": "INFRAESTRUCTURA"
      },
      "geometry": {
        "type": "MultiPolygon",
        "coordinates": [
          [
            [
              [-78.7408003295852, -3.808235231942715],
              [-78.74078947100837, -3.8082361751515967],
              [-78.74082806908602, -3.8086056378590296],
              [-78.74107157495591, -3.8085723520522103],
              [-78.74105226787287, -3.808213337752996],
              [-78.7408003295852, -3.808235231942715]
            ]
          ]
        ]
      }
    },
    {
      "type": "Feature",
      "properties": {
        "code": "052",
        "areaM2": 576.35,
        "side": "right",
        "sideSource": "declared",
        "surveyState": "COMPLETO",
        "affectedFlag": "NO",
        "landUse": "VACÍO"
      },
      "geometry": {
        "type": "MultiPolygon",
        "coordinates": [
          [
            [
              [-78.74078705343115, -3.8080555091797517],
              [-78.74079955728831, -3.808224589952415],
              [-78.74080027487177, -3.8082344715434657],
              [-78.7408003295852, -3.808235231942715],
              [-78.74105226787287, -3.808213337752996],
              [-78.74106454288761, -3.808212428099722],
              [-78.74105997853496, -3.8080439657308696],
              [-78.74078705343115, -3.8080555091797517]
            ]
          ]
        ]
      }
    },
    {
      "type": "Feature",
      "properties": {
        "code": "052A",
        "areaM2": 0.11,
        "side": "right",
        "sideSource": "declared",
        "surveyState": "INCOMPLETO",
        "affectedFlag": "SI",
        "landUse": "VACÍO"
      },
      "geometry": {
        "type": "MultiPolygon",
        "coordinates": [
          [
            [
              [-78.74078020489755, -3.807902972742672],
              [-78.74104961660241, -3.807893821018779],
              [-78.74103979899698, -3.8077050773778254],
              [-78.74052593100046, -3.8077373317613525],
              [-78.74053743316644, -3.8079029719974113],
              [-78.74078020489755, -3.807902972742672]
            ]
          ]
        ]
      }
    },
    {
      "type": "Feature",
      "properties": {
        "code": "052B",
        "areaM2": 505.54,
        "side": "right",
        "sideSource": "declared",
        "surveyState": "COMPLETO",
        "affectedFlag": "NO",
        "landUse": "VACÍO"
      },
      "geometry": {
        "type": "MultiPolygon",
        "coordinates": [
          [
            [
              [-78.74078020489755, -3.807902972742672],
              [-78.74078705343115, -3.8080555091797517],
              [-78.74105997853496, -3.8080439657308696],
              [-78.74104961660241, -3.807893821018779],
              [-78.74078020489755, -3.807902972742672]
            ]
          ]
        ]
      }
    },
    {
      "type": "Feature",
      "properties": {
        "code": "053",
        "areaM2": 0.69,
        "side": "left",
        "sideSource": "declared",
        "surveyState": "COMPLETO",
        "affectedFlag": "SI",
        "landUse": "INFRAESTRUCTURA"
      },
      "geometry": {
        "type": "MultiPolygon",
        "coordinates": [
          [
            [
              [-78.74111130456042, -3.807722011039214],
              [-78.74111504687495, -3.807764681069294],
              [-78.74113055318244, -3.8079768521209094],
              [-78.74114585353345, -3.8081862030896385],
              [-78.74114866769828, -3.80822380833588],
              [-78.74134266958274, -3.808206839298751],
              [-78.74134764278622, -3.8083079220764566],
              [-78.74209207909628, -3.8082494715196606],
              [-78.74217770280067, -3.8082427486788863],
              [-78.74217534480198, -3.8082293326819574],
              [-78.74215368120856, -3.8081060672241995],
              [-78.7420664012808, -3.8077003717361655],
              [-78.74172186423247, -3.8077236616791903],
              [-78.74171367365928, -3.807660535290747],
              [-78.74111130456042, -3.807722011039214]
            ]
          ]
        ]
      }
    },
    {
      "type": "Feature",
      "properties": {
        "code": "053A",
        "areaM2": 0.02,
        "side": "left",
        "sideSource": "declared",
        "surveyState": "COMPLETO",
        "affectedFlag": "SI",
        "landUse": "INFRAESTRUCTURA"
      },
      "geometry": {
        "type": "MultiPolygon",
        "coordinates": [
          [
            [
              [-78.74114866769828, -3.80822380833588],
              [-78.74115611620502, -3.8083233346170218],
              [-78.74120464172809, -3.8083191502864415],
              [-78.74134764278622, -3.8083079220764566],
              [-78.74134266958274, -3.808206839298751],
              [-78.74114866769828, -3.80822380833588]
            ]
          ]
        ]
      }
    },
    {
      "type": "Feature",
      "properties": {
        "code": "054A",
        "areaM2": 4833.61,
        "side": "left",
        "sideSource": "declared",
        "surveyState": "COMPLETO",
        "affectedFlag": "NO",
        "landUse": "INFRAESTRUCTURA"
      },
      "geometry": {
        "type": "MultiPolygon",
        "coordinates": [
          [
            [
              [-78.74107919802748, -3.80681185020095],
              [-78.74105599623617, -3.806813297018522],
              [-78.7410506730639, -3.8068136292427455],
              [-78.74108429842164, -3.807233829785469],
              [-78.74161358311238, -3.8072296273698787],
              [-78.74201548892803, -3.8072402513667045],
              [-78.74202290723147, -3.8068428134245913],
              [-78.74160500391216, -3.8068215481815915],
              [-78.7412298328084, -3.8068024571568952],
              [-78.74107919802748, -3.80681185020095]
            ]
          ]
        ]
      }
    },
    {
      "type": "Feature",
      "properties": {
        "code": "054B",
        "areaM2": 0.3,
        "side": "left",
        "sideSource": "declared",
        "surveyState": "INCOMPLETO",
        "affectedFlag": "SI",
        "landUse": "INFRAESTRUCTURA"
      },
      "geometry": {
        "type": "MultiPolygon",
        "coordinates": [
          [
            [
              [-78.74109567044937, -3.8075115590440296],
              [-78.74111130456042, -3.807722011039214],
              [-78.74171367365928, -3.807660535290747],
              [-78.74166499687115, -3.8072853796959083],
              [-78.74111943622083, -3.807284518542036],
              [-78.74110338660924, -3.807291723601911],
              [-78.7410913559109, -3.8073031726194304],
              [-78.74107978681202, -3.807320172444415],
              [-78.74109567044937, -3.8075115590440296]
            ]
          ]
        ]
      }
    },
    {
      "type": "Feature",
      "properties": {
        "code": "054C",
        "areaM2": 5459.22,
        "side": "right",
        "sideSource": "declared",
        "surveyState": "INCOMPLETO",
        "affectedFlag": "NO",
        "landUse": "INFRAESTRUCTURA"
      },
      "geometry": {
        "type": "MultiPolygon",
        "coordinates": [
          [
            [
              [-78.74094963631786, -3.8068199300167307],
              [-78.74038250517685, -3.8068184377857937],
              [-78.7403556305893, -3.8075782957628657],
              [-78.74096037305704, -3.807529372332634],
              [-78.7409992659114, -3.8075170746447093],
              [-78.74094963631786, -3.8068199300167307]
            ]
          ]
        ]
      }
    },
    {
      "type": "Feature",
      "properties": {
        "code": "054D",
        "areaM2": 0.16,
        "side": "right",
        "sideSource": "declared",
        "surveyState": "COMPLETO",
        "affectedFlag": "SI",
        "landUse": "INFRAESTRUCTURA"
      },
      "geometry": {
        "type": "MultiPolygon",
        "coordinates": [
          [
            [
              [-78.74103979899698, -3.8077050773778254],
              [-78.7410330842996, -3.8076109299675314],
              [-78.7410189397111, -3.8076126772244074],
              [-78.74099345295227, -3.8076154929833286],
              [-78.74073339681233, -3.807629637688244],
              [-78.74040950372726, -3.8076527039020873],
              [-78.73955408805192, -3.8076972351977636],
              [-78.7395568020864, -3.807783531694647],
              [-78.74052593100046, -3.8077373317613525],
              [-78.74103979899698, -3.8077050773778254]
            ]
          ]
        ]
      }
    },
    {
      "type": "Feature",
      "properties": {
        "code": "055",
        "areaM2": 2.56,
        "side": "left",
        "sideSource": "declared",
        "surveyState": "COMPLETO",
        "affectedFlag": "SI",
        "landUse": "VACÍO"
      },
      "geometry": {
        "type": "MultiPolygon",
        "coordinates": [
          [
            [
              [-78.74038250517685, -3.8068184377857937],
              [-78.74094963631786, -3.8068199300167307],
              [-78.7409472229116, -3.8067880761095894],
              [-78.74094676528598, -3.806782036254329],
              [-78.74094572125536, -3.806768263936264],
              [-78.74092345148567, -3.8064743752454544],
              [-78.74090390016465, -3.8064739956641915],
              [-78.74080278513216, -3.8064720283486895],
              [-78.7404705524687, -3.806461689479388],
              [-78.7399503564356, -3.8064455015020515],
              [-78.73994317722278, -3.806445278306443],
              [-78.7394872883257, -3.806431091683848],
              [-78.73942862001986, -3.8064292657740455],
              [-78.7394288310658, -3.806445303090591],
              [-78.73942890190112, -3.8064557515793953],
              [-78.73943058908495, -3.806704883576793],
              [-78.73943063008277, -3.8067109006340294],
              [-78.73943134148205, -3.8068159342509587],
              [-78.73949958237037, -3.806816113901209],
              [-78.74014499205167, -3.8068178127319228],
              [-78.74038250517685, -3.8068184377857937]
            ]
          ],
          [
            [
              [-78.74104363276479, -3.806770133333104],
              [-78.74104695206321, -3.806813861723006],
              [-78.7410506730639, -3.8068136292427455],
              [-78.74105599623617, -3.806813297018522],
              [-78.74107919802748, -3.80681185020095],
              [-78.7412298328084, -3.8068024571568952],
              [-78.74160500391216, -3.8068215481815915],
              [-78.74202290723147, -3.8068428134245913],
              [-78.74305799253874, -3.8067242841798956],
              [-78.74291730676578, -3.8058867799065235],
              [-78.74147082998482, -3.8061138691697174],
              [-78.74099650380884, -3.8061492721272425],
              [-78.74100616670472, -3.806274877994264],
              [-78.74104363276479, -3.806770133333104]
            ]
          ]
        ]
      }
    },
    {
      "type": "Feature",
      "properties": {
        "code": "057",
        "areaM2": 11298.16,
        "side": "right",
        "sideSource": "declared",
        "surveyState": "COMPLETO",
        "affectedFlag": "NO",
        "landUse": "VACÍO"
      },
      "geometry": {
        "type": "MultiPolygon",
        "coordinates": [
          [
            [
              [-78.73942862001986, -3.8064292657740455],
              [-78.7394872883257, -3.806431091683848],
              [-78.73994317722278, -3.806445278306443],
              [-78.7399503564356, -3.8064455015020515],
              [-78.7404705524687, -3.806461689479388],
              [-78.74080278513216, -3.8064720283486895],
              [-78.74090390016465, -3.8064739956641915],
              [-78.74092345148567, -3.8064743752454544],
              [-78.74087295185285, -3.805841909748626],
              [-78.7404126935897, -3.8058332917283413],
              [-78.73963991250656, -3.805816262972408],
              [-78.73947205479176, -3.8058125641333143],
              [-78.73943664026282, -3.805811783893886],
              [-78.73942656592064, -3.805811562117253],
              [-78.73942439897094, -3.805811513926489],
              [-78.73942862001986, -3.8064292657740455]
            ]
          ]
        ]
      }
    },
    {
      "type": "Feature",
      "properties": {
        "code": "059",
        "areaM2": 0.93,
        "side": "left",
        "sideSource": "declared",
        "surveyState": "COMPLETO",
        "affectedFlag": "SI",
        "landUse": "INFRAESTRUCTURA"
      },
      "geometry": {
        "type": "MultiPolygon",
        "coordinates": [
          [
            [
              [-78.7394288031671, -3.80545688438539],
              [-78.73942656592064, -3.805811562117253],
              [-78.73943664026282, -3.805811783893886],
              [-78.73947205479176, -3.8058125641333143],
              [-78.73963991250656, -3.805816262972408],
              [-78.7404126935897, -3.8058332917283413],
              [-78.74087295185285, -3.805841909748626],
              [-78.74083768924173, -3.805471084505279],
              [-78.74083283070324, -3.8054720109722613],
              [-78.74077874102903, -3.8054741033732102],
              [-78.74034300520228, -3.805473609898326],
              [-78.74013442019256, -3.805473061160103],
              [-78.7400987135414, -3.8054693801900137],
              [-78.74006588202089, -3.8054585300127415],
              [-78.74002735547603, -3.805440490793074],
              [-78.74000022923519, -3.805433243557889],
              [-78.7398959358225, -3.80543194674229],
              [-78.7394288031671, -3.80545688438539]
            ]
          ],
          [
            [
              [-78.7410425424484, -3.8060288172573022],
              [-78.74112111830043, -3.806029023924716],
              [-78.74139211242912, -3.805995721292665],
              [-78.74137601278011, -3.8058070144327405],
              [-78.74137463213931, -3.805790830285069],
              [-78.74136989638374, -3.8057353200775585],
              [-78.74134826976415, -3.8054818287098904],
              [-78.74134772453276, -3.805478322507015],
              [-78.74134785759463, -3.805476991279646],
              [-78.74134573989252, -3.805452173897941],
              [-78.74134378900489, -3.805429304149351],
              [-78.74133599999945, -3.805430319641068],
              [-78.74094811304968, -3.8054558579361286],
              [-78.7409394918791, -3.805456763660504],
              [-78.74097880096446, -3.8058181700510287],
              [-78.74099271971295, -3.8059593230772006],
              [-78.74100688161407, -3.806007196752694],
              [-78.7410425424484, -3.8060288172573022]
            ]
          ]
        ]
      }
    },
    {
      "type": "Feature",
      "properties": {
        "code": "061",
        "areaM2": 12465.48,
        "side": "right",
        "sideSource": "declared",
        "surveyState": "INCOMPLETO",
        "affectedFlag": "NO",
        "landUse": "INFRAESTRUCTURA"
      },
      "geometry": {
        "type": "MultiPolygon",
        "coordinates": [
          [
            [
              [-78.74131401119728, -3.8050802685438243],
              [-78.74112466446138, -3.8051383808670534],
              [-78.74093193454998, -3.8051151043680527],
              [-78.7409391002634, -3.8052161531054405],
              [-78.74094811304968, -3.8054558579361286],
              [-78.74133599999945, -3.805430319641068],
              [-78.74131401119728, -3.8050802685438243]
            ]
          ],
          [
            [
              [-78.73910132788603, -3.8048412081073297],
              [-78.73910876344777, -3.8054287054626337],
              [-78.73995273599219, -3.805383651412142],
              [-78.7400845524799, -3.805410849407539],
              [-78.74038248358686, -3.8054244607929544],
              [-78.74067514167426, -3.8054198862126647],
              [-78.74083752448132, -3.805413452922196],
              [-78.74084568038064, -3.8054073670181077],
              [-78.74085022212692, -3.8053964316478863],
              [-78.7408274543933, -3.805083585013919],
              [-78.74038335507746, -3.80496519760016],
              [-78.7396097906064, -3.8047905685009624],
              [-78.73910132788603, -3.8048412081073297]
            ]
          ]
        ]
      }
    },
    {
      "type": "Feature",
      "properties": {
        "code": "062",
        "areaM2": 7.81,
        "side": "right",
        "sideSource": "declared",
        "surveyState": "INCOMPLETO",
        "affectedFlag": "SI",
        "landUse": "VACÍO"
      },
      "geometry": {
        "type": "MultiPolygon",
        "coordinates": [
          [
            [
              [-78.7408537833789, -3.804379081971494],
              [-78.74091524843836, -3.804939406243694],
              [-78.74093193454998, -3.8051151043680527],
              [-78.74112466446138, -3.8051383808670534],
              [-78.74131401119728, -3.8050802685438243],
              [-78.74216241821941, -3.804927564763947],
              [-78.74213763824162, -3.804931319901948],
              [-78.74194987801161, -3.804635342695055],
              [-78.74193296991194, -3.804608687492574],
              [-78.74190714483093, -3.804567978924429],
              [-78.74176211877666, -3.8043393646202417],
              [-78.74160347793347, -3.80419245334471],
              [-78.7415400402723, -3.804100337252982],
              [-78.74136688277642, -3.8040493445621713],
              [-78.74081826412782, -3.80397884206585],
              [-78.7408537833789, -3.804379081971494]
            ]
          ],
          [
            [
              [-78.73788322871737, -3.8045866007963327],
              [-78.73873797708426, -3.804857395955756],
              [-78.73910132788603, -3.8048412081073297],
              [-78.7396097906064, -3.8047905685009624],
              [-78.74038335507746, -3.80496519760016],
              [-78.7408274543933, -3.805083585013919],
              [-78.74077557744188, -3.804364765062806],
              [-78.74073392321347, -3.803966970609674],
              [-78.73988853532745, -3.8038593622969183],
              [-78.73936325726535, -3.8037444477655606],
              [-78.7363321956733, -3.8030813423754823],
              [-78.73611331493971, -3.803033457547546],
              [-78.7355906497283, -3.803906700287706],
              [-78.73717352645517, -3.804299584465636],
              [-78.73788322871737, -3.8045866007963327]
            ]
          ]
        ]
      }
    },
    {
      "type": "Feature",
      "properties": {
        "code": "064",
        "areaM2": 7719.26,
        "side": "left",
        "sideSource": "declared",
        "surveyState": "COMPLETO",
        "affectedFlag": "NO",
        "landUse": "INFRAESTRUCTURA"
      },
      "geometry": {
        "type": "MultiPolygon",
        "coordinates": [
          [
            [
              [-78.74081826412782, -3.80397884206585],
              [-78.74136688277642, -3.8040493445621713],
              [-78.7415400402723, -3.804100337252982],
              [-78.74241982799762, -3.804359425898346],
              [-78.74209119197045, -3.803810321965058],
              [-78.74206051214514, -3.8037590601262807],
              [-78.7407828973867, -3.8035607957874427],
              [-78.74081826412782, -3.80397884206585]
            ]
          ]
        ]
      }
    },
    {
      "type": "Feature",
      "properties": {
        "code": "065",
        "areaM2": 0.6,
        "side": "left",
        "sideSource": "declared",
        "surveyState": "INCOMPLETO",
        "affectedFlag": "SI",
        "landUse": "INFRAESTRUCTURA"
      },
      "geometry": {
        "type": "MultiPolygon",
        "coordinates": [
          [
            [
              [-78.74206051214514, -3.8037590601262807],
              [-78.74182866757825, -3.8033716813835055],
              [-78.74100592096009, -3.8031453225416745],
              [-78.74074551361919, -3.8030730294440565],
              [-78.7407344620767, -3.8030699982450846],
              [-78.74074963691166, -3.8032503470063026],
              [-78.74075834379396, -3.8033408908985145],
              [-78.74077150508573, -3.803455047863366],
              [-78.7407828973867, -3.8035607957874427],
              [-78.74206051214514, -3.8037590601262807]
            ]
          ]
        ]
      }
    },
    {
      "type": "Feature",
      "properties": {
        "code": "066",
        "areaM2": 147084.37,
        "side": "right",
        "sideSource": "declared",
        "surveyState": "INCOMPLETO",
        "affectedFlag": "NO",
        "landUse": "VACÍO"
      },
      "geometry": {
        "type": "MultiPolygon",
        "coordinates": [
          [
            [
              [-78.7290359614554, -3.801281553981198],
              [-78.72845290900736, -3.801996643026526],
              [-78.72982700570701, -3.8017646935855325],
              [-78.7301907218993, -3.801817714230068],
              [-78.73194065844193, -3.8020728063330576],
              [-78.73424715473712, -3.802289084534367],
              [-78.73576819963478, -3.80289579881748],
              [-78.73611331493971, -3.803033457547546],
              [-78.7363321956733, -3.8030813423754823],
              [-78.73936325726535, -3.8037444477655606],
              [-78.73988853532745, -3.8038593622969183],
              [-78.74073392321347, -3.803966970609674],
              [-78.74066699205697, -3.8032507227757257],
              [-78.7406499593351, -3.8030473888199485],
              [-78.74035155494805, -3.8029652896246597],
              [-78.74030114911818, -3.802951420992069],
              [-78.74008888529669, -3.802893021180403],
              [-78.73976288788225, -3.8028033308207925],
              [-78.73732765448474, -3.802554099350304],
              [-78.73715938576338, -3.8024695774576136],
              [-78.73712674349625, -3.8024531808881314],
              [-78.73666840198938, -3.802222954549859],
              [-78.73658724262683, -3.8021821880177984],
              [-78.7356382271802, -3.8017008979407776],
              [-78.73515334240919, -3.801478504011457],
              [-78.73370817163153, -3.801058917298608],
              [-78.73176886597757, -3.800950377765353],
              [-78.73009289499244, -3.8008118805796274],
              [-78.72930442752843, -3.8009522912208107],
              [-78.7290359614554, -3.801281553981198]
            ]
          ]
        ]
      }
    },
    {
      "type": "Feature",
      "properties": {
        "code": "067",
        "areaM2": 33484.43,
        "side": "right",
        "sideSource": "declared",
        "surveyState": "COMPLETO",
        "affectedFlag": "NO",
        "landUse": "VACÍO"
      },
      "geometry": {
        "type": "MultiPolygon",
        "coordinates": [
          [
            [
              [-78.74206051214514, -3.8037590601262807],
              [-78.74209119197045, -3.803810321965058],
              [-78.74285378374593, -3.803732152159837],
              [-78.7427991664893, -3.8034373609983345],
              [-78.74275854015994, -3.8030366254150234],
              [-78.74272919333262, -3.8027885257874905],
              [-78.74263611597115, -3.802772747180873],
              [-78.7407042977099, -3.802669929757437],
              [-78.74074248536884, -3.8030374205635114],
              [-78.74074551361919, -3.8030730294440565],
              [-78.74100592096009, -3.8031453225416745],
              [-78.74182866757825, -3.8033716813835055],
              [-78.74206051214514, -3.8037590601262807]
            ]
          ],
          [
            [
              [-78.74035155494805, -3.8029652896246597],
              [-78.7406499593351, -3.8030473888199485],
              [-78.74063070941274, -3.8028353083644957],
              [-78.74061513805361, -3.8026606907745295],
              [-78.74055955723733, -3.802652119501819],
              [-78.7405119287476, -3.802644775050919],
              [-78.74029985088534, -3.8026120708106643],
              [-78.74026935588527, -3.80260736854941],
              [-78.73774470179826, -3.8022180429756256],
              [-78.73719762304583, -3.8021996127563895],
              [-78.73668815612302, -3.802182450076498],
              [-78.73658724262683, -3.8021821880177984],
              [-78.73666840198938, -3.802222954549859],
              [-78.73712674349625, -3.8024531808881314],
              [-78.73715938576338, -3.8024695774576136],
              [-78.73732765448474, -3.802554099350304],
              [-78.73976288788225, -3.8028033308207925],
              [-78.74008888529669, -3.802893021180403],
              [-78.74030114911818, -3.802951420992069],
              [-78.74035155494805, -3.8029652896246597]
            ]
          ]
        ]
      }
    },
    {
      "type": "Feature",
      "properties": {
        "code": "070",
        "areaM2": 7.41,
        "side": "right",
        "sideSource": "declared",
        "surveyState": "COMPLETO",
        "affectedFlag": "SI",
        "landUse": "VACÍO"
      },
      "geometry": {
        "type": "MultiPolygon",
        "coordinates": [
          [
            [
              [-78.7407042977099, -3.802669929757437],
              [-78.74263611597115, -3.802772747180873],
              [-78.74261916867181, -3.802316794786589],
              [-78.74256414301205, -3.802310311513617],
              [-78.74219500332937, -3.802287013549282],
              [-78.74174926844034, -3.8022588812906344],
              [-78.74091296934135, -3.802206098635688],
              [-78.74067049822887, -3.8021907951239404],
              [-78.74065556353148, -3.8021901447783355],
              [-78.7407042977099, -3.802669929757437]
            ]
          ],
          [
            [
              [-78.7285754104229, -3.8006796477876463],
              [-78.72851504006243, -3.8010928648865248],
              [-78.72930442752843, -3.8009522912208107],
              [-78.73009289499244, -3.8008118805796274],
              [-78.73176886597757, -3.800950377765353],
              [-78.73370817163153, -3.801058917298608],
              [-78.73515334240919, -3.801478504011457],
              [-78.7356382271802, -3.8017008979407776],
              [-78.73658724262683, -3.8021821880177984],
              [-78.73668815612302, -3.802182450076498],
              [-78.73719762304583, -3.8021996127563895],
              [-78.73774470179826, -3.8022180429756256],
              [-78.74026935588527, -3.80260736854941],
              [-78.74029985088534, -3.8026120708106643],
              [-78.7405119287476, -3.802644775050919],
              [-78.74055955723733, -3.802652119501819],
              [-78.74061513805361, -3.8026606907745295],
              [-78.74061085841021, -3.8026007314566717],
              [-78.74057386201639, -3.8021808115181486],
              [-78.74043955980711, -3.80215896710032],
              [-78.74034331546427, -3.802143312872528],
              [-78.73774599835407, -3.8017208530892304],
              [-78.73659223474807, -3.8017195884756694],
              [-78.73571815275625, -3.801327115623256],
              [-78.73523680111404, -3.801110983123923],
              [-78.7338255243331, -3.8007303024288923],
              [-78.73202452010115, -3.8007012395816755],
              [-78.73024822669431, -3.8002620965555227],
              [-78.7285754104229, -3.8006796477876463]
            ]
          ]
        ]
      }
    },
    {
      "type": "Feature",
      "properties": {
        "code": "071",
        "areaM2": 6.8,
        "side": "right",
        "sideSource": "declared",
        "surveyState": "INCOMPLETO",
        "affectedFlag": "SI",
        "landUse": "INFRAESTRUCTURA"
      },
      "geometry": {
        "type": "MultiPolygon",
        "coordinates": [
          [
            [
              [-78.74055418018575, -3.8009194954670553],
              [-78.74057139773699, -3.801256881592089],
              [-78.74058788976443, -3.8012559793513025],
              [-78.74089742949599, -3.80126866017701],
              [-78.74140784720962, -3.8013036781959015],
              [-78.74237972890049, -3.8014470603319395],
              [-78.74257143669195, -3.801454830822748],
              [-78.74250808003984, -3.8009192126677105],
              [-78.74246697107861, -3.800703841050185],
              [-78.7424197612422, -3.800545259302771],
              [-78.74241294141214, -3.8005006511545236],
              [-78.74178695867501, -3.8004129289709874],
              [-78.74130921027486, -3.8003470970829443],
              [-78.7408392260783, -3.8002863874829274],
              [-78.74058411076894, -3.800258495545157],
              [-78.74056798799842, -3.80025998907237],
              [-78.74055427663798, -3.8002651076039102],
              [-78.74054692400395, -3.800304207535162],
              [-78.7405469347097, -3.8004100204481284],
              [-78.74054376012943, -3.800714728915963],
              [-78.74055418018575, -3.8009194954670553]
            ]
          ],
          [
            [
              [-78.73591487660055, -3.800407109382183],
              [-78.74049174986179, -3.801217873988331],
              [-78.74047246038023, -3.8009500652226724],
              [-78.74046919101573, -3.80086222862637],
              [-78.74046610925572, -3.800674688806186],
              [-78.74046894384873, -3.8005005725015644],
              [-78.74046477325314, -3.8002818683972976],
              [-78.74046607812535, -3.8002455902050967],
              [-78.74046311185695, -3.8002452660166375],
              [-78.74033024788649, -3.8002307397179242],
              [-78.74030050873556, -3.8002274885880825],
              [-78.74026582580726, -3.8002236965395992],
              [-78.73978173411332, -3.8001707697916167],
              [-78.73690287722074, -3.7998560155018333],
              [-78.73605259428729, -3.7997630495333703],
              [-78.73603198171111, -3.799859449772893],
              [-78.73591487660055, -3.800407109382183]
            ]
          ]
        ]
      }
    },
    {
      "type": "Feature",
      "properties": {
        "code": "071A",
        "areaM2": 4.09,
        "side": "right",
        "sideSource": "declared",
        "surveyState": "COMPLETO",
        "affectedFlag": "SI",
        "landUse": "INFRAESTRUCTURA"
      },
      "geometry": {
        "type": "MultiPolygon",
        "coordinates": [
          [
            [
              [-78.74261916867181, -3.802316794786589],
              [-78.74267416104843, -3.8023232734491774],
              [-78.74261914804572, -3.8018581866192034],
              [-78.74061509417555, -3.8017401426876507],
              [-78.74065556353148, -3.8021901447783355],
              [-78.74067049822887, -3.8021907951239404],
              [-78.74091296934135, -3.802206098635688],
              [-78.74174926844034, -3.8022588812906344],
              [-78.74219500332937, -3.802287013549282],
              [-78.74256414301205, -3.802310311513617],
              [-78.74261916867181, -3.802316794786589]
            ]
          ],
          [
            [
              [-78.73571815275625, -3.801327115623256],
              [-78.73659223474807, -3.8017195884756694],
              [-78.73774599835407, -3.8017208530892304],
              [-78.74034331546427, -3.802143312872528],
              [-78.74043955980711, -3.80215896710032],
              [-78.74057386201639, -3.8021808115181486],
              [-78.74056150697446, -3.8020397223242863],
              [-78.74053154117192, -3.801731287314036],
              [-78.73580823555578, -3.800905832899627],
              [-78.73571815275625, -3.801327115623256]
            ]
          ]
        ]
      }
    },
    {
      "type": "Feature",
      "properties": {
        "code": "072",
        "areaM2": 4.04,
        "side": "right",
        "sideSource": "declared",
        "surveyState": "COMPLETO",
        "affectedFlag": "SI",
        "landUse": "INFRAESTRUCTURA"
      },
      "geometry": {
        "type": "MultiPolygon",
        "coordinates": [
          [
            [
              [-78.74061509417555, -3.8017401426876507],
              [-78.74261914804572, -3.8018581866192034],
              [-78.74257143669195, -3.801454830822748],
              [-78.74237972890049, -3.8014470603319395],
              [-78.74140784720962, -3.8013036781959015],
              [-78.74089742949599, -3.80126866017701],
              [-78.74058788976443, -3.8012559793513025],
              [-78.74057139773699, -3.801256881592089],
              [-78.74061509417555, -3.8017401426876507]
            ]
          ],
          [
            [
              [-78.73580823555578, -3.800905832899627],
              [-78.74053154117192, -3.801731287314036],
              [-78.74049775763436, -3.8013040228011765],
              [-78.74049174986179, -3.801217873988331],
              [-78.73591487660055, -3.800407109382183],
              [-78.73580823555578, -3.800905832899627]
            ]
          ]
        ]
      }
    },
    {
      "type": "Feature",
      "properties": {
        "code": "073",
        "areaM2": 22.88,
        "side": "right",
        "sideSource": "declared",
        "surveyState": "COMPLETO",
        "affectedFlag": "SI",
        "landUse": "INFRAESTRUCTURA"
      },
      "geometry": {
        "type": "MultiPolygon",
        "coordinates": [
          [
            [
              [-78.73008529608147, -3.796804420283485],
              [-78.72966592150316, -3.797804058736851],
              [-78.73017245918233, -3.7979108308058525],
              [-78.73063474474336, -3.7980082752795834],
              [-78.7310074441812, -3.7984007389172434],
              [-78.7319144272624, -3.798591919708105],
              [-78.7345572133117, -3.7993079687275997],
              [-78.73555838174427, -3.7996129281816047],
              [-78.73605259428729, -3.7997630495333703],
              [-78.73690287722074, -3.7998560155018333],
              [-78.73978173411332, -3.8001707697916167],
              [-78.74026582580726, -3.8002236965395992],
              [-78.74030050873556, -3.8002274885880825],
              [-78.74033024788649, -3.8002307397179242],
              [-78.74046311185695, -3.8002452660166375],
              [-78.74046607812535, -3.8002455902050967],
              [-78.74046622352753, -3.8002370976053568],
              [-78.7404849537723, -3.799825477197755],
              [-78.74050809263596, -3.7992309722786293],
              [-78.74050992648388, -3.798998349839155],
              [-78.74051221062724, -3.798900453764959],
              [-78.74012766284244, -3.7988565568206756],
              [-78.7401090207963, -3.798854389812957],
              [-78.7397200551685, -3.7988091784592806],
              [-78.73973197797946, -3.7984878669616093],
              [-78.73973849060347, -3.7983123311888547],
              [-78.73907803700976, -3.7982355625281907],
              [-78.73836597981311, -3.798152795456614],
              [-78.73668063342475, -3.7978129539644514],
              [-78.73663256508675, -3.7978032615682102],
              [-78.7360978968707, -3.7976954480014986],
              [-78.7321720135758, -3.7969037993122403],
              [-78.73091625476887, -3.7970063731071035],
              [-78.73008529608147, -3.796804420283485]
            ]
          ]
        ]
      }
    },
    {
      "type": "Feature",
      "properties": {
        "code": "074",
        "areaM2": 5002.25,
        "side": "left",
        "sideSource": "declared",
        "surveyState": "COMPLETO",
        "affectedFlag": "NO",
        "landUse": "VACÍO"
      },
      "geometry": {
        "type": "MultiPolygon",
        "coordinates": [
          [
            [
              [-78.74077702141577, -3.7997911631626433],
              [-78.74058239090338, -3.7997627711475963],
              [-78.74056832026957, -3.7997607083510676],
              [-78.74055433096265, -3.8002131283451233],
              [-78.74056852459219, -3.8002149618559264],
              [-78.74147638650972, -3.800332235133475],
              [-78.74147154998302, -3.8000719112348462],
              [-78.74146868140184, -3.799917493143246],
              [-78.74146820775786, -3.7998920048009914],
              [-78.74077702141577, -3.7997911631626433]
            ]
          ]
        ]
      }
    },
    {
      "type": "Feature",
      "properties": {
        "code": "075",
        "areaM2": 5040.44,
        "side": "left",
        "sideSource": "declared",
        "surveyState": "COMPLETO",
        "affectedFlag": "NO",
        "landUse": "VACÍO"
      },
      "geometry": {
        "type": "MultiPolygon",
        "coordinates": [
          [
            [
              [-78.74056832026957, -3.7997607083510676],
              [-78.74058239090338, -3.7997627711475963],
              [-78.74077702141577, -3.7997911631626433],
              [-78.74146820775786, -3.7998920048009914],
              [-78.74146868140184, -3.799917493143246],
              [-78.74172963970356, -3.799927218157155],
              [-78.74176638216937, -3.799752352704923],
              [-78.74177064431521, -3.799721560421922],
              [-78.74159912930625, -3.7996240984591],
              [-78.74143497339873, -3.799586737701894],
              [-78.74114092629529, -3.7994801229201465],
              [-78.7409721176852, -3.799428619620702],
              [-78.74076043151521, -3.799376018357053],
              [-78.74059887518897, -3.7993478488502626],
              [-78.7405938822787, -3.799401109655121],
              [-78.74056832026957, -3.7997607083510676]
            ]
          ]
        ]
      }
    },
    {
      "type": "Feature",
      "properties": {
        "code": "076",
        "areaM2": 9860.42,
        "side": "left",
        "sideSource": "declared",
        "surveyState": "COMPLETO",
        "affectedFlag": "NO",
        "landUse": "VACÍO"
      },
      "geometry": {
        "type": "MultiPolygon",
        "coordinates": [
          [
            [
              [-78.74081518105689, -3.7984374808375128],
              [-78.74066914806806, -3.7984321001955808],
              [-78.74064228651517, -3.79843317773904],
              [-78.74063194648531, -3.798453815795549],
              [-78.7406289293704, -3.7985152294521867],
              [-78.74061081696145, -3.7991070112662593],
              [-78.74060337381644, -3.7993320137259294],
              [-78.74147867690301, -3.7994222557131696],
              [-78.74151383828998, -3.798601085568108],
              [-78.74151733544042, -3.7985190956017982],
              [-78.74111197842277, -3.798471978782364],
              [-78.74081518105689, -3.7984374808375128]
            ]
          ]
        ]
      }
    },
    {
      "type": "Feature",
      "properties": {
        "code": "077",
        "areaM2": 4827.79,
        "side": "right",
        "sideSource": "declared",
        "surveyState": "COMPLETO",
        "affectedFlag": "NO",
        "landUse": "VACÍO"
      },
      "geometry": {
        "type": "MultiPolygon",
        "coordinates": [
          [
            [
              [-78.74028556023295, -3.7983759198402085],
              [-78.740214819268, -3.7983676976174214],
              [-78.73973849060347, -3.7983123311888547],
              [-78.73973197797946, -3.7984878669616093],
              [-78.7397200551685, -3.7988091784592806],
              [-78.7401090207963, -3.798854389812957],
              [-78.74012766284244, -3.7988565568206756],
              [-78.74051221062724, -3.798900453764959],
              [-78.74052117275004, -3.798403306523351],
              [-78.74028556023295, -3.7983759198402085]
            ]
          ]
        ]
      }
    },
    {
      "type": "Feature",
      "properties": {
        "code": "078",
        "areaM2": 9948.67,
        "side": "right",
        "sideSource": "declared",
        "surveyState": "COMPLETO",
        "affectedFlag": "NO",
        "landUse": "VACÍO"
      },
      "geometry": {
        "type": "MultiPolygon",
        "coordinates": [
          [
            [
              [-78.73907803700976, -3.7982355625281907],
              [-78.73973849060347, -3.7983123311888547],
              [-78.740214819268, -3.7983676976174214],
              [-78.74028556023295, -3.7983759198402085],
              [-78.74052117275004, -3.798403306523351],
              [-78.74055334931342, -3.7977931446703086],
              [-78.73968521488116, -3.7977245974497365],
              [-78.73924228262776, -3.797689623168604],
              [-78.73907803700976, -3.7982355625281907]
            ]
          ]
        ]
      }
    },
    {
      "type": "Feature",
      "properties": {
        "code": "079",
        "areaM2": 1062.36,
        "side": "left",
        "sideSource": "declared",
        "surveyState": "COMPLETO",
        "affectedFlag": "NO",
        "landUse": "INFRAESTRUCTURA"
      },
      "geometry": {
        "type": "MultiPolygon",
        "coordinates": [
          [
            [
              [-78.74063510548233, -3.798215084936225],
              [-78.74094865303928, -3.7982452018324624],
              [-78.74095847806963, -3.7979741852411646],
              [-78.74065867199775, -3.7979266963498923],
              [-78.74063510548233, -3.798215084936225]
            ]
          ]
        ]
      }
    },
    {
      "type": "Feature",
      "properties": {
        "code": "080A",
        "areaM2": 719.55,
        "side": "left",
        "sideSource": "declared",
        "surveyState": "INCOMPLETO",
        "affectedFlag": "NO",
        "landUse": "INFRAESTRUCTURA"
      },
      "geometry": {
        "type": "MultiPolygon",
        "coordinates": [
          [
            [
              [-78.74097245862454, -3.797736169758398],
              [-78.74098947760336, -3.7975423384227023],
              [-78.74067287862292, -3.797511858414259],
              [-78.74066672734338, -3.797691475871181],
              [-78.74097245862454, -3.797736169758398]
            ]
          ]
        ]
      }
    },
    {
      "type": "Feature",
      "properties": {
        "code": "080B",
        "areaM2": 886.85,
        "side": "left",
        "sideSource": "declared",
        "surveyState": "COMPLETO",
        "affectedFlag": "NO",
        "landUse": "INFRAESTRUCTURA"
      },
      "geometry": {
        "type": "MultiPolygon",
        "coordinates": [
          [
            [
              [-78.74065867199775, -3.7979266963498923],
              [-78.74095847806963, -3.7979741852411646],
              [-78.74097245862454, -3.797736169758398],
              [-78.74066672734338, -3.797691475871181],
              [-78.74065867199775, -3.7979266963498923]
            ]
          ]
        ]
      }
    },
    {
      "type": "Feature",
      "properties": {
        "code": "080C",
        "areaM2": 2839.3,
        "side": "left",
        "sideSource": "declared",
        "surveyState": "COMPLETO",
        "affectedFlag": "NO",
        "landUse": "INFRAESTRUCTURA"
      },
      "geometry": {
        "type": "MultiPolygon",
        "coordinates": [
          [
            [
              [-78.74184239441269, -3.7983388414080426],
              [-78.74094865303928, -3.7982452018324624],
              [-78.74063510548233, -3.798215084936225],
              [-78.74062912491458, -3.798404455071545],
              [-78.74106754376369, -3.798442936272845],
              [-78.74183694517666, -3.7985392372652953],
              [-78.74184239441269, -3.7983388414080426]
            ]
          ]
        ]
      }
    },
    {
      "type": "Feature",
      "properties": {
        "code": "082",
        "areaM2": 0.98,
        "side": "left",
        "sideSource": "declared",
        "surveyState": "COMPLETO",
        "affectedFlag": "SI",
        "landUse": "INFRAESTRUCTURA"
      },
      "geometry": {
        "type": "MultiPolygon",
        "coordinates": [
          [
            [
              [-78.74070610446083, -3.796955500164835],
              [-78.74067463014302, -3.797484783095746],
              [-78.7414106584737, -3.7975556421278314],
              [-78.74139994430837, -3.797009312867548],
              [-78.74139581563678, -3.7967987735722293],
              [-78.74215256677252, -3.7968775968458566],
              [-78.74220500006264, -3.7967151850819287],
              [-78.74072430230018, -3.7965357034390257],
              [-78.74070924187191, -3.7968374238339373],
              [-78.74070610446083, -3.796955500164835]
            ]
          ]
        ]
      }
    },
    {
      "type": "Feature",
      "properties": {
        "code": "083",
        "areaM2": 11422.41,
        "side": "right",
        "sideSource": "declared",
        "surveyState": "INCOMPLETO",
        "affectedFlag": "NO",
        "landUse": "INFRAESTRUCTURA"
      },
      "geometry": {
        "type": "MultiPolygon",
        "coordinates": [
          [
            [
              [-78.73968521488116, -3.7977245974497365],
              [-78.74055334931342, -3.7977931446703086],
              [-78.74063917397339, -3.796670794656525],
              [-78.74064341575966, -3.796610442779123],
              [-78.7399912160078, -3.796532719086139],
              [-78.73998960009433, -3.796558865447139],
              [-78.73997166715279, -3.796849037808392],
              [-78.73996581696315, -3.7969436936325653],
              [-78.73974108911351, -3.7971759179106024],
              [-78.73971439661634, -3.797273555489548],
              [-78.73968521488116, -3.7977245974497365]
            ]
          ]
        ]
      }
    },
    {
      "type": "Feature",
      "properties": {
        "code": "084",
        "areaM2": 0.42,
        "side": "right",
        "sideSource": "declared",
        "surveyState": "COMPLETO",
        "affectedFlag": "SI",
        "landUse": "INFRAESTRUCTURA"
      },
      "geometry": {
        "type": "MultiPolygon",
        "coordinates": [
          [
            [
              [-78.74064341575966, -3.796610442779123],
              [-78.740647816015, -3.7966106152364447],
              [-78.7406512935742, -3.7964742014661255],
              [-78.74065291161357, -3.7964382323451424],
              [-78.74065878733133, -3.7961682983516023],
              [-78.74047342484835, -3.7961521349744163],
              [-78.74033454741895, -3.7961430506538205],
              [-78.74032974874602, -3.796142781327903],
              [-78.74017928024607, -3.7961343418462334],
              [-78.74014949191488, -3.796131021058709],
              [-78.74014647349489, -3.7961306849888605],
              [-78.7399707997283, -3.7961111018378526],
              [-78.73985578674441, -3.7960982815192934],
              [-78.73985534971149, -3.7961130280524817],
              [-78.73985346815776, -3.7961765997722363],
              [-78.73984993880347, -3.7962958718864126],
              [-78.73984266379986, -3.7964179473818556],
              [-78.739846314788, -3.796418317657395],
              [-78.7398289812714, -3.796518556199459],
              [-78.73990074109525, -3.7965228613393602],
              [-78.7399912160078, -3.796532719086139],
              [-78.74064341575966, -3.796610442779123]
            ]
          ]
        ]
      }
    },
    {
      "type": "Feature",
      "properties": {
        "code": "085",
        "areaM2": 0.69,
        "side": "left",
        "sideSource": "declared",
        "surveyState": "COMPLETO",
        "affectedFlag": "SI",
        "landUse": "INFRAESTRUCTURA"
      },
      "geometry": {
        "type": "MultiPolygon",
        "coordinates": [
          [
            [
              [-78.74177830722992, -3.7958418237135394],
              [-78.74172341667352, -3.795846193393207],
              [-78.74079555397495, -3.7959200590972073],
              [-78.74074314148906, -3.7959242318119797],
              [-78.74073625101681, -3.7959247859595133],
              [-78.74072387346453, -3.7964908951571674],
              [-78.74124398140235, -3.796545049183199],
              [-78.74127015190192, -3.796548067559791],
              [-78.7413136050602, -3.7965530802776244],
              [-78.74137089648822, -3.7961866987202497],
              [-78.74137530531972, -3.7961451457207236],
              [-78.74137736570631, -3.7961453283072593],
              [-78.74137783791139, -3.7961423138346486],
              [-78.74149376312052, -3.796155657961315],
              [-78.74190656520827, -3.7962031785943924],
              [-78.74190697588061, -3.7961923290733552],
              [-78.74192067019509, -3.795830490351056],
              [-78.74177830722992, -3.7958418237135394]
            ]
          ]
        ]
      }
    },
    {
      "type": "Feature",
      "properties": {
        "code": "086",
        "areaM2": 0.56,
        "side": "right",
        "sideSource": "declared",
        "surveyState": "COMPLETO",
        "affectedFlag": "SI",
        "landUse": "VACÍO"
      },
      "geometry": {
        "type": "MultiPolygon",
        "coordinates": [
          [
            [
              [-78.74063440803367, -3.795580952038612],
              [-78.74013835661086, -3.795597248463274],
              [-78.74013828461867, -3.7955972473703707],
              [-78.7401380785366, -3.7955972459255864],
              [-78.73988866538491, -3.795582304759337],
              [-78.73974257301464, -3.7960832836803715],
              [-78.73985578674441, -3.7960982815192934],
              [-78.7399707997283, -3.7961111018378526],
              [-78.74014647349489, -3.7961306849888605],
              [-78.74014949191488, -3.796131021058709],
              [-78.74017928024607, -3.7961343418462334],
              [-78.74032974874602, -3.796142781327903],
              [-78.74033454741895, -3.7961430506538205],
              [-78.74047342484835, -3.7961521349744163],
              [-78.74065878733133, -3.7961682983516023],
              [-78.74064549718123, -3.7958121159366396],
              [-78.74063440803367, -3.795580952038612]
            ]
          ]
        ]
      }
    },
    {
      "type": "Feature",
      "properties": {
        "code": "087",
        "areaM2": 0.58,
        "side": "right",
        "sideSource": "declared",
        "surveyState": "COMPLETO",
        "affectedFlag": "SI",
        "landUse": "INFRAESTRUCTURA"
      },
      "geometry": {
        "type": "MultiPolygon",
        "coordinates": [
          [
            [
              [-78.74054872704195, -3.7946420532954392],
              [-78.74045984492841, -3.794643363266785],
              [-78.74024523302215, -3.7946462399789365],
              [-78.74024412695994, -3.794646255157178],
              [-78.7400492072922, -3.7946488679860364],
              [-78.74013835661086, -3.795597248463274],
              [-78.74063440803367, -3.795580952038612],
              [-78.74055549223667, -3.7946491827271656],
              [-78.74055458675952, -3.7946419665144053],
              [-78.74054872704195, -3.7946420532954392]
            ]
          ]
        ]
      }
    },
    {
      "type": "Feature",
      "properties": {
        "code": "088",
        "areaM2": 4813.75,
        "side": "left",
        "sideSource": "declared",
        "surveyState": "COMPLETO",
        "affectedFlag": "NO",
        "landUse": "INFRAESTRUCTURA"
      },
      "geometry": {
        "type": "MultiPolygon",
        "coordinates": [
          [
            [
              [-78.74132301821392, -3.7954858596328886],
              [-78.74132929619373, -3.795350474643951],
              [-78.741336267293, -3.795200130433886],
              [-78.7411990933805, -3.795199056541847],
              [-78.74110147096393, -3.795198291566514],
              [-78.74092098753114, -3.795196878947935],
              [-78.74074035923708, -3.7951954641038212],
              [-78.74069070886793, -3.7951950753224812],
              [-78.74068928519453, -3.7951950643560104],
              [-78.74072182730956, -3.795519623291363],
              [-78.74072843730256, -3.795733209121449],
              [-78.74074228449327, -3.795869297720297],
              [-78.7413074427552, -3.795821778583477],
              [-78.74132301821392, -3.7954858596328886]
            ]
          ]
        ]
      }
    },
    {
      "type": "Feature",
      "properties": {
        "code": "089",
        "areaM2": 5152.26,
        "side": "left",
        "sideSource": "declared",
        "surveyState": "COMPLETO",
        "affectedFlag": "NO",
        "landUse": "INFRAESTRUCTURA"
      },
      "geometry": {
        "type": "MultiPolygon",
        "coordinates": [
          [
            [
              [-78.74139843287419, -3.7952006170850154],
              [-78.74144697213386, -3.794649224445835],
              [-78.74063894376324, -3.79464212991954],
              [-78.74064790810655, -3.7947521979115852],
              [-78.74068255726019, -3.7951230601948094],
              [-78.74068460348445, -3.795144959290372],
              [-78.74068516647264, -3.795150987666919],
              [-78.74068543878418, -3.7951538992282745],
              [-78.74068928519453, -3.7951950643560104],
              [-78.74069070886793, -3.7951950753224812],
              [-78.74074035923708, -3.7951954641038212],
              [-78.74092098753114, -3.795196878947935],
              [-78.74110147096393, -3.795198291566514],
              [-78.7411990933805, -3.795199056541847],
              [-78.741336267293, -3.795200130433886],
              [-78.74139843287419, -3.7952006170850154]
            ]
          ]
        ]
      }
    },
    {
      "type": "Feature",
      "properties": {
        "code": "091",
        "areaM2": 9.25,
        "side": "right",
        "sideSource": "derived_from_geometry",
        "surveyState": "COMPLETO",
        "affectedFlag": "SI",
        "landUse": "INFRAESTRUCTURA"
      },
      "geometry": {
        "type": "MultiPolygon",
        "coordinates": [
          [
            [
              [-78.7414749705278, -3.7946504459226413],
              [-78.74236050895952, -3.7946593944096056],
              [-78.74244864447355, -3.79464898542417],
              [-78.74248840134014, -3.794516860156654],
              [-78.7425193265907, -3.7943447300263875],
              [-78.74254251779723, -3.7942165895160214],
              [-78.74259833560059, -3.7939947752580485],
              [-78.74267877178382, -3.793828516061277],
              [-78.7427350254755, -3.7937514228280116],
              [-78.74269427795163, -3.7937507845295615],
              [-78.74185499623107, -3.7937376307663153],
              [-78.74175931596439, -3.793736185828607],
              [-78.74149800968797, -3.7937322411338563],
              [-78.74141073812456, -3.793730923966034],
              [-78.74114102323722, -3.7937268513559723],
              [-78.74106937690021, -3.7937239551676436],
              [-78.74086972532803, -3.7937158852051267],
              [-78.74065439853993, -3.7937071819817754],
              [-78.74064129863979, -3.7937066531487624],
              [-78.7406138840562, -3.7937055452892396],
              [-78.74057073573873, -3.79370380134537],
              [-78.7406383528612, -3.7946208737628684],
              [-78.74063894376324, -3.79464212991954],
              [-78.74144697213386, -3.794649224445835],
              [-78.7414749705278, -3.7946504459226413]
            ]
          ],
          [
            [
              [-78.73367934782486, -3.79326057359112],
              [-78.73327757660044, -3.7936494110756307],
              [-78.73645630418414, -3.794341932177861],
              [-78.73724348873165, -3.7945134273250396],
              [-78.73912256041223, -3.794587980854536],
              [-78.73982190747573, -3.794649228948933],
              [-78.7400492072922, -3.7946488679860364],
              [-78.74024412695994, -3.794646255157178],
              [-78.74024523302215, -3.7946462399789365],
              [-78.74045984492841, -3.794643363266785],
              [-78.74054872704195, -3.7946420532954392],
              [-78.74055458675952, -3.7946419665144053],
              [-78.7405491625152, -3.7945853137169734],
              [-78.74047821336488, -3.793863743879168],
              [-78.74046701311906, -3.7937015532268035],
              [-78.74029149622352, -3.793698294179991],
              [-78.73939159565681, -3.79368158460307],
              [-78.73752065938511, -3.7935204756502983],
              [-78.7367930055073, -3.7934231678525347],
              [-78.73656445865602, -3.79342063120619],
              [-78.7364311661508, -3.7934191510857183],
              [-78.73548527657826, -3.7934925419166103],
              [-78.7343060814648, -3.7933850914216523],
              [-78.73379165504274, -3.7933233216936584],
              [-78.73367934782486, -3.79326057359112]
            ]
          ]
        ]
      }
    },
    {
      "type": "Feature",
      "properties": {
        "code": "092",
        "areaM2": 4.74,
        "side": "right",
        "sideSource": "declared",
        "surveyState": "COMPLETO",
        "affectedFlag": "SI",
        "landUse": "VACÍO"
      },
      "geometry": {
        "type": "MultiPolygon",
        "coordinates": [
          [
            [
              [-78.7337350439927, -3.7929935498749088],
              [-78.73367934782486, -3.79326057359112],
              [-78.73379165504274, -3.7933233216936584],
              [-78.7343060814648, -3.7933850914216523],
              [-78.73548527657826, -3.7934925419166103],
              [-78.7364311661508, -3.7934191510857183],
              [-78.73656445865602, -3.79342063120619],
              [-78.7367930055073, -3.7934231678525347],
              [-78.73752065938511, -3.7935204756502983],
              [-78.73939159565681, -3.79368158460307],
              [-78.74029149622352, -3.793698294179991],
              [-78.74046701311906, -3.7937015532268035],
              [-78.74044403450446, -3.7934919183369464],
              [-78.74042037693755, -3.7932218273653096],
              [-78.74040191458386, -3.7929368748728014],
              [-78.74039765319642, -3.792817463846092],
              [-78.74036382729616, -3.792816783044685],
              [-78.73996467291506, -3.7928087503708054],
              [-78.73991117357423, -3.7928087510958552],
              [-78.73991098638902, -3.7928087506049724],
              [-78.73922550062505, -3.7928087543352254],
              [-78.73866638035267, -3.7928087564292636],
              [-78.73824943373783, -3.7928038854439974],
              [-78.738042979868, -3.792801473256562],
              [-78.73803701078847, -3.7928014033507678],
              [-78.73758660263016, -3.7929993840782816],
              [-78.7372952515207, -3.7931274500545364],
              [-78.7372009888663, -3.793110157857086],
              [-78.73676909200233, -3.7930309254946444],
              [-78.73629160131391, -3.7929433288379584],
              [-78.73609190575763, -3.7929915499546367],
              [-78.73572822124147, -3.7930793695885825],
              [-78.7355555487686, -3.793121065156132],
              [-78.73487457520598, -3.793018835384433],
              [-78.73425092469274, -3.7930182897552807],
              [-78.7337350439927, -3.7929935498749088]
            ]
          ]
        ]
      }
    },
    {
      "type": "Feature",
      "properties": {
        "code": "093",
        "areaM2": 7258.63,
        "side": "left",
        "sideSource": "declared",
        "surveyState": "COMPLETO",
        "affectedFlag": "NO",
        "landUse": "INFRAESTRUCTURA"
      },
      "geometry": {
        "type": "MultiPolygon",
        "coordinates": [
          [
            [
              [-78.7405324961721, -3.793326826860831],
              [-78.740561202262, -3.793588660487868],
              [-78.74086938519237, -3.793588764349125],
              [-78.74086972532803, -3.7937158852051267],
              [-78.74106937690021, -3.7937239551676436],
              [-78.74114102323722, -3.7937268513559723],
              [-78.74141073812456, -3.793730923966034],
              [-78.74149800968797, -3.7937322411338563],
              [-78.74175931596439, -3.793736185828607],
              [-78.74185499623107, -3.7937376307663153],
              [-78.74192903296516, -3.7937387477746376],
              [-78.74194968476087, -3.793305591533331],
              [-78.74195369745254, -3.7932214314850343],
              [-78.74191884613097, -3.7932240006057696],
              [-78.74175405687504, -3.7932361496122025],
              [-78.74112687275095, -3.7932823883342768],
              [-78.74109366234099, -3.7932848369694274],
              [-78.7410248913403, -3.7932899070646013],
              [-78.74095408339636, -3.7932951273001105],
              [-78.7405324961721, -3.793326826860831]
            ]
          ]
        ]
      }
    },
    {
      "type": "Feature",
      "properties": {
        "code": "093A",
        "areaM2": 451.66,
        "side": "left",
        "sideSource": "declared",
        "surveyState": "COMPLETO",
        "affectedFlag": "NO",
        "landUse": "INFRAESTRUCTURA"
      },
      "geometry": {
        "type": "MultiPolygon",
        "coordinates": [
          [
            [
              [-78.740561202262, -3.793588660487868],
              [-78.74056840865016, -3.7936756956267406],
              [-78.74057073573873, -3.79370380134537],
              [-78.7406138840562, -3.7937055452892396],
              [-78.74064129863979, -3.7937066531487624],
              [-78.74065439853993, -3.7937071819817754],
              [-78.74086972532803, -3.7937158852051267],
              [-78.74086938519237, -3.793588764349125],
              [-78.740561202262, -3.793588660487868]
            ]
          ]
        ]
      }
    },
    {
      "type": "Feature",
      "properties": {
        "code": "094",
        "areaM2": 7717.6,
        "side": "left",
        "sideSource": "declared",
        "surveyState": "COMPLETO",
        "affectedFlag": "NO",
        "landUse": "VACÍO"
      },
      "geometry": {
        "type": "MultiPolygon",
        "coordinates": [
          [
            [
              [-78.74196489803441, -3.7929864793276273],
              [-78.74196701768726, -3.792942002216204],
              [-78.741953793566, -3.7929428706535697],
              [-78.74178961716922, -3.792953652663195],
              [-78.74150455603, -3.7929723748925404],
              [-78.74150266959528, -3.792900368024619],
              [-78.74150130633805, -3.7928483361937215],
              [-78.74149986852699, -3.792793477389796],
              [-78.74149910631361, -3.7927643578644665],
              [-78.74141029084711, -3.7927702053514283],
              [-78.74066750279354, -3.792802084819686],
              [-78.74049606824654, -3.792800870601525],
              [-78.74050295779553, -3.792928465113147],
              [-78.74052126478435, -3.79321399938521],
              [-78.7405324961721, -3.793326826860831],
              [-78.74095408339636, -3.7932951273001105],
              [-78.7410248913403, -3.7932899070646013],
              [-78.74109366234099, -3.7932848369694274],
              [-78.74112687275095, -3.7932823883342768],
              [-78.74175405687504, -3.7932361496122025],
              [-78.74191884613097, -3.7932240006057696],
              [-78.74195369745254, -3.7932214314850343],
              [-78.74196489803441, -3.7929864793276273]
            ]
          ]
        ]
      }
    },
    {
      "type": "Feature",
      "properties": {
        "code": "095",
        "areaM2": 16.41,
        "side": "left",
        "sideSource": "declared",
        "surveyState": "COMPLETO",
        "affectedFlag": "SI",
        "landUse": "VACÍO"
      },
      "geometry": {
        "type": "MultiPolygon",
        "coordinates": [
          [
            [
              [-78.73374014332298, -3.792267530053664],
              [-78.73384676804402, -3.7927921220102547],
              [-78.7337350439927, -3.7929935498749088],
              [-78.73425092469274, -3.7930182897552807],
              [-78.73487457520598, -3.793018835384433],
              [-78.7355555487686, -3.793121065156132],
              [-78.73572822124147, -3.7930793695885825],
              [-78.73609190575763, -3.7929915499546367],
              [-78.73629160131391, -3.7929433288379584],
              [-78.73676909200233, -3.7930309254946444],
              [-78.7372009888663, -3.793110157857086],
              [-78.7372952515207, -3.7931274500545364],
              [-78.73758660263016, -3.7929993840782816],
              [-78.73803701078847, -3.7928014033507678],
              [-78.738042979868, -3.792801473256562],
              [-78.73824943373783, -3.7928038854439974],
              [-78.73866638035267, -3.7928087564292636],
              [-78.73922550062505, -3.7928087543352254],
              [-78.73991098638902, -3.7928087506049724],
              [-78.73991117357423, -3.7928087510958552],
              [-78.73996467291506, -3.7928087503708054],
              [-78.74036382729616, -3.792816783044685],
              [-78.74039765319642, -3.792817463846092],
              [-78.74041196377976, -3.7917755972557825],
              [-78.7404233043173, -3.7910225321741255],
              [-78.73555575647906, -3.7911671248266154],
              [-78.73352687017358, -3.7912273861074994],
              [-78.73350849488585, -3.791371975461355],
              [-78.73358812194192, -3.791896496325541],
              [-78.73374014332298, -3.792267530053664]
            ]
          ],
          [
            [
              [-78.74049735971182, -3.7918011318949154],
              [-78.7404912203181, -3.792207161759485],
              [-78.74071404074645, -3.792204327836661],
              [-78.74074521238161, -3.791803931186189],
              [-78.74193109883203, -3.7916652736130203],
              [-78.74163588233637, -3.7909865074834825],
              [-78.7413394499769, -3.7909953124131746],
              [-78.74126242588459, -3.7909976002312056],
              [-78.74117293404908, -3.7910002585596203],
              [-78.74054231083878, -3.7910189858085714],
              [-78.74050516165116, -3.7910199985584656],
              [-78.7405026026523, -3.791332734327762],
              [-78.74049735971182, -3.7918011318949154]
            ]
          ]
        ]
      }
    },
    {
      "type": "Feature",
      "properties": {
        "code": "095A",
        "areaM2": 665.53,
        "side": "left",
        "sideSource": "declared",
        "surveyState": "COMPLETO",
        "affectedFlag": "NO",
        "landUse": "INFRAESTRUCTURA"
      },
      "geometry": {
        "type": "MultiPolygon",
        "coordinates": [
          [
            [
              [-78.74049645053577, -3.7925051413208717],
              [-78.74049606824654, -3.792800870601525],
              [-78.74066750279354, -3.792802084819686],
              [-78.74069059260232, -3.7925055038065807],
              [-78.74049645053577, -3.7925051413208717]
            ]
          ]
        ]
      }
    },
    {
      "type": "Feature",
      "properties": {
        "code": "095B",
        "areaM2": 0.08,
        "side": "left",
        "sideSource": "declared",
        "surveyState": "COMPLETO",
        "affectedFlag": "SI",
        "landUse": "INFRAESTRUCTURA"
      },
      "geometry": {
        "type": "MultiPolygon",
        "coordinates": [
          [
            [
              [-78.7404912203181, -3.792207161759485],
              [-78.74049645053577, -3.7925051413208717],
              [-78.74069059260232, -3.7925055038065807],
              [-78.74071404074645, -3.792204327836661],
              [-78.7404912203181, -3.792207161759485]
            ]
          ]
        ]
      }
    },
    {
      "type": "Feature",
      "properties": {
        "code": "098",
        "areaM2": 7.93,
        "side": "right",
        "sideSource": "declared",
        "surveyState": "COMPLETO",
        "affectedFlag": "SI",
        "landUse": "INFRAESTRUCTURA"
      },
      "geometry": {
        "type": "MultiPolygon",
        "coordinates": [
          [
            [
              [-78.74051805914141, -3.790656270503286],
              [-78.74050516165116, -3.7910199985584656],
              [-78.74054231083878, -3.7910189858085714],
              [-78.74117293404908, -3.7910002585596203],
              [-78.74126242588459, -3.7909976002312056],
              [-78.7413394499769, -3.7909953124131746],
              [-78.74163588233637, -3.7909865074834825],
              [-78.74321983895246, -3.790985294039782],
              [-78.74333841941727, -3.7902189373513826],
              [-78.74292797778925, -3.790217732178924],
              [-78.7429157720738, -3.79021769661857],
              [-78.74284644167122, -3.7902174934702786],
              [-78.74272796264673, -3.7902171454047844],
              [-78.7427233910173, -3.790217131631031],
              [-78.7425991947657, -3.790216766775612],
              [-78.74238128012212, -3.790216126740336],
              [-78.74230546847295, -3.7902159038700365],
              [-78.74221479543414, -3.7902156375663294],
              [-78.74188259195199, -3.790214662031353],
              [-78.74183039710304, -3.7902145090924697],
              [-78.74157210377244, -3.7902137504672555],
              [-78.74144447530054, -3.790213375553633],
              [-78.74142246850035, -3.7902133106882996],
              [-78.74120027578465, -3.7902126582470066],
              [-78.74111112638964, -3.79021239672202],
              [-78.74081930824381, -3.790211539212632],
              [-78.74069548922624, -3.790211175071501],
              [-78.74062000793921, -3.790210952918635],
              [-78.74061994764412, -3.790210952760671],
              [-78.74052674236154, -3.79021100960183],
              [-78.74052667576055, -3.7903274668108753],
              [-78.74051805914141, -3.790656270503286]
            ]
          ],
          [
            [
              [-78.73563630338552, -3.7901962946459777],
              [-78.73555575647906, -3.7911671248266154],
              [-78.7404233043173, -3.7910225321741255],
              [-78.74043508037494, -3.7902104096599434],
              [-78.73563630338552, -3.7901962946459777]
            ]
          ]
        ]
      }
    },
    {
      "type": "Feature",
      "properties": {
        "code": "101",
        "areaM2": 15.96,
        "side": "right",
        "sideSource": "declared",
        "surveyState": "COMPLETO",
        "affectedFlag": "SI",
        "landUse": "VACÍO"
      },
      "geometry": {
        "type": "MultiPolygon",
        "coordinates": [
          [
            [
              [-78.74024175435484, -3.7888952798758138],
              [-78.73318795760689, -3.789029473929771],
              [-78.7331614684519, -3.789601629658561],
              [-78.73299342273376, -3.789925178967479],
              [-78.7328780256117, -3.7901881694050097],
              [-78.73563630338552, -3.7901962946459777],
              [-78.74043508037494, -3.7902104096599434],
              [-78.74045013178593, -3.789531720061523],
              [-78.74045369826077, -3.789241894027995],
              [-78.74045652792815, -3.7890119327814094],
              [-78.74024042727902, -3.7890196093206616],
              [-78.74024175435484, -3.7888952798758138]
            ]
          ],
          [
            [
              [-78.7405401695269, -3.78957245465823],
              [-78.74052674236154, -3.79021100960183],
              [-78.74061994764412, -3.790210952760671],
              [-78.74062000793921, -3.790210952918635],
              [-78.74069548922624, -3.790211175071501],
              [-78.74081930824381, -3.790211539212632],
              [-78.74111112638964, -3.79021239672202],
              [-78.74120027578465, -3.7902126582470066],
              [-78.74142246850035, -3.7902133106882996],
              [-78.74144447530054, -3.790213375553633],
              [-78.74157210377244, -3.7902137504672555],
              [-78.74183039710304, -3.7902145090924697],
              [-78.74188259195199, -3.790214662031353],
              [-78.74221479543414, -3.7902156375663294],
              [-78.74230546847295, -3.7902159038700365],
              [-78.74238128012212, -3.790216126740336],
              [-78.7425991947657, -3.790216766775612],
              [-78.7427233910173, -3.790217131631031],
              [-78.74272796264673, -3.7902171454047844],
              [-78.74284644167122, -3.7902174934702786],
              [-78.7429157720738, -3.79021769661857],
              [-78.74292797778925, -3.790217732178924],
              [-78.74333841941727, -3.7902189373513826],
              [-78.74338840748872, -3.789617701345568],
              [-78.74339848792633, -3.7894964563482585],
              [-78.74345855508152, -3.7887739752676395],
              [-78.74318594504608, -3.7887943188708966],
              [-78.74261472683921, -3.7888242851389813],
              [-78.74204131142587, -3.7888447895108226],
              [-78.74182033905356, -3.788848037735558],
              [-78.74159936422971, -3.7888522432220113],
              [-78.7413881524208, -3.7888628373979962],
              [-78.74132977523833, -3.7888720110312506],
              [-78.7412535593852, -3.788880230348855],
              [-78.7411644067923, -3.7888822930613455],
              [-78.74088621180648, -3.7889152418648737],
              [-78.740720073214, -3.7889285835985524],
              [-78.74060043890411, -3.7889320968764273],
              [-78.74055459688319, -3.788938497294327],
              [-78.7405449780682, -3.789040911320585],
              [-78.74054164250607, -3.789225168245015],
              [-78.7405401695269, -3.78957245465823]
            ]
          ]
        ]
      }
    },
    {
      "type": "Feature",
      "properties": {
        "code": "102A",
        "areaM2": 0.03,
        "side": "right",
        "sideSource": "declared",
        "surveyState": "COMPLETO",
        "affectedFlag": "SI",
        "landUse": "INFRAESTRUCTURA"
      },
      "geometry": {
        "type": "MultiPolygon",
        "coordinates": [
          [
            [
              [-78.74024175435484, -3.7888952798758138],
              [-78.74024042727902, -3.7890196093206616],
              [-78.74045652792815, -3.7890119327814094],
              [-78.74045699453613, -3.7889739718588573],
              [-78.74045805858735, -3.7889017295944734],
              [-78.74024175435484, -3.7888952798758138]
            ]
          ]
        ]
      }
    },
    {
      "type": "Feature",
      "properties": {
        "code": "107",
        "areaM2": 8.77,
        "side": "left",
        "sideSource": "declared",
        "surveyState": "INCOMPLETO",
        "affectedFlag": "SI",
        "landUse": "VACÍO"
      },
      "geometry": {
        "type": "MultiPolygon",
        "coordinates": [
          [
            [
              [-78.74017353071184, -3.787874166092459],
              [-78.74029010641492, -3.788095187670134],
              [-78.74035408145676, -3.7882159022270625],
              [-78.74041045636882, -3.7883294219201336],
              [-78.74044170125335, -3.7884007797175023],
              [-78.74047432183629, -3.788492710502138],
              [-78.74049507614271, -3.7885693029548198],
              [-78.74050685461339, -3.788618126648494],
              [-78.74052046621459, -3.7886947003976474],
              [-78.74052828879753, -3.788799959758211],
              [-78.7405352972063, -3.78889644738243],
              [-78.74055377128676, -3.7888949490398556],
              [-78.74136985138759, -3.788830587542969],
              [-78.74135948652805, -3.788469977662327],
              [-78.74134361169838, -3.787980857468823],
              [-78.74349370047224, -3.787922809917157],
              [-78.74362969446948, -3.7879471818689443],
              [-78.74372920717573, -3.787034724951908],
              [-78.74377322311736, -3.7854849432954256],
              [-78.74343648025646, -3.785531835686143],
              [-78.7433578619853, -3.7855709122758094],
              [-78.74261072147955, -3.7859422778245877],
              [-78.74251163400342, -3.785991528527778],
              [-78.74199754665577, -3.7862470540410973],
              [-78.74193740877786, -3.7862769453983534],
              [-78.74188200973448, -3.786304480688731],
              [-78.7416297914091, -3.786410893179115],
              [-78.74159257011011, -3.7864265966550574],
              [-78.7409450581421, -3.786699785042541],
              [-78.74085029915949, -3.786734491630719],
              [-78.73980981254132, -3.7871109145639443],
              [-78.73970874831161, -3.787147477526797],
              [-78.73975922344329, -3.7872140890840438],
              [-78.73987004940328, -3.7873751095233277],
              [-78.73999067070538, -3.787578250797148],
              [-78.74017353071184, -3.787874166092459]
            ]
          ]
        ]
      }
    },
    {
      "type": "Feature",
      "properties": {
        "code": "107A",
        "areaM2": 12.41,
        "side": "right",
        "sideSource": "declared",
        "surveyState": "INCOMPLETO",
        "affectedFlag": "SI",
        "landUse": "INFRAESTRUCTURA"
      },
      "geometry": {
        "type": "MultiPolygon",
        "coordinates": [
          [
            [
              [-78.73493022192542, -3.7875122127866425],
              [-78.73388687017132, -3.787194344391859],
              [-78.73320742216856, -3.787950049196381],
              [-78.73318795760689, -3.789029473929771],
              [-78.74024175435484, -3.7888952798758138],
              [-78.74045805858735, -3.7889017295944734],
              [-78.74046012280755, -3.7888876002174534],
              [-78.74046094291604, -3.788785908944229],
              [-78.74045474044406, -3.7886985916992666],
              [-78.74044460082588, -3.788604665018717],
              [-78.74042498744286, -3.7885288412342804],
              [-78.7403885156957, -3.7884353183824278],
              [-78.740331691419, -3.7883115137225336],
              [-78.74029850034577, -3.7882369000848186],
              [-78.7402393295643, -3.7881364809239395],
              [-78.74017032484115, -3.7880084815072568],
              [-78.74012873417777, -3.7879424039499514],
              [-78.74006898799891, -3.787843513747872],
              [-78.7399529422583, -3.7876388530777096],
              [-78.73982604493531, -3.787431868776184],
              [-78.7397495908127, -3.7873117905277742],
              [-78.73969646675229, -3.7872300907766574],
              [-78.73964741815819, -3.7871696653365277],
              [-78.7396413334237, -3.787171866887008],
              [-78.73926129268975, -3.787283787886108],
              [-78.7386848561054, -3.787453546563326],
              [-78.738364474146, -3.7875527143829775],
              [-78.73831339637486, -3.787539402182612],
              [-78.73807596247939, -3.7874775220516472],
              [-78.7374330009751, -3.7876519823233794],
              [-78.7370009257333, -3.787669643314503],
              [-78.73685008129863, -3.7876244081555828],
              [-78.73599180401429, -3.7878356343851043],
              [-78.73493022192542, -3.7875122127866425]
            ]
          ]
        ]
      }
    },
    {
      "type": "Feature",
      "properties": {
        "code": "108",
        "areaM2": 107538.74,
        "side": "left",
        "sideSource": "declared",
        "surveyState": "COMPLETO",
        "affectedFlag": "NO",
        "landUse": "VACÍO"
      },
      "geometry": {
        "type": "MultiPolygon",
        "coordinates": [
          [
            [
              [-78.73980981254132, -3.7871109145639443],
              [-78.74085029915949, -3.786734491630719],
              [-78.7409450581421, -3.786699785042541],
              [-78.74159257011011, -3.7864265966550574],
              [-78.7416297914091, -3.786410893179115],
              [-78.74188200973448, -3.786304480688731],
              [-78.74193740877786, -3.7862769453983534],
              [-78.74199754665577, -3.7862470540410973],
              [-78.74251163400342, -3.785991528527778],
              [-78.74261072147955, -3.7859422778245877],
              [-78.7433578619853, -3.7855709122758094],
              [-78.74343648025646, -3.785531835686143],
              [-78.74368318034139, -3.7844802565073157],
              [-78.74374765718095, -3.78420541796284],
              [-78.74374675397377, -3.7841767870854977],
              [-78.7435814505367, -3.783379990976676],
              [-78.74288314380642, -3.7836743958402943],
              [-78.74252005868188, -3.7838274709362936],
              [-78.74247333022944, -3.7838471715383237],
              [-78.74242080522026, -3.783878386489627],
              [-78.74236640727365, -3.783910715681438],
              [-78.74130325021265, -3.784542543128432],
              [-78.74122319265634, -3.7845901214007647],
              [-78.74024708092135, -3.7851702156099454],
              [-78.73885789378264, -3.7857297914051506],
              [-78.738620725642, -3.7858253239333393],
              [-78.73858640343765, -3.785839149134913],
              [-78.73872967361069, -3.785997601264284],
              [-78.7389168978635, -3.78618665282945],
              [-78.73945264295787, -3.786719252483421],
              [-78.73950842239876, -3.7867747046141864],
              [-78.73954354149298, -3.7868096182460236],
              [-78.73962717554343, -3.786904252607619],
              [-78.73980981254132, -3.7871109145639443]
            ]
          ]
        ]
      }
    },
    {
      "type": "Feature",
      "properties": {
        "code": "109",
        "areaM2": 5.5,
        "side": "right",
        "sideSource": "declared",
        "surveyState": "COMPLETO",
        "affectedFlag": "SI",
        "landUse": "INFRAESTRUCTURA"
      },
      "geometry": {
        "type": "MultiPolygon",
        "coordinates": [
          [
            [
              [-78.7361365124085, -3.7868984971700677],
              [-78.73493022192542, -3.7875122127866425],
              [-78.73599180401429, -3.7878356343851043],
              [-78.73685008129863, -3.7876244081555828],
              [-78.7370009257333, -3.787669643314503],
              [-78.7374330009751, -3.7876519823233794],
              [-78.73807596247939, -3.7874775220516472],
              [-78.73831339637486, -3.787539402182612],
              [-78.738364474146, -3.7875527143829775],
              [-78.7386848561054, -3.787453546563326],
              [-78.73926129268975, -3.787283787886108],
              [-78.7396413334237, -3.787171866887008],
              [-78.73964741815819, -3.7871696653365277],
              [-78.73948277447005, -3.786973721172978],
              [-78.7393811510039, -3.7868634323173413],
              [-78.73930135649456, -3.786782857803696],
              [-78.7388939357032, -3.78636886937706],
              [-78.73879704694897, -3.786269307917472],
              [-78.73863181143577, -3.786091048792074],
              [-78.73845273070472, -3.785892993123447],
              [-78.73792725649933, -3.7861046576403874],
              [-78.73788872722982, -3.7861201766994728],
              [-78.73763760003997, -3.78622133212142],
              [-78.73751278280649, -3.786271609363778],
              [-78.7372202038847, -3.786389461106189],
              [-78.73709233178528, -3.786440968714302],
              [-78.73682246914548, -3.786549669976694],
              [-78.73614314914082, -3.786895121913064],
              [-78.7361365124085, -3.7868984971700677]
            ]
          ]
        ]
      }
    },
    {
      "type": "Feature",
      "properties": {
        "code": "110",
        "areaM2": 9.7,
        "side": "right",
        "sideSource": "declared",
        "surveyState": "COMPLETO",
        "affectedFlag": "SI",
        "landUse": "INFRAESTRUCTURA"
      },
      "geometry": {
        "type": "MultiPolygon",
        "coordinates": [
          [
            [
              [-78.73388687017132, -3.787194344391859],
              [-78.73493022192542, -3.7875122127866425],
              [-78.7361365124085, -3.7868984971700677],
              [-78.73614314914082, -3.786895121913064],
              [-78.73682246914548, -3.786549669976694],
              [-78.73709233178528, -3.786440968714302],
              [-78.7372202038847, -3.786389461106189],
              [-78.73751278280649, -3.786271609363778],
              [-78.73763760003997, -3.78622133212142],
              [-78.73788872722982, -3.7861201766994728],
              [-78.73792725649933, -3.7861046576403874],
              [-78.73845273070472, -3.785892993123447],
              [-78.738429617187, -3.7858596332587884],
              [-78.73831314472496, -3.785652800250746],
              [-78.73818024806438, -3.785355360874453],
              [-78.73805598793766, -3.785086387239783],
              [-78.73792305336839, -3.784767527824557],
              [-78.73791108112363, -3.7847743215776104],
              [-78.73771056359872, -3.784887926656157],
              [-78.73769891312763, -3.7848945268897176],
              [-78.7376033381536, -3.7849486758068838],
              [-78.7375900717369, -3.7849561920644703],
              [-78.73756475288984, -3.7849705362081614],
              [-78.73710468842506, -3.7852311889413977],
              [-78.73611608633502, -3.785791285425284],
              [-78.73565267576484, -3.7860829547193418],
              [-78.73564478490823, -3.786087921318609],
              [-78.73563889245514, -3.786091630289595],
              [-78.73558432259442, -3.7861259760656525],
              [-78.73545668883266, -3.7862063085403594],
              [-78.73541527940363, -3.7862323721408204],
              [-78.73517645066244, -3.786382689676166],
              [-78.73464827578664, -3.7867151206163583],
              [-78.73455556759156, -3.7867734700748494],
              [-78.73388687017132, -3.787194344391859]
            ]
          ],
          [
            [
              [-78.73860879597568, -3.7858146663013867],
              [-78.738620725642, -3.7858253239333393],
              [-78.73885789378264, -3.7857297914051506],
              [-78.74024708092135, -3.7851702156099454],
              [-78.74122319265634, -3.7845901214007647],
              [-78.74130325021265, -3.784542543128432],
              [-78.74236640727365, -3.783910715681438],
              [-78.74242080522026, -3.783878386489627],
              [-78.74189255510076, -3.78316620332448],
              [-78.74048048189411, -3.783995842972459],
              [-78.73922152434628, -3.7846737363525147],
              [-78.73829297684257, -3.785203344934612],
              [-78.73860879597568, -3.7858146663013867]
            ]
          ]
        ]
      }
    },
    {
      "type": "Feature",
      "properties": {
        "code": "111",
        "areaM2": 38111.47,
        "side": "left",
        "sideSource": "declared",
        "surveyState": "COMPLETO",
        "affectedFlag": "NO",
        "landUse": "INFRAESTRUCTURA"
      },
      "geometry": {
        "type": "MultiPolygon",
        "coordinates": [
          [
            [
              [-78.73829297684257, -3.785203344934612],
              [-78.73922152434628, -3.7846737363525147],
              [-78.74048048189411, -3.783995842972459],
              [-78.74189255510076, -3.78316620332448],
              [-78.74176562727669, -3.7829950806341115],
              [-78.7414196626079, -3.782296695314285],
              [-78.74116960094601, -3.7825560176044073],
              [-78.74114246098529, -3.78258416291007],
              [-78.74113628469968, -3.782573084636447],
              [-78.73954530898735, -3.7836562706947987],
              [-78.73940721034884, -3.7837508932883464],
              [-78.73807490695302, -3.7846762810208476],
              [-78.73813314910048, -3.784844494029849],
              [-78.73829297684257, -3.785203344934612]
            ]
          ]
        ]
      }
    },
    {
      "type": "Feature",
      "properties": {
        "code": "112",
        "areaM2": 5.67,
        "side": "right",
        "sideSource": "declared",
        "surveyState": "COMPLETO",
        "affectedFlag": "SI",
        "landUse": "VACÍO"
      },
      "geometry": {
        "type": "MultiPolygon",
        "coordinates": [
          [
            [
              [-78.73393281241118, -3.7870829204113803],
              [-78.73388687017132, -3.787194344391859],
              [-78.73455556759156, -3.7867734700748494],
              [-78.73464827578664, -3.7867151206163583],
              [-78.73517645066244, -3.786382689676166],
              [-78.73541527940363, -3.7862323721408204],
              [-78.73545668883266, -3.7862063085403594],
              [-78.73558432259442, -3.7861259760656525],
              [-78.73563889245514, -3.786091630289595],
              [-78.73564478490823, -3.786087921318609],
              [-78.73565267576484, -3.7860829547193418],
              [-78.73611608633502, -3.785791285425284],
              [-78.73710468842506, -3.7852311889413977],
              [-78.73756475288984, -3.7849705362081614],
              [-78.7375900717369, -3.7849561920644703],
              [-78.7376033381536, -3.7849486758068838],
              [-78.73769891312763, -3.7848945268897176],
              [-78.73771056359872, -3.784887926656157],
              [-78.73791108112363, -3.7847743215776104],
              [-78.73792305336839, -3.784767527824557],
              [-78.73790505692078, -3.784713342641325],
              [-78.737879573611, -3.7846239419727654],
              [-78.73784698241074, -3.784521128296891],
              [-78.73780804230698, -3.7843870850924093],
              [-78.73776202873663, -3.7842267136964973],
              [-78.73771713657322, -3.7840926549147427],
              [-78.73764967683256, -3.783938206343082],
              [-78.73758578046304, -3.783787355944758],
              [-78.7375124121401, -3.7836161491543523],
              [-78.73745571430682, -3.783443790960038],
              [-78.7374447669941, -3.783403815062876],
              [-78.73743634521121, -3.7834101706425467],
              [-78.7374220011274, -3.783420996300509],
              [-78.73740972176398, -3.7834341352465013],
              [-78.7373651020159, -3.783481879126424],
              [-78.73734365035021, -3.7835048330524126],
              [-78.7372012385409, -3.783551203462175],
              [-78.73706335694934, -3.7835812786714196],
              [-78.73698104392919, -3.783645641223456],
              [-78.73692361883768, -3.783753122272927],
              [-78.73686253060569, -3.7838964702683255],
              [-78.73677299014913, -3.783993104272643],
              [-78.7366798592668, -3.784096903796502],
              [-78.73660102387538, -3.784197152830197],
              [-78.73657182723424, -3.7844374529004554],
              [-78.73646792592807, -3.7845627498785146],
              [-78.73632471911687, -3.78469511965694],
              [-78.73620293179916, -3.784831133456362],
              [-78.73607755492209, -3.784974313654798],
              [-78.73591647046112, -3.785113811364651],
              [-78.73576946795643, -3.7853322757431545],
              [-78.73559760457901, -3.7854968596189598],
              [-78.73545451870719, -3.7855825891073556],
              [-78.73516478355397, -3.7857504515961624],
              [-78.73503220685588, -3.785915138295943],
              [-78.73489261804282, -3.786029578355591],
              [-78.73475644147919, -3.7862050183707057],
              [-78.73461863132982, -3.78642065973167],
              [-78.73451426254596, -3.786580852410361],
              [-78.73433814029944, -3.7867807035192467],
              [-78.73419790417391, -3.7869148747348738],
              [-78.73403181203604, -3.7870114255491756],
              [-78.73393281241118, -3.7870829204113803]
            ]
          ],
          [
            [
              [-78.7380474401073, -3.784600433169314],
              [-78.73807490695302, -3.7846762810208476],
              [-78.73940721034884, -3.7837508932883464],
              [-78.73796128070784, -3.7832097117476082],
              [-78.73790991991339, -3.7831827893944316],
              [-78.73748660943059, -3.7828914420994524],
              [-78.73750243757829, -3.783094201044899],
              [-78.73751630293576, -3.7832564019519825],
              [-78.73751044879981, -3.783310201931528],
              [-78.73756083620307, -3.7833297081507515],
              [-78.73762159666909, -3.7834044914738425],
              [-78.73770306255324, -3.7835750007920463],
              [-78.7378316379535, -3.783942719181171],
              [-78.73790157469045, -3.784151467777731],
              [-78.73797916174473, -3.7843487557720583],
              [-78.7380474401073, -3.784600433169314]
            ]
          ]
        ]
      }
    },
    {
      "type": "Feature",
      "properties": {
        "code": "113",
        "areaM2": 26.92,
        "side": "right",
        "sideSource": "declared",
        "surveyState": "COMPLETO",
        "affectedFlag": "SI",
        "landUse": "INFRAESTRUCTURA"
      },
      "geometry": {
        "type": "MultiPolygon",
        "coordinates": [
          [
            [
              [-78.73220769901747, -3.7876250371433193],
              [-78.73320742216856, -3.787950049196381],
              [-78.73388687017132, -3.787194344391859],
              [-78.73393281241118, -3.7870829204113803],
              [-78.73403181203604, -3.7870114255491756],
              [-78.73419790417391, -3.7869148747348738],
              [-78.73433814029944, -3.7867807035192467],
              [-78.73451426254596, -3.786580852410361],
              [-78.73461863132982, -3.78642065973167],
              [-78.73475644147919, -3.7862050183707057],
              [-78.73489261804282, -3.786029578355591],
              [-78.73503220685588, -3.785915138295943],
              [-78.73516478355397, -3.7857504515961624],
              [-78.73545451870719, -3.7855825891073556],
              [-78.73559760457901, -3.7854968596189598],
              [-78.73576946795643, -3.7853322757431545],
              [-78.73591647046112, -3.785113811364651],
              [-78.73607755492209, -3.784974313654798],
              [-78.73620293179916, -3.784831133456362],
              [-78.73632471911687, -3.78469511965694],
              [-78.73646792592807, -3.7845627498785146],
              [-78.73657182723424, -3.7844374529004554],
              [-78.73660102387538, -3.784197152830197],
              [-78.7366798592668, -3.784096903796502],
              [-78.73677299014913, -3.783993104272643],
              [-78.73686253060569, -3.7838964702683255],
              [-78.73692361883768, -3.783753122272927],
              [-78.73698104392919, -3.783645641223456],
              [-78.73706335694934, -3.7835812786714196],
              [-78.7372012385409, -3.783551203462175],
              [-78.73734365035021, -3.7835048330524126],
              [-78.7373651020159, -3.783481879126424],
              [-78.73740972176398, -3.7834341352465013],
              [-78.7374220011274, -3.783420996300509],
              [-78.73743634521121, -3.7834101706425467],
              [-78.73744481117689, -3.783403781731018],
              [-78.73744464842885, -3.783403381742137],
              [-78.7373793728927, -3.783242326256425],
              [-78.7372802457073, -3.7829592676148533],
              [-78.73722207141924, -3.7827867943993843],
              [-78.73708573017848, -3.7824061297113327],
              [-78.7370166178202, -3.7822466543474267],
              [-78.73691460339342, -3.782103835593023],
              [-78.73679563801495, -3.781996754094928],
              [-78.73673519478581, -3.7819464633780613],
              [-78.73663820516828, -3.7818617182005148],
              [-78.73662810582167, -3.7818497455587416],
              [-78.73659638936651, -3.781812147926496],
              [-78.7364993703425, -3.7816971344631805],
              [-78.7364166646397, -3.7815952780558733],
              [-78.73635230479191, -3.7815124751252687],
              [-78.7363004650718, -3.7814503167988245],
              [-78.73619781337717, -3.78136968350341],
              [-78.73593197689137, -3.7812184734247167],
              [-78.73554095900252, -3.781000674998501],
              [-78.73512137042376, -3.7807805697217325],
              [-78.73498471106062, -3.7806773859524387],
              [-78.73496327919803, -3.7806612035903724],
              [-78.73477527183947, -3.7804372293282937],
              [-78.73472148841404, -3.7803705911870638],
              [-78.73438794306033, -3.7805478061452114],
              [-78.7343581830775, -3.7805636175247406],
              [-78.73434335593622, -3.7805813203014482],
              [-78.7339205343263, -3.7810861477447233],
              [-78.73382606058416, -3.781279523895368],
              [-78.73375040970839, -3.78143437267417],
              [-78.73358028398907, -3.7817825983871325],
              [-78.73290269818784, -3.7825578200974226],
              [-78.73285378113763, -3.7826897260185857],
              [-78.73273199046689, -3.783018141532424],
              [-78.73270384111416, -3.783461004048174],
              [-78.7328008087945, -3.784238680245262],
              [-78.73279247491283, -3.7846412390680766],
              [-78.73278022255575, -3.7852330260116367],
              [-78.7326332985476, -3.785835404739541],
              [-78.73261743097416, -3.785900459926792],
              [-78.73251837130911, -3.786306596103908],
              [-78.73242545511057, -3.7866875425420874],
              [-78.73236412911443, -3.7871278100335926],
              [-78.73236125868137, -3.7871484223836607],
              [-78.73220769901747, -3.7876250371433193]
            ]
          ],
          [
            [
              [-78.7373404187551, -3.782878938626594],
              [-78.73749075194746, -3.7833033523615973],
              [-78.73744917658715, -3.782882285219769],
              [-78.7374311286051, -3.782790392785061],
              [-78.73737207544751, -3.782644816331485],
              [-78.73730256520545, -3.7824180823041886],
              [-78.73722988074887, -3.78224032437031],
              [-78.73715092640633, -3.782129903450005],
              [-78.7369578844365, -3.781941114529576],
              [-78.73674651257015, -3.781769117098664],
              [-78.73666142654695, -3.7816724560048676],
              [-78.7365567174086, -3.7815037987848044],
              [-78.73649593734363, -3.7814362871414904],
              [-78.73643668969133, -3.7813657168030455],
              [-78.73635935439948, -3.7812185621111087],
              [-78.73629097555312, -3.781143375612059],
              [-78.73617378537989, -3.78108643121769],
              [-78.7360138997829, -3.78104008996346],
              [-78.73591491645898, -3.7810138076586677],
              [-78.7358464304034, -3.7809799520657124],
              [-78.73580696880882, -3.780918618060131],
              [-78.73576009911561, -3.7807761354409632],
              [-78.73571758952211, -3.7807147934576992],
              [-78.73565373862995, -3.7806564582904945],
              [-78.73560832099736, -3.780541532104275],
              [-78.73558261383761, -3.7804649269226425],
              [-78.735533921743, -3.780437245879956],
              [-78.73547756728141, -3.7804263833300658],
              [-78.73534507549336, -3.7803938905482943],
              [-78.73521724974887, -3.7803246719576262],
              [-78.73513973193623, -3.7802479310807002],
              [-78.73507894105165, -3.7801850107735935],
              [-78.73503635205765, -3.780154283905427],
              [-78.73495705640573, -3.7801755070028094],
              [-78.73483809965748, -3.78021193339494],
              [-78.73479861086585, -3.7802346004594587],
              [-78.73477627832793, -3.780252336925512],
              [-78.73476191620689, -3.7802815748977507],
              [-78.73478978435364, -3.7803327366950423],
              [-78.73501825353549, -3.780595667568921],
              [-78.73509920050863, -3.7806722267105055],
              [-78.73526750259722, -3.7807782893902333],
              [-78.7358104888072, -3.781070667945322],
              [-78.73611778248525, -3.7812334283598092],
              [-78.73627124159856, -3.7813342858215306],
              [-78.7363836034155, -3.7814166666336146],
              [-78.73642916607476, -3.781478870894944],
              [-78.73648321467851, -3.781567898797739],
              [-78.7365834912666, -3.7816829677910255],
              [-78.73670998529762, -3.7818250849489057],
              [-78.7368376988208, -3.781937355635249],
              [-78.73694319745918, -3.782022015513001],
              [-78.7370212845567, -3.7820997143247763],
              [-78.73709304553599, -3.7821928954435107],
              [-78.73713962950654, -3.7822992133833013],
              [-78.73723325687789, -3.7825543297706474],
              [-78.7373404187551, -3.782878938626594]
            ]
          ]
        ]
      }
    },
    {
      "type": "Feature",
      "properties": {
        "code": "123",
        "areaM2": 5.06,
        "side": "left",
        "sideSource": "declared",
        "surveyState": "COMPLETO",
        "affectedFlag": "SI",
        "landUse": "INFRAESTRUCTURA"
      },
      "geometry": {
        "type": "MultiPolygon",
        "coordinates": [
          [
            [
              [-78.73082429048988, -3.778008273813051],
              [-78.7308448086732, -3.7780289927003765],
              [-78.73087296338275, -3.7780428432588127],
              [-78.73089284415057, -3.7780428954008842],
              [-78.7308961583052, -3.7780457534504848],
              [-78.73099143299271, -3.778032991378517],
              [-78.73103369023933, -3.7780309236000544],
              [-78.73111545592562, -3.77802835466428],
              [-78.73120178632026, -3.7780575130710274],
              [-78.73126823796754, -3.7781260122638503],
              [-78.73132973944432, -3.778209305738565],
              [-78.7313689923036, -3.7783171988511564],
              [-78.7314288787973, -3.7784876204314557],
              [-78.73145261626708, -3.7785435579507243],
              [-78.73149875758686, -3.7785979324755763],
              [-78.73158389789363, -3.7786542859427894],
              [-78.73167825216107, -3.778686509105395],
              [-78.73176123240349, -3.7786951861843616],
              [-78.73188978188954, -3.7786611808796806],
              [-78.73213028564219, -3.778561257609928],
              [-78.73232225052308, -3.7784752323281268],
              [-78.73248528996962, -3.7784073500768107],
              [-78.73265462033723, -3.778337188145129],
              [-78.73277128853577, -3.7783013290827627],
              [-78.73284845712938, -3.7782923468281204],
              [-78.73295713349606, -3.778323937535796],
              [-78.73306319306566, -3.778381116817573],
              [-78.73317936271263, -3.778440567182383],
              [-78.73330111272202, -3.7784840912833886],
              [-78.73343199109351, -3.7785350510694338],
              [-78.73351772078692, -3.7785440353084763],
              [-78.7336194796734, -3.7785485614948593],
              [-78.7336819456581, -3.7785710572112454],
              [-78.73374836775298, -3.778603923869834],
              [-78.73381005692171, -3.778637935228952],
              [-78.73387397712396, -3.7786954660062237],
              [-78.73392272996621, -3.778770047806154],
              [-78.7339975738637, -3.778940045870622],
              [-78.7340839107612, -3.779201495960494],
              [-78.73415865153227, -3.779393893649099],
              [-78.7342391297394, -3.7795043193692517],
              [-78.73433040375745, -3.7795879096227583],
              [-78.73440075874458, -3.779668902160767],
              [-78.73445840240917, -3.779789752501282],
              [-78.73454229492557, -3.7799868487240493],
              [-78.73467015423913, -3.7801796495983635],
              [-78.73469628940879, -3.7802012437894508],
              [-78.73473483662637, -3.7802109116624],
              [-78.73477343566216, -3.78020096768607],
              [-78.73512636550339, -3.7800281052948943],
              [-78.73547368011816, -3.779783329380782],
              [-78.73556071050122, -3.7797177343781776],
              [-78.7356064905186, -3.7796933625346028],
              [-78.73564622129258, -3.779650604930225],
              [-78.73567304968113, -3.779610370014762],
              [-78.73570911890887, -3.7791377760071887],
              [-78.73478191288592, -3.779234790286251],
              [-78.73451977181308, -3.7789527533461325],
              [-78.73431000975668, -3.778615903017469],
              [-78.73421804904731, -3.7785261123917167],
              [-78.73412301940286, -3.7784447343584096],
              [-78.73403719157085, -3.778340418281213],
              [-78.73394359809828, -3.7782927192933005],
              [-78.73327425663767, -3.777612705495385],
              [-78.73221033749616, -3.7773990026971997],
              [-78.73198898789978, -3.777256063060069],
              [-78.73187150056928, -3.777167354474285],
              [-78.73157061843656, -3.777363946287163],
              [-78.73150993528971, -3.777406265430944],
              [-78.7312706870842, -3.7775537379244915],
              [-78.7310463150982, -3.7776943618582215],
              [-78.73090810160696, -3.777811483878867],
              [-78.73081182402454, -3.7779168528619085],
              [-78.73078635030073, -3.7779244156748635],
              [-78.73079014126466, -3.777955373506667],
              [-78.730804557502, -3.7779783725086533],
              [-78.73082429048988, -3.778008273813051]
            ]
          ]
        ]
      }
    },
    {
      "type": "Feature",
      "properties": {
        "code": "124",
        "areaM2": 52.98,
        "side": "right",
        "sideSource": "declared",
        "surveyState": "COMPLETO",
        "affectedFlag": "SI",
        "landUse": "VACÍO"
      },
      "geometry": {
        "type": "MultiPolygon",
        "coordinates": [
          [
            [
              [-78.72779904904174, -3.7802277095046324],
              [-78.72768761110396, -3.7803039703683967],
              [-78.72676932735872, -3.780932378319682],
              [-78.72683259427912, -3.781050744762888],
              [-78.72711708242208, -3.781582989636786],
              [-78.727095298053, -3.781895888951681],
              [-78.72705163655421, -3.7825229998829855],
              [-78.72717623553987, -3.783237551683059],
              [-78.72758802509661, -3.7835897016060898],
              [-78.7278142470482, -3.783783159367633],
              [-78.72836386210676, -3.784601204559114],
              [-78.72896385534763, -3.7854942304610906],
              [-78.72944827677564, -3.7860921611622467],
              [-78.72982093125741, -3.7862995069419796],
              [-78.73165673375863, -3.7873209505639602],
              [-78.73220702401854, -3.787627131709869],
              [-78.73220769901747, -3.7876250371433193],
              [-78.73236125868137, -3.7871484223836607],
              [-78.73236412911443, -3.7871278100335926],
              [-78.73242545511057, -3.7866875425420874],
              [-78.73251837130911, -3.786306596103908],
              [-78.73261743097416, -3.785900459926792],
              [-78.7326332985476, -3.785835404739541],
              [-78.73278022255575, -3.7852330260116367],
              [-78.73279247491283, -3.7846412390680766],
              [-78.7328008087945, -3.784238680245262],
              [-78.73270384111416, -3.783461004048174],
              [-78.73273199046689, -3.783018141532424],
              [-78.73285378113763, -3.7826897260185857],
              [-78.73290269818784, -3.7825578200974226],
              [-78.73358028398907, -3.7817825983871325],
              [-78.73375040970839, -3.78143437267417],
              [-78.73382606058416, -3.781279523895368],
              [-78.7339205343263, -3.7810861477447233],
              [-78.73434335593622, -3.7805813203014482],
              [-78.7343581830775, -3.7805636175247406],
              [-78.73438794306033, -3.7805478061452114],
              [-78.73472148841404, -3.7803705911870638],
              [-78.73460152369724, -3.7802219517247675],
              [-78.73455356381241, -3.7801361950736],
              [-78.73448571000763, -3.7800148650717214],
              [-78.73440101070013, -3.77981587469296],
              [-78.73434765521087, -3.779704014880735],
              [-78.73428334221545, -3.7796299789740035],
              [-78.73415321219467, -3.7795080166679225],
              [-78.73411666442966, -3.7794339640145647],
              [-78.73405884683879, -3.779295551502838],
              [-78.73404826049881, -3.7792680588673346],
              [-78.733939063112, -3.778963595997871],
              [-78.73393265300932, -3.778949035880122],
              [-78.73389941530036, -3.7788735419204396],
              [-78.73386722074778, -3.7788004164265767],
              [-78.73382729626994, -3.778747604036034],
              [-78.73379961608245, -3.778713500974313],
              [-78.7337633628699, -3.7786743610440907],
              [-78.73370629158515, -3.7786460840090834],
              [-78.73360718216163, -3.7786113553749887],
              [-78.73352183471309, -3.778599678264742],
              [-78.73341500527728, -3.7785873437105377],
              [-78.73335531402138, -3.778573061629038],
              [-78.73325588397674, -3.778540526100472],
              [-78.73315440078103, -3.7784988097332404],
              [-78.7330532357934, -3.7784572388314026],
              [-78.73295895969345, -3.7784156615688635],
              [-78.7328544252945, -3.7783665281250762],
              [-78.73279814078839, -3.778368329611468],
              [-78.73270512448947, -3.778393321482046],
              [-78.73258761778675, -3.778442950540351],
              [-78.73241136013452, -3.7785143869831432],
              [-78.73215422430849, -3.778619789197782],
              [-78.7319120665039, -3.7787203996773027],
              [-78.73180148533503, -3.778748626820394],
              [-78.73166097690516, -3.7787517965680166],
              [-78.73153945875673, -3.7787188558154856],
              [-78.7314428275077, -3.77866732208252],
              [-78.73136231003922, -3.7785722043254495],
              [-78.73131381522086, -3.7784687517474858],
              [-78.73127454991344, -3.7783324120252644],
              [-78.73123290643956, -3.778231273543396],
              [-78.73117902019557, -3.7781500023620547],
              [-78.73113263304376, -3.778115438917086],
              [-78.73104205216531, -3.7780939712983193],
              [-78.73096925156247, -3.7781113746099595],
              [-78.7308720607044, -3.7781124594075535],
              [-78.7307852936184, -3.778075784103666],
              [-78.73077687840288, -3.7780938326696134],
              [-78.73076259362769, -3.7781244673752075],
              [-78.73073989273325, -3.7781731506422274],
              [-78.73068288355805, -3.7782443154862313],
              [-78.73057534962466, -3.778353196677706],
              [-78.73054795987261, -3.7784019887628912],
              [-78.73048921496505, -3.778506637098245],
              [-78.73047758098261, -3.77852736204199],
              [-78.73028975491394, -3.778698501382558],
              [-78.73022545146047, -3.7787289813136495],
              [-78.7299780488847, -3.7788462513089245],
              [-78.72972630878748, -3.778945492518535],
              [-78.7291172698197, -3.7792645527443876],
              [-78.72897473589538, -3.7793444774714033],
              [-78.72869345496169, -3.7795022042578257],
              [-78.72863341234138, -3.7795358726892854],
              [-78.72859677645452, -3.7795564161976145],
              [-78.72814031619059, -3.779994170189981],
              [-78.72813499811801, -3.779997810114105],
              [-78.72781564153796, -3.7802163547973855],
              [-78.72779904904174, -3.7802277095046324]
            ]
          ]
        ]
      }
    },
    {
      "type": "Feature",
      "properties": {
        "code": "125",
        "areaM2": 3.14,
        "side": "right",
        "sideSource": "declared",
        "surveyState": "COMPLETO",
        "affectedFlag": "SI",
        "landUse": "VACÍO"
      },
      "geometry": {
        "type": "MultiPolygon",
        "coordinates": [
          [
            [
              [-78.72676778556259, -3.7808651298055027],
              [-78.72676932735872, -3.780932378319682],
              [-78.72768761110396, -3.7803039703683967],
              [-78.72779904904174, -3.7802277095046324],
              [-78.72781564153796, -3.7802163547973855],
              [-78.72813499811801, -3.779997810114105],
              [-78.72814031619059, -3.779994170189981],
              [-78.72859677645452, -3.7795564161976145],
              [-78.72863341234138, -3.7795358726892854],
              [-78.72869345496169, -3.7795022042578257],
              [-78.72897473589538, -3.7793444774714033],
              [-78.7291172698197, -3.7792645527443876],
              [-78.72972630878748, -3.778945492518535],
              [-78.7299780488847, -3.7788462513089245],
              [-78.73022545146047, -3.7787289813136495],
              [-78.73028975491394, -3.778698501382558],
              [-78.73047758098261, -3.77852736204199],
              [-78.73048921496505, -3.778506637098245],
              [-78.73054795987261, -3.7784019887628912],
              [-78.73057534962466, -3.778353196677706],
              [-78.73068288355805, -3.7782443154862313],
              [-78.73073989273325, -3.7781731506422274],
              [-78.73076259362769, -3.7781244673752075],
              [-78.73077687840288, -3.7780938326696134],
              [-78.7307852936184, -3.778075784103666],
              [-78.73075431413524, -3.7780435635089002],
              [-78.7307398971794, -3.7780108014785285],
              [-78.73072523117564, -3.7779734510772274],
              [-78.73071487844294, -3.777926066920882],
              [-78.73071406594227, -3.7778720101710253],
              [-78.73071467627828, -3.777820348190264],
              [-78.730719574113, -3.777768220150912],
              [-78.7307342391643, -3.777695835041356],
              [-78.73075036832535, -3.777646319138154],
              [-78.73077162155543, -3.77760408831819],
              [-78.73078978850548, -3.7775765825323977],
              [-78.73081161713564, -3.7775504875233095],
              [-78.73068048478925, -3.777649721057369],
              [-78.73059452333095, -3.777707159823621],
              [-78.73024984173475, -3.7779374757234487],
              [-78.73016314733067, -3.7779954042564547],
              [-78.72998528264723, -3.7781142525643086],
              [-78.72993349713019, -3.778148854959334],
              [-78.72990842606778, -3.778165607784985],
              [-78.72915955364861, -3.778666001109639],
              [-78.72913587084636, -3.7786818255328622],
              [-78.72671647049664, -3.7802984444720535],
              [-78.72676349954462, -3.780678188754057],
              [-78.72676778556259, -3.7808651298055027]
            ]
          ]
        ]
      }
    },
    {
      "type": "Feature",
      "properties": {
        "code": "126",
        "areaM2": 3.06,
        "side": "right",
        "sideSource": "declared",
        "surveyState": "INCOMPLETO",
        "affectedFlag": "SI",
        "landUse": "INFRAESTRUCTURA"
      },
      "geometry": {
        "type": "MultiPolygon",
        "coordinates": [
          [
            [
              [-78.73087005141174, -3.7769367696596157],
              [-78.7308372790735, -3.776958667715955],
              [-78.73078868308409, -3.776991139761945],
              [-78.72969206831226, -3.777723895330458],
              [-78.72953553000391, -3.7778284930636827],
              [-78.72911115297771, -3.7781120598038185],
              [-78.72903771841358, -3.778161127782082],
              [-78.72664941220138, -3.7797569732130136],
              [-78.72669714730641, -3.7801424189258404],
              [-78.72671647049664, -3.7802984444720535],
              [-78.72913587084636, -3.7786818255328622],
              [-78.72915955364861, -3.778666001109639],
              [-78.72990842606778, -3.778165607784985],
              [-78.72993349713019, -3.778148854959334],
              [-78.72998528264723, -3.7781142525643086],
              [-78.73016314733067, -3.7779954042564547],
              [-78.73024984173475, -3.7779374757234487],
              [-78.73059452333095, -3.777707159823621],
              [-78.73068048478925, -3.777649721057369],
              [-78.73081161713564, -3.7775504875233095],
              [-78.73091939308742, -3.777336981558325],
              [-78.73095205777194, -3.7772283839248733],
              [-78.73097189928055, -3.7771247489825592],
              [-78.73097011167232, -3.7770244590188136],
              [-78.73095226531949, -3.77688183405848],
              [-78.73089477174844, -3.776920250889496],
              [-78.73087005141174, -3.7769367696596157]
            ]
          ]
        ]
      }
    },
    {
      "type": "Feature",
      "properties": {
        "code": "127",
        "areaM2": 3.08,
        "side": "right",
        "sideSource": "declared",
        "surveyState": "COMPLETO",
        "affectedFlag": "SI",
        "landUse": "INFRAESTRUCTURA"
      },
      "geometry": {
        "type": "MultiPolygon",
        "coordinates": [
          [
            [
              [-78.72663075884095, -3.779606348919096],
              [-78.72664941220138, -3.7797569732130136],
              [-78.72903771841358, -3.778161127782082],
              [-78.72911115297771, -3.7781120598038185],
              [-78.72953553000391, -3.7778284930636827],
              [-78.72969206831226, -3.777723895330458],
              [-78.73078868308409, -3.776991139761945],
              [-78.7308372790735, -3.776958667715955],
              [-78.73087005141174, -3.7769367696596157],
              [-78.73089477174844, -3.776920250889496],
              [-78.73095226531949, -3.77688183405848],
              [-78.73095098209234, -3.7768741956449765],
              [-78.73095029102303, -3.776872092974221],
              [-78.73093524082724, -3.776799725753641],
              [-78.73092097084242, -3.776720089836364],
              [-78.73090098346869, -3.776641586086464],
              [-78.73088520533166, -3.7765795748096376],
              [-78.73080570189913, -3.7763934837680013],
              [-78.7307471969138, -3.776432576845307],
              [-78.73070697929649, -3.776459450801316],
              [-78.73065846357815, -3.776491868825533],
              [-78.73036491177952, -3.7766880201932618],
              [-78.72972526160554, -3.7771154335577113],
              [-78.72949864700037, -3.777266856434673],
              [-78.72799000293942, -3.778274924647902],
              [-78.72782164606414, -3.7783874187696305],
              [-78.72658235469302, -3.7792155010913544],
              [-78.72663075884095, -3.779606348919096]
            ]
          ]
        ]
      }
    },
    {
      "type": "Feature",
      "properties": {
        "code": "128",
        "areaM2": 3.06,
        "side": "right",
        "sideSource": "declared",
        "surveyState": "COMPLETO",
        "affectedFlag": "SI",
        "landUse": "VACÍO"
      },
      "geometry": {
        "type": "MultiPolygon",
        "coordinates": [
          [
            [
              [-78.7265356593813, -3.77908861667873],
              [-78.72658235469302, -3.7792155010913544],
              [-78.72782164606414, -3.7783874187696305],
              [-78.72799000293942, -3.778274924647902],
              [-78.72949864700037, -3.777266856434673],
              [-78.72972526160554, -3.7771154335577113],
              [-78.73036491177952, -3.7766880201932618],
              [-78.73065846357815, -3.776491868825533],
              [-78.73070697929649, -3.776459450801316],
              [-78.7307471969138, -3.776432576845307],
              [-78.73080570189913, -3.7763934837680013],
              [-78.73069460569978, -3.7761334481023163],
              [-78.73068484074315, -3.7761105914854176],
              [-78.73067238487758, -3.776087454811002],
              [-78.7306469727002, -3.7760443359584186],
              [-78.73061905572746, -3.775997192331794],
              [-78.73060224819321, -3.775970475321793],
              [-78.73058690016109, -3.7759479747029214],
              [-78.7305098157769, -3.7759994831955987],
              [-78.73045824138198, -3.776033945243727],
              [-78.72993646097318, -3.7763825985293082],
              [-78.72900399111549, -3.7770056733003043],
              [-78.7264075752327, -3.778740579019028],
              [-78.7265356593813, -3.77908861667873]
            ]
          ]
        ]
      }
    },
    {
      "type": "Feature",
      "properties": {
        "code": "129",
        "areaM2": 1.14,
        "side": "right",
        "sideSource": "declared",
        "surveyState": "COMPLETO",
        "affectedFlag": "SI",
        "landUse": "VACÍO"
      },
      "geometry": {
        "type": "MultiPolygon",
        "coordinates": [
          [
            [
              [-78.72900399111549, -3.7770056733003043],
              [-78.72993646097318, -3.7763825985293082],
              [-78.73045824138198, -3.776033945243727],
              [-78.7305098157769, -3.7759994831955987],
              [-78.73058690016109, -3.7759479747029214],
              [-78.7305785541322, -3.7759369856910623],
              [-78.73052628160282, -3.7758581107589517],
              [-78.73048646632654, -3.775786251762185],
              [-78.73042862935893, -3.7756863627049175],
              [-78.73041278672508, -3.775643986710015],
              [-78.73038373137138, -3.7755549350383],
              [-78.7303682893565, -3.7754969112339074],
              [-78.73030345158415, -3.7755402355232937],
              [-78.73025194033025, -3.7755746552491583],
              [-78.730127336466, -3.775657916299384],
              [-78.72985463981148, -3.7758401322314716],
              [-78.72891968628957, -3.7764648667580993],
              [-78.72880675186806, -3.7765403286892716],
              [-78.72900399111549, -3.7770056733003043]
            ]
          ]
        ]
      }
    },
    {
      "type": "Feature",
      "properties": {
        "code": "130",
        "areaM2": 3.05,
        "side": "right",
        "sideSource": "declared",
        "surveyState": "COMPLETO",
        "affectedFlag": "SI",
        "landUse": "VACÍO"
      },
      "geometry": {
        "type": "MultiPolygon",
        "coordinates": [
          [
            [
              [-78.72605481029848, -3.777782020433025],
              [-78.72616286729043, -3.7780756399273296],
              [-78.72618613093198, -3.77813885408756],
              [-78.72623119273807, -3.7782612992357474],
              [-78.72880675186806, -3.7765403286892716],
              [-78.72891968628957, -3.7764648667580993],
              [-78.72985463981148, -3.7758401322314716],
              [-78.730127336466, -3.775657916299384],
              [-78.73025194033025, -3.7755746552491583],
              [-78.73030345158415, -3.7755402355232937],
              [-78.7303682893565, -3.7754969112339074],
              [-78.73034966526134, -3.7754333430923945],
              [-78.73031418641321, -3.775305815506316],
              [-78.73028849758703, -3.7752223222243892],
              [-78.73026770516893, -3.7751606549051435],
              [-78.73023785133742, -3.775067200560936],
              [-78.73020988461933, -3.775005615684011],
              [-78.73016857901032, -3.77503321721194],
              [-78.73010292003971, -3.775077090778613],
              [-78.72945111870968, -3.7755126239441497],
              [-78.72605481029848, -3.777782020433025]
            ]
          ]
        ]
      }
    },
    {
      "type": "Feature",
      "properties": {
        "code": "131",
        "areaM2": 3.04,
        "side": "right",
        "sideSource": "declared",
        "surveyState": "COMPLETO",
        "affectedFlag": "SI",
        "landUse": "VACÍO"
      },
      "geometry": {
        "type": "MultiPolygon",
        "coordinates": [
          [
            [
              [-78.72602811657484, -3.777650595519951],
              [-78.72605481029848, -3.777782020433025],
              [-78.72945111870968, -3.7755126239441497],
              [-78.73010292003971, -3.775077090778613],
              [-78.73016857901032, -3.77503321721194],
              [-78.73020988461933, -3.775005615684011],
              [-78.73020678692934, -3.775000149310717],
              [-78.73019657160737, -3.7749729514973405],
              [-78.73016699395762, -3.774920063241479],
              [-78.73014006284272, -3.7748748359530993],
              [-78.7301032283796, -3.774829199415709],
              [-78.7300652571, -3.7747808813957895],
              [-78.73004552107925, -3.7747525105679207],
              [-78.73002694294352, -3.7747180200955492],
              [-78.72999618663904, -3.7746789054632908],
              [-78.72995859593563, -3.774630970828702],
              [-78.72992778046131, -3.774588307907581],
              [-78.72944428955591, -3.77491105047112],
              [-78.72937366900072, -3.7749581906059873],
              [-78.72935604699123, -3.774969953125392],
              [-78.72924411007394, -3.775044672989228],
              [-78.72923147230935, -3.7750531092623385],
              [-78.729088456156, -3.7751485744447675],
              [-78.7290875790222, -3.775149159733082],
              [-78.72905574075898, -3.7751704120302647],
              [-78.72903905266955, -3.775181551431388],
              [-78.72903227177791, -3.7751860788715943],
              [-78.72898575480919, -3.7752171289004632],
              [-78.72894676154127, -3.775243157147793],
              [-78.72889264784055, -3.77527927937609],
              [-78.7288569548648, -3.7753031051313517],
              [-78.72874674240573, -3.775376673208555],
              [-78.72873304810639, -3.7753858145152703],
              [-78.72863595749493, -3.7754506239511243],
              [-78.72857579578502, -3.7754907819263557],
              [-78.72846749531756, -3.775563074012341],
              [-78.72846325298181, -3.775565904098187],
              [-78.72838826109003, -3.7756159642332663],
              [-78.72837277555891, -3.7756262995102943],
              [-78.72835996650144, -3.775634850116706],
              [-78.7283599349484, -3.7756348717294856],
              [-78.72835949953551, -3.775635162573281],
              [-78.72835919123006, -3.7756353687762667],
              [-78.72835812929318, -3.7756360774239215],
              [-78.728357807468, -3.7756362917272748],
              [-78.72835658146184, -3.775637110230265],
              [-78.72835651565366, -3.7756371543527147],
              [-78.72835556014054, -3.7756377728813786],
              [-78.72831474130673, -3.7756650392627606],
              [-78.72818662885891, -3.7757506446765827],
              [-78.7281770605864, -3.7757570378411573],
              [-78.72778504976075, -3.7760189782887155],
              [-78.72594627077234, -3.7772476388530305],
              [-78.72600844568879, -3.7775537473535503],
              [-78.72601666803136, -3.7775942284366346],
              [-78.72602811657484, -3.777650595519951]
            ]
          ]
        ]
      }
    },
    {
      "type": "Feature",
      "properties": {
        "code": "132",
        "areaM2": 0.94,
        "side": "right",
        "sideSource": "declared",
        "surveyState": "COMPLETO",
        "affectedFlag": "SI",
        "landUse": "VACÍO"
      },
      "geometry": {
        "type": "MultiPolygon",
        "coordinates": [
          [
            [
              [-78.72888269410622, -3.773550353663025],
              [-78.72944428955591, -3.77491105047112],
              [-78.72992778046131, -3.774588307907581],
              [-78.72988883747452, -3.7745368035150504],
              [-78.72985990114083, -3.774494093090489],
              [-78.72984132689663, -3.774458454573001],
              [-78.72982736393199, -3.774407520089973],
              [-78.72982116101649, -3.774384595082946],
              [-78.72981828408828, -3.774379367037325],
              [-78.72979370446473, -3.774162318576016],
              [-78.72977946984133, -3.7740309686421782],
              [-78.72977049332715, -3.7739481402387143],
              [-78.72975160069078, -3.7738777915496793],
              [-78.72972387531986, -3.7738137277056225],
              [-78.72967292260027, -3.773728800517124],
              [-78.72961666383178, -3.7736664662364996],
              [-78.72955964171153, -3.7736343627706512],
              [-78.7295253951864, -3.773618964950731],
              [-78.72948200077514, -3.7736050744983953],
              [-78.72945991540797, -3.7736011900451594],
              [-78.72944070624935, -3.773600384865707],
              [-78.72923463160491, -3.773591754001534],
              [-78.72913225205806, -3.7735874655879287],
              [-78.72894951708086, -3.7735661759058425],
              [-78.72888860378262, -3.773550708151429],
              [-78.72888269410622, -3.773550353663025]
            ]
          ]
        ]
      }
    },
    {
      "type": "Feature",
      "properties": {
        "code": "132a",
        "areaM2": 1.05,
        "side": "right",
        "sideSource": "declared",
        "surveyState": "COMPLETO",
        "affectedFlag": "SI",
        "landUse": "VACÍO"
      },
      "geometry": {
        "type": "MultiPolygon",
        "coordinates": [
          [
            [
              [-78.72842081213174, -3.773968823615451],
              [-78.72894676154127, -3.775243157147793],
              [-78.72898575480919, -3.7752171289004632],
              [-78.72903227177791, -3.7751860788715943],
              [-78.72903905266955, -3.775181551431388],
              [-78.72905574075898, -3.7751704120302647],
              [-78.7290875790222, -3.775149159733082],
              [-78.729088456156, -3.7751485744447675],
              [-78.72923147230935, -3.7750531092623385],
              [-78.72924411007394, -3.775044672989228],
              [-78.72935604699123, -3.774969953125392],
              [-78.72937366900072, -3.7749581906059873],
              [-78.72944428955591, -3.77491105047112],
              [-78.72888269410622, -3.773550353663025],
              [-78.72883592956269, -3.7735475489305834],
              [-78.72875900169741, -3.7735794530721942],
              [-78.72859775356703, -3.773765015628744],
              [-78.72842081213174, -3.773968823615451]
            ]
          ]
        ]
      }
    },
    {
      "type": "Feature",
      "properties": {
        "code": "132b",
        "areaM2": 1.11,
        "side": "right",
        "sideSource": "declared",
        "surveyState": "COMPLETO",
        "affectedFlag": "SI",
        "landUse": "VACÍO"
      },
      "geometry": {
        "type": "MultiPolygon",
        "coordinates": [
          [
            [
              [-78.7278842036496, -3.7745009634908633],
              [-78.72789647503711, -3.774525446597397],
              [-78.72792136985443, -3.774585765942953],
              [-78.72802342718408, -3.774833043242246],
              [-78.72803779102972, -3.77486784537545],
              [-78.72805452202117, -3.774908383159621],
              [-78.72807045889901, -3.7749469960904505],
              [-78.72820220351873, -3.775266203449603],
              [-78.72822236048418, -3.775315042459071],
              [-78.72830888431986, -3.775524681530433],
              [-78.72831999390371, -3.7755515996382925],
              [-78.72833183232328, -3.7755802833285665],
              [-78.72835274406972, -3.7756309485605364],
              [-78.72835556014054, -3.7756377728813786],
              [-78.72835651565366, -3.7756371543527147],
              [-78.72835658146184, -3.775637110230265],
              [-78.728357807468, -3.7756362917272748],
              [-78.72835812929318, -3.7756360774239215],
              [-78.72835919123006, -3.7756353687762667],
              [-78.72835949953551, -3.775635162573281],
              [-78.7283599349484, -3.7756348717294856],
              [-78.72835996650144, -3.775634850116706],
              [-78.72837277555891, -3.7756262995102943],
              [-78.72838826109003, -3.7756159642332663],
              [-78.72846325298181, -3.775565904098187],
              [-78.72846749531756, -3.775563074012341],
              [-78.72857579578502, -3.7754907819263557],
              [-78.72863595749493, -3.7754506239511243],
              [-78.72873304810639, -3.7753858145152703],
              [-78.72874674240573, -3.775376673208555],
              [-78.7288569548648, -3.7753031051313517],
              [-78.72889264784055, -3.77527927937609],
              [-78.72894676154127, -3.775243157147793],
              [-78.72842081213174, -3.773968823615451],
              [-78.72826611094537, -3.774147014041824],
              [-78.72813010748716, -3.77428386010288],
              [-78.72798957511608, -3.7744139875903944],
              [-78.7278842036496, -3.7745009634908633]
            ]
          ]
        ]
      }
    },
    {
      "type": "Feature",
      "properties": {
        "code": "133",
        "areaM2": 2.33,
        "side": "left",
        "sideSource": "declared",
        "surveyState": "COMPLETO",
        "affectedFlag": "SI",
        "landUse": "VACÍO"
      },
      "geometry": {
        "type": "MultiPolygon",
        "coordinates": [
          [
            [
              [-78.72961992153748, -3.7735919675720515],
              [-78.72965015109905, -3.773613860827336],
              [-78.72969005932984, -3.7736495552524705],
              [-78.72975272967037, -3.7737220472209665],
              [-78.72978912578313, -3.7737898780894144],
              [-78.72983215848602, -3.7739426827125033],
              [-78.72986712245563, -3.774121872451409],
              [-78.72988597280639, -3.7743446452934206],
              [-78.72989723755103, -3.774407818063295],
              [-78.72999171167407, -3.7745561662252314],
              [-78.73007827902936, -3.7746689029341947],
              [-78.73013295824059, -3.7747379298119634],
              [-78.73017737839496, -3.7747965972668753],
              [-78.7302456021687, -3.7749310990261553],
              [-78.73030007561721, -3.7750793423627345],
              [-78.7303443198286, -3.7752057448615006],
              [-78.73040096571228, -3.77539761925613],
              [-78.73043947166923, -3.775533192103251],
              [-78.7304860434048, -3.7756435278903395],
              [-78.73054517281109, -3.775759636899496],
              [-78.73058727743039, -3.7758297789042414],
              [-78.73062487913155, -3.7758735046423553],
              [-78.7306749600606, -3.7759528520364993],
              [-78.73074094886164, -3.7760678309824534],
              [-78.7307954889822, -3.776190433952285],
              [-78.73087280122446, -3.7763460079712794],
              [-78.73091823808407, -3.776453279023361],
              [-78.73094089776025, -3.7765298760431008],
              [-78.73095961111416, -3.7766585077914088],
              [-78.7309852025362, -3.776779504446019],
              [-78.73101082975302, -3.7768867235766157],
              [-78.73102812295967, -3.776975552807234],
              [-78.73103407882394, -3.7770291448466025],
              [-78.73103696771616, -3.7770903819741983],
              [-78.73102532610103, -3.777172246983418],
              [-78.73099993210646, -3.7772686174189634],
              [-78.73095849399061, -3.7773817842900614],
              [-78.73089035617568, -3.7775071265037607],
              [-78.73083981673001, -3.7776041966510485],
              [-78.7308015180455, -3.777682165167512],
              [-78.73078921162366, -3.777726523926605],
              [-78.73078376846121, -3.777768605469672],
              [-78.73077602650785, -3.7778160379918884],
              [-78.73078044486044, -3.777874983906347],
              [-78.73078626827979, -3.7779120010487914],
              [-78.73078635030073, -3.7779244156748635],
              [-78.73081182402454, -3.7779168528619085],
              [-78.73090810160696, -3.777811483878867],
              [-78.7310463150982, -3.7776943618582215],
              [-78.7312706870842, -3.7775537379244915],
              [-78.73150993528971, -3.777406265430944],
              [-78.73157061843656, -3.777363946287163],
              [-78.73187150056928, -3.777167354474285],
              [-78.73169153669265, -3.777011807849792],
              [-78.7315478555915, -3.7768874407367967],
              [-78.73134266555087, -3.7764703089540945],
              [-78.73128806270044, -3.776275507288599],
              [-78.73076821904017, -3.77553602363965],
              [-78.73029522005318, -3.7741656073641128],
              [-78.73004133689027, -3.773570593598771],
              [-78.72967381369955, -3.7731671056054683],
              [-78.7296723537482, -3.7731790018153193],
              [-78.72965740765504, -3.773300777103751],
              [-78.72965141523287, -3.773349603614669],
              [-78.72962317603502, -3.7735796774103516],
              [-78.72961992153748, -3.7735919675720515]
            ]
          ]
        ]
      }
    },
    {
      "type": "Feature",
      "properties": {
        "code": "134",
        "areaM2": 10220.2,
        "side": "right",
        "sideSource": "declared",
        "surveyState": "COMPLETO",
        "affectedFlag": "NO",
        "landUse": "INFRAESTRUCTURA"
      },
      "geometry": {
        "type": "MultiPolygon",
        "coordinates": [
          [
            [
              [-78.72852836954327, -3.7728601993255846],
              [-78.72853785064557, -3.7728724451244844],
              [-78.72853922045604, -3.7728710014398392],
              [-78.72857572482226, -3.7729213667181023],
              [-78.72861691932064, -3.7729745755677913],
              [-78.7287512745807, -3.7731481164430667],
              [-78.7287555752042, -3.773153671844563],
              [-78.72877276514701, -3.7731758753380444],
              [-78.72885309849781, -3.773279638085085],
              [-78.72903061616853, -3.7735089313823456],
              [-78.72904169460695, -3.773523606757993],
              [-78.72905603492086, -3.7735290429404347],
              [-78.7290772171191, -3.77353244682701],
              [-78.72910483645147, -3.773532699129141],
              [-78.72921531227117, -3.7735339451685386],
              [-78.7293124629444, -3.7735318079097095],
              [-78.72941295024677, -3.773528722971941],
              [-78.7294967335256, -3.7735394667630153],
              [-78.7295709583521, -3.7735635789084876],
              [-78.72961992153748, -3.7735919675720515],
              [-78.72962317603502, -3.7735796774103516],
              [-78.72965141523287, -3.773349603614669],
              [-78.72965740765504, -3.773300777103751],
              [-78.7296723537482, -3.7731790018153193],
              [-78.72967381369955, -3.7731671056054683],
              [-78.72966163513225, -3.7731505154263245],
              [-78.72965579289959, -3.7731425568140304],
              [-78.72961592851232, -3.77308825402134],
              [-78.72955945568775, -3.773011328009364],
              [-78.72948102003332, -3.772904482258712],
              [-78.72931942566457, -3.7726843583038323],
              [-78.72930630015327, -3.772666479277945],
              [-78.7291685625846, -3.7724788527777497],
              [-78.72912058638791, -3.772413499242147],
              [-78.7290853321679, -3.7723654758606386],
              [-78.72907193944012, -3.772347231831395],
              [-78.72905637482091, -3.7723260297017287],
              [-78.72901931906625, -3.7722755527104277],
              [-78.72900971290753, -3.772286505501738],
              [-78.72899274440422, -3.7723058523651014],
              [-78.72896521661545, -3.772337238819018],
              [-78.72889617284429, -3.7724159601838743],
              [-78.72866422588945, -3.7726804197920045],
              [-78.72853122065135, -3.7728320676309672],
              [-78.72851703545324, -3.7728455594424695],
              [-78.72852836954327, -3.7728601993255846]
            ]
          ]
        ]
      }
    },
    {
      "type": "Feature",
      "properties": {
        "code": "135",
        "areaM2": 2447.07,
        "side": "left",
        "sideSource": "declared",
        "surveyState": "COMPLETO",
        "affectedFlag": "NO",
        "landUse": "VACÍO"
      },
      "geometry": {
        "type": "MultiPolygon",
        "coordinates": [
          [
            [
              [-78.72885309849781, -3.773279638085085],
              [-78.72786125655063, -3.7742287052209282],
              [-78.72787538746158, -3.7742689893879615],
              [-78.72790585007313, -3.7743140568860514],
              [-78.72796199417661, -3.7743377032016703],
              [-78.72799410003559, -3.7743318871407157],
              [-78.72802614981372, -3.7743130282753796],
              [-78.72806910019382, -3.774277550267268],
              [-78.72819056290494, -3.7741556007708073],
              [-78.72827885830789, -3.7740427487011137],
              [-78.72853164511532, -3.773742619658078],
              [-78.72862909386821, -3.7736257733008993],
              [-78.72870875940653, -3.7735352856213193],
              [-78.72877971613697, -3.7734975857608557],
              [-78.72884660418933, -3.773486280559765],
              [-78.72889059685141, -3.773489840079585],
              [-78.72895115136394, -3.7734968871945225],
              [-78.72904169460695, -3.773523606757993],
              [-78.72903061616853, -3.7735089313823456],
              [-78.72885309849781, -3.773279638085085]
            ]
          ]
        ]
      }
    },
    {
      "type": "Feature",
      "properties": {
        "code": "136",
        "areaM2": 0.97,
        "side": "left",
        "sideSource": "declared",
        "surveyState": "COMPLETO",
        "affectedFlag": "SI",
        "landUse": "INFRAESTRUCTURA"
      },
      "geometry": {
        "type": "MultiPolygon",
        "coordinates": [
          [
            [
              [-78.72702225501212, -3.7748694804194134],
              [-78.72701961667585, -3.774918527151504],
              [-78.72705421634922, -3.7749053854936374],
              [-78.72736714623215, -3.7747707361623304],
              [-78.72756062222683, -3.774644383620985],
              [-78.72779742366852, -3.7744850417633753],
              [-78.72787489092318, -3.774434348115651],
              [-78.72788026493393, -3.7744212897296925],
              [-78.7278675716823, -3.774392233175516],
              [-78.72782965929682, -3.7743213365361052],
              [-78.72781953173892, -3.774246573243051],
              [-78.72782190232424, -3.7740980018657257],
              [-78.72784500339573, -3.7738254250760472],
              [-78.7278481487554, -3.7737883167246635],
              [-78.72785726830456, -3.7736807053016608],
              [-78.72787346211071, -3.7734896278731638],
              [-78.72785365583611, -3.773500093751905],
              [-78.72780832281596, -3.7735240478813186],
              [-78.72776983219065, -3.77354438685206],
              [-78.72723596560368, -3.7738264821433534],
              [-78.72718486162839, -3.7738534846701524],
              [-78.72707375485071, -3.773912194179969],
              [-78.72702225501212, -3.7748694804194134]
            ]
          ]
        ]
      }
    },
    {
      "type": "Feature",
      "properties": {
        "code": "137",
        "areaM2": 1.02,
        "side": "right",
        "sideSource": "declared",
        "surveyState": "COMPLETO",
        "affectedFlag": "SI",
        "landUse": "INFRAESTRUCTURA"
      },
      "geometry": {
        "type": "MultiPolygon",
        "coordinates": [
          [
            [
              [-78.72731245409602, -3.7748739123130943],
              [-78.72741179886503, -3.7751146177633124],
              [-78.72742114312335, -3.7751372581073825],
              [-78.7275377634882, -3.77541981989635],
              [-78.72759051666475, -3.7755476376757704],
              [-78.72760386995563, -3.775579990984659],
              [-78.72775583742144, -3.775948197556362],
              [-78.727783068946, -3.7760141783683827],
              [-78.72778504976075, -3.7760189782887155],
              [-78.7281770605864, -3.7757570378411573],
              [-78.72818662885891, -3.7757506446765827],
              [-78.72831474130673, -3.7756650392627606],
              [-78.72835556014054, -3.7756377728813786],
              [-78.72835274406972, -3.7756309485605364],
              [-78.72833183232328, -3.7755802833285665],
              [-78.72831999390371, -3.7755515996382925],
              [-78.72830888431986, -3.775524681530433],
              [-78.72822236048418, -3.775315042459071],
              [-78.72820220351873, -3.775266203449603],
              [-78.72807045889901, -3.7749469960904505],
              [-78.72805452202117, -3.774908383159621],
              [-78.72803779102972, -3.77486784537545],
              [-78.72802342718408, -3.774833043242246],
              [-78.72792136985443, -3.774585765942953],
              [-78.72789647503711, -3.774525446597397],
              [-78.7278842036496, -3.7745009634908633],
              [-78.72776278248507, -3.7745844051692847],
              [-78.72756827894634, -3.7747158978384894],
              [-78.72744525147534, -3.7748038081224755],
              [-78.72731245409602, -3.7748739123130943]
            ]
          ]
        ]
      }
    },
    {
      "type": "Feature",
      "properties": {
        "code": "138",
        "areaM2": 4.22,
        "side": "left",
        "sideSource": "declared",
        "surveyState": "COMPLETO",
        "affectedFlag": "SI",
        "landUse": "VACÍO"
      },
      "geometry": {
        "type": "MultiPolygon",
        "coordinates": [
          [
            [
              [-78.72592045399446, -3.7771205345760883],
              [-78.72594627077234, -3.7772476388530305],
              [-78.72778504976075, -3.7760189782887155],
              [-78.727783068946, -3.7760141783683827],
              [-78.72775583742144, -3.775948197556362],
              [-78.72760386995563, -3.775579990984659],
              [-78.72759051666475, -3.7755476376757704],
              [-78.7275377634882, -3.77541981989635],
              [-78.72742114312335, -3.7751372581073825],
              [-78.72741179886503, -3.7751146177633124],
              [-78.72731245409602, -3.7748739123130943],
              [-78.72720326892038, -3.7749172193444607],
              [-78.72693157975287, -3.7750249803320686],
              [-78.72636627070513, -3.7752836772387033],
              [-78.72618340860096, -3.775372465144051],
              [-78.72589156916385, -3.7769783239520724],
              [-78.72592045399446, -3.7771205345760883]
            ]
          ],
          [
            [
              [-78.72617935169237, -3.7751920225792532],
              [-78.72620212503605, -3.7752565805331275],
              [-78.72624131455407, -3.7752474718853315],
              [-78.72630634133255, -3.775226955950024],
              [-78.72631758920066, -3.7752221482846524],
              [-78.7264438058427, -3.7751682074077086],
              [-78.72654341269451, -3.7751213335653655],
              [-78.72674650109865, -3.7750346145113296],
              [-78.7269312891299, -3.774953013598161],
              [-78.72701961667585, -3.774918527151504],
              [-78.72702225501212, -3.7748694804194134],
              [-78.72707375485071, -3.773912194179969],
              [-78.72700789220954, -3.7738839020826256],
              [-78.72697342466236, -3.7738690975187117],
              [-78.7266402678546, -3.773725990694196],
              [-78.72660667495954, -3.7737115617630987],
              [-78.72641389915243, -3.7736376976862958],
              [-78.72633645914568, -3.7742296789336667],
              [-78.72629198428758, -3.774425992755833],
              [-78.72628894203534, -3.774435547984887],
              [-78.72620478903977, -3.7749328194697798],
              [-78.72617935169237, -3.7751920225792532]
            ]
          ]
        ]
      }
    },
    {
      "type": "Feature",
      "properties": {
        "code": "140",
        "areaM2": 40.01,
        "side": "right",
        "sideSource": "declared",
        "surveyState": "COMPLETO",
        "affectedFlag": "SI",
        "landUse": "INFRAESTRUCTURA"
      },
      "geometry": {
        "type": "MultiPolygon",
        "coordinates": [
          [
            [
              [-78.72643201569026, -3.780832023538107],
              [-78.72676932735872, -3.780932378319682],
              [-78.72676778556259, -3.7808651298055027],
              [-78.72676349954462, -3.780678188754057],
              [-78.72671647049664, -3.7802984444720535],
              [-78.72669714730641, -3.7801424189258404],
              [-78.72664941220138, -3.7797569732130136],
              [-78.72663075884095, -3.779606348919096],
              [-78.72658235469302, -3.7792155010913544],
              [-78.7265356593813, -3.77908861667873],
              [-78.7264075752327, -3.778740579019028],
              [-78.72623119273807, -3.7782612992357474],
              [-78.72618613093198, -3.77813885408756],
              [-78.72616286729043, -3.7780756399273296],
              [-78.72605481029848, -3.777782020433025],
              [-78.72602811657484, -3.777650595519951],
              [-78.72601666803136, -3.7775942284366346],
              [-78.72600844568879, -3.7775537473535503],
              [-78.72594627077234, -3.7772476388530305],
              [-78.72592045399446, -3.7771205345760883],
              [-78.72589156916385, -3.7769783239520724],
              [-78.72618340860096, -3.775372465144051],
              [-78.7261037722867, -3.7753713574319905],
              [-78.72587882086265, -3.7753504360554735],
              [-78.72560984910383, -3.775318636193761],
              [-78.72542179431109, -3.7753013995370055],
              [-78.72521823190203, -3.7752960817610703],
              [-78.72505987733565, -3.7753028405790716],
              [-78.72487646254952, -3.7753322559614406],
              [-78.7247442208757, -3.775368981575762],
              [-78.72466316697947, -3.7754070367534878],
              [-78.72458440790322, -3.775478583180419],
              [-78.72451393829203, -3.77556689399425],
              [-78.72444584267346, -3.775657602964715],
              [-78.72437187608817, -3.7757172031944193],
              [-78.72423233295926, -3.7758149001049044],
              [-78.72415173242378, -3.775876844053682],
              [-78.72409922632052, -3.775924541909005],
              [-78.72403333152931, -3.7759932519155184],
              [-78.72393583066105, -3.776129805645201],
              [-78.72385169760356, -3.7762530011360287],
              [-78.72373894526271, -3.7763942976563523],
              [-78.72361483733931, -3.776507820240021],
              [-78.72349268594779, -3.776601256990916],
              [-78.7233525066451, -3.7766688150780774],
              [-78.7230597637632, -3.7768048549722515],
              [-78.72284232469094, -3.7769162180713876],
              [-78.72275553719864, -3.7769619118345092],
              [-78.722701179867, -3.776988556402939],
              [-78.72263436274096, -3.777045784131977],
              [-78.7224699661276, -3.7772692218209083],
              [-78.72237432253563, -3.7774239572280117],
              [-78.72231884835678, -3.7775137426183827],
              [-78.72219177061879, -3.777670308947185],
              [-78.72204661416772, -3.77782013095925],
              [-78.72192440006415, -3.7779374845676865],
              [-78.72178120014512, -3.778067220714431],
              [-78.72165326660158, -3.778186471997829],
              [-78.72157490569496, -3.778287677512883],
              [-78.72153374318084, -3.7783679327571327],
              [-78.72148196074554, -3.778502693404411],
              [-78.72142151021306, -3.778674741995371],
              [-78.72140037046657, -3.778746439565782],
              [-78.72131714226651, -3.7788878140069913],
              [-78.72122151977766, -3.779033938716638],
              [-78.72107163826855, -3.7792372154489264],
              [-78.72110051462093, -3.779245807006406],
              [-78.72170050421276, -3.779424316127073],
              [-78.72174881614585, -3.7794386900917236],
              [-78.7218184483875, -3.7794594073858256],
              [-78.72332134442186, -3.7799065471570206],
              [-78.72337147826512, -3.77992146282329],
              [-78.72492451131718, -3.7803835173662104],
              [-78.72561721040479, -3.780589605930479],
              [-78.7263507642432, -3.780807849839201],
              [-78.72643201569026, -3.780832023538107]
            ]
          ],
          [
            [
              [-78.7229769089472, -3.775081643860894],
              [-78.72246259919801, -3.775604598829936],
              [-78.72163238047766, -3.776488312946823],
              [-78.72103924268855, -3.777105374151126],
              [-78.72142721757149, -3.7772244679790075],
              [-78.72167534471484, -3.777300633302807],
              [-78.72175994836945, -3.7773266031589556],
              [-78.72225593949494, -3.7774788533970765],
              [-78.72225642235793, -3.777479002016643],
              [-78.72229131451242, -3.7774534687822205],
              [-78.72237954807862, -3.7773101944206178],
              [-78.72245701781863, -3.7771855471116536],
              [-78.72255091052078, -3.7770630962799476],
              [-78.72263114569928, -3.7769736155566007],
              [-78.72273918111327, -3.7769064512731374],
              [-78.723026041016, -3.7767436084490775],
              [-78.72330713500283, -3.776600840332187],
              [-78.72342725661441, -3.7765552341547037],
              [-78.72348874646283, -3.77653243481558],
              [-78.72359755526836, -3.7764423113076933],
              [-78.72367848238126, -3.7763614435149417],
              [-78.72380966226122, -3.7761838392136964],
              [-78.72392791413459, -3.7760334676053295],
              [-78.72401464342207, -3.7759188902239753],
              [-78.72409984171942, -3.7758437729353473],
              [-78.72428733189464, -3.7757122395775773],
              [-78.72438540573842, -3.7756299802872557],
              [-78.72444489026697, -3.7755540784817687],
              [-78.72451445014777, -3.7754495008774227],
              [-78.72459683699627, -3.775356437515468],
              [-78.72469845444769, -3.775284951151765],
              [-78.724777089197, -3.775261478942036],
              [-78.72486284030211, -3.7752480713552155],
              [-78.72510647924626, -3.775224315829217],
              [-78.72529150709276, -3.7752154737901495],
              [-78.72551933300248, -3.7752297052487935],
              [-78.72569000120866, -3.7752488099323145],
              [-78.72595710024713, -3.7752681669654606],
              [-78.72603026331723, -3.7752641601349652],
              [-78.72603211289135, -3.775264059226964],
              [-78.72614613594683, -3.77526226326498],
              [-78.72614926415739, -3.7752622136257954],
              [-78.72620212503605, -3.7752565805331275],
              [-78.72617935169237, -3.7751920225792532],
              [-78.72620478903977, -3.7749328194697798],
              [-78.72628894203534, -3.774435547984887],
              [-78.72629198428758, -3.774425992755833],
              [-78.72633645914568, -3.7742296789336667],
              [-78.72641389915243, -3.7736376976862958],
              [-78.72638163034975, -3.773439444027443],
              [-78.72641178741871, -3.77268608011661],
              [-78.72657296571644, -3.7723376738333902],
              [-78.72662898562564, -3.7722165797334193],
              [-78.72685820125324, -3.771570347926407],
              [-78.72688558717489, -3.771493136563927],
              [-78.72701206506125, -3.771136552821829],
              [-78.72703065924382, -3.7710841290633885],
              [-78.72723417965092, -3.770510335985317],
              [-78.72736707899153, -3.7701356476252372],
              [-78.72665159549037, -3.770547333374658],
              [-78.72631690849713, -3.7707399103064496],
              [-78.72595245665993, -3.770949613496979],
              [-78.72474922242485, -3.7716419430783876],
              [-78.72385743951858, -3.772155065003276],
              [-78.7240892479502, -3.772987335311938],
              [-78.7241422533813, -3.77336714609144],
              [-78.72399671592301, -3.7739633903334013],
              [-78.72366262291654, -3.774396422479694],
              [-78.7229769089472, -3.775081643860894]
            ]
          ]
        ]
      }
    },
    {
      "type": "Feature",
      "properties": {
        "code": "141",
        "areaM2": 0.5,
        "side": "left",
        "sideSource": "declared",
        "surveyState": "COMPLETO",
        "affectedFlag": "SI",
        "landUse": "VACÍO"
      },
      "geometry": {
        "type": "MultiPolygon",
        "coordinates": [
          [
            [
              [-78.72086057216761, -3.777388890012548],
              [-78.72126655030563, -3.7775167294691694],
              [-78.72142736124275, -3.777567368027256],
              [-78.72199400058814, -3.7777457993121812],
              [-78.72223293573268, -3.777503464226222],
              [-78.72225681227634, -3.7774792480212356],
              [-78.72225642235793, -3.777479002016643],
              [-78.72225593949494, -3.7774788533970765],
              [-78.72175994836945, -3.7773266031589556],
              [-78.72167534471484, -3.777300633302807],
              [-78.72142721757149, -3.7772244679790075],
              [-78.72103924268855, -3.777105374151126],
              [-78.72097366027708, -3.777173601821492],
              [-78.72086057216761, -3.777388890012548]
            ]
          ]
        ]
      }
    },
    {
      "type": "Feature",
      "properties": {
        "code": "142",
        "areaM2": 0.5,
        "side": "left",
        "sideSource": "declared",
        "surveyState": "COMPLETO",
        "affectedFlag": "SI",
        "landUse": "INFRAESTRUCTURA"
      },
      "geometry": {
        "type": "MultiPolygon",
        "coordinates": [
          [
            [
              [-78.72067754022812, -3.7777373324097767],
              [-78.72101188086059, -3.7778246433315847],
              [-78.72120446755223, -3.7778749362649524],
              [-78.72173139522047, -3.7780125408033816],
              [-78.72199415075151, -3.777745845810439],
              [-78.72199400058814, -3.7777457993121812],
              [-78.72142736124275, -3.777567368027256],
              [-78.72126655030563, -3.7775167294691694],
              [-78.72086057216761, -3.777388890012548],
              [-78.72067754022812, -3.7777373324097767]
            ]
          ]
        ]
      }
    },
    {
      "type": "Feature",
      "properties": {
        "code": "143",
        "areaM2": 0.72,
        "side": "left",
        "sideSource": "declared",
        "surveyState": "COMPLETO",
        "affectedFlag": "SI",
        "landUse": "INFRAESTRUCTURA"
      },
      "geometry": {
        "type": "MultiPolygon",
        "coordinates": [
          [
            [
              [-78.72042496159128, -3.7782773187164027],
              [-78.72092257598531, -3.7783936898817263],
              [-78.72100327908603, -3.778412563304144],
              [-78.72102347779519, -3.778417287369171],
              [-78.72142018977299, -3.778510061742454],
              [-78.72152400183754, -3.7782413338941554],
              [-78.72173139522047, -3.7780125408033816],
              [-78.72120446755223, -3.7778749362649524],
              [-78.72101188086059, -3.7778246433315847],
              [-78.72067754022812, -3.7777373324097767],
              [-78.72058335122546, -3.7779386983863747],
              [-78.72042496159128, -3.7782773187164027]
            ]
          ]
        ]
      }
    },
    {
      "type": "Feature",
      "properties": {
        "code": "144",
        "areaM2": 0.9,
        "side": "left",
        "sideSource": "declared",
        "surveyState": "COMPLETO",
        "affectedFlag": "SI",
        "landUse": "INFRAESTRUCTURA"
      },
      "geometry": {
        "type": "MultiPolygon",
        "coordinates": [
          [
            [
              [-78.72081195039874, -3.779181113707863],
              [-78.72088955613155, -3.7790641862039007],
              [-78.72107062705157, -3.7791647354599105],
              [-78.72142018977299, -3.778510061742454],
              [-78.72102347779519, -3.778417287369171],
              [-78.72100327908603, -3.778412563304144],
              [-78.72092257598531, -3.7783936898817263],
              [-78.72042496159128, -3.7782773187164027],
              [-78.7203298607569, -3.7785741521421388],
              [-78.72030089960279, -3.7786645476792797],
              [-78.72017683741367, -3.7790517756502653],
              [-78.72081195039874, -3.779181113707863]
            ]
          ]
        ]
      }
    },
    {
      "type": "Feature",
      "properties": {
        "code": "144a",
        "areaM2": 0.03,
        "side": "left",
        "sideSource": "declared",
        "surveyState": "COMPLETO",
        "affectedFlag": "SI",
        "landUse": "INFRAESTRUCTURA"
      },
      "geometry": {
        "type": "MultiPolygon",
        "coordinates": [
          [
            [
              [-78.72081195039874, -3.779181113707863],
              [-78.72103415748245, -3.7792263656814886],
              [-78.72103737024838, -3.779227020491089],
              [-78.72107062705157, -3.7791647354599105],
              [-78.72088955613155, -3.7790641862039007],
              [-78.72081195039874, -3.779181113707863]
            ]
          ]
        ]
      }
    },
    {
      "type": "Feature",
      "properties": {
        "code": "145",
        "areaM2": 72.02,
        "side": "right",
        "sideSource": "declared",
        "surveyState": "COMPLETO",
        "affectedFlag": "SI",
        "landUse": "INFRAESTRUCTURA"
      },
      "geometry": {
        "type": "MultiPolygon",
        "coordinates": [
          [
            [
              [-78.7202457560844, -3.785298230286418],
              [-78.72028991827601, -3.785661179824055],
              [-78.7223001740205, -3.7849744389795257],
              [-78.72415929427461, -3.7843122115154344],
              [-78.72426204781551, -3.7842756107257665],
              [-78.72622573491846, -3.783576130002879],
              [-78.72717623553987, -3.783237551683059],
              [-78.72705163655421, -3.7825229998829855],
              [-78.727095298053, -3.781895888951681],
              [-78.72711708242208, -3.781582989636786],
              [-78.72683259427912, -3.781050744762888],
              [-78.72676932735872, -3.780932378319682],
              [-78.72643201569026, -3.780832023538107],
              [-78.7263507642432, -3.780807849839201],
              [-78.72561721040479, -3.780589605930479],
              [-78.72492451131718, -3.7803835173662104],
              [-78.72337147826512, -3.77992146282329],
              [-78.72332134442186, -3.7799065471570206],
              [-78.7218184483875, -3.7794594073858256],
              [-78.72174881614585, -3.7794386900917236],
              [-78.72170050421276, -3.779424316127073],
              [-78.72110051462093, -3.779245807006406],
              [-78.72099578084811, -3.779368691679396],
              [-78.72099323079134, -3.77937168345396],
              [-78.72084720648562, -3.779523495043448],
              [-78.72081901482883, -3.779545965949725],
              [-78.72058804106227, -3.779730064214343],
              [-78.72028772437744, -3.7799418356123784],
              [-78.72014315212456, -3.7800437819705284],
              [-78.71998776190803, -3.780157140493322],
              [-78.7197616564723, -3.7803043562520573],
              [-78.71958704137407, -3.7804287466991173],
              [-78.7193924821552, -3.7805315580746166],
              [-78.7192235467038, -3.780668879388145],
              [-78.71914473797018, -3.78075907998793],
              [-78.71909019149926, -3.7808579558631994],
              [-78.719070577913, -3.7808892965084127],
              [-78.71899466068255, -3.781030036082377],
              [-78.71896077589773, -3.7810928534916357],
              [-78.71890623533534, -3.7812765096768386],
              [-78.71891176207917, -3.7813482773889695],
              [-78.71894869544937, -3.78142873835632],
              [-78.71905691610367, -3.7815639198263793],
              [-78.71906951119276, -3.7815818355263446],
              [-78.71919640172118, -3.7817623274738232],
              [-78.71936873720978, -3.7819636910425394],
              [-78.71958809976812, -3.782209666125667],
              [-78.71972763345887, -3.7823894176716877],
              [-78.7198458362104, -3.782531801294856],
              [-78.71989132626788, -3.782618025134723],
              [-78.7199238618033, -3.7827415273507823],
              [-78.71992502443166, -3.782748432283168],
              [-78.71999419978798, -3.7831593169041855],
              [-78.72002895504414, -3.7834801197993215],
              [-78.72004023316737, -3.7835842181168062],
              [-78.72011446976734, -3.7841498300294094],
              [-78.72013697456113, -3.78428478632059],
              [-78.72019978683481, -3.784848932617338],
              [-78.7202457560844, -3.785298230286418]
            ]
          ],
          [
            [
              [-78.71853123617112, -3.7810254937809056],
              [-78.71872513330425, -3.7813025254958186],
              [-78.71880540884843, -3.781288082984155],
              [-78.71885322452462, -3.7812134656877774],
              [-78.71892510001915, -3.7810432413339696],
              [-78.71901780913441, -3.7808730719249652],
              [-78.71911042439842, -3.780738779257271],
              [-78.71919998548798, -3.78063437481939],
              [-78.71921473121162, -3.780622057262926],
              [-78.71938193508518, -3.7804823792314703],
              [-78.71950475218217, -3.78040796057223],
              [-78.71966580992029, -3.780291573458644],
              [-78.71985300675613, -3.7801685052209537],
              [-78.72012343546827, -3.7799899153197356],
              [-78.72054997164726, -3.779679630403787],
              [-78.72080479494855, -3.7794765219754423],
              [-78.72092667121098, -3.7793498153068397],
              [-78.72094661154708, -3.7793290835968265],
              [-78.72097006123705, -3.7793015713564193],
              [-78.72103415748245, -3.7792263656814886],
              [-78.72081195039874, -3.779181113707863],
              [-78.72017683741367, -3.7790517756502653],
              [-78.72030089960279, -3.7786645476792797],
              [-78.7203298607569, -3.7785741521421388],
              [-78.72042496159128, -3.7782773187164027],
              [-78.72058335122546, -3.7779386983863747],
              [-78.72067754022812, -3.7777373324097767],
              [-78.72086057216761, -3.777388890012548],
              [-78.72097366027708, -3.777173601821492],
              [-78.72103924268855, -3.777105374151126],
              [-78.72163238047766, -3.776488312946823],
              [-78.72246259919801, -3.775604598829936],
              [-78.7229769089472, -3.775081643860894],
              [-78.72366262291654, -3.774396422479694],
              [-78.72399671592301, -3.7739633903334013],
              [-78.7241422533813, -3.77336714609144],
              [-78.7240892479502, -3.772987335311938],
              [-78.72385743951858, -3.772155065003276],
              [-78.7222320021529, -3.7723881695480896],
              [-78.72183016958283, -3.7724457966706093],
              [-78.72176799546867, -3.7724547127504113],
              [-78.7200676882592, -3.772698550178313],
              [-78.7198980511842, -3.7733634625964303],
              [-78.71955034658703, -3.774286165854973],
              [-78.71935205923668, -3.774887131782103],
              [-78.71907923802927, -3.7754962538698282],
              [-78.71872831650361, -3.77622620320583],
              [-78.71832842649846, -3.776985836061407],
              [-78.71820175240653, -3.777334632083048],
              [-78.71783969908415, -3.77833154093588],
              [-78.71823617852397, -3.7799305533337377],
              [-78.71853123617112, -3.7810254937809056]
            ]
          ]
        ]
      }
    },
    {
      "type": "Feature",
      "properties": {
        "code": "147",
        "areaM2": 783983.99,
        "side": "right",
        "sideSource": "declared",
        "surveyState": "COMPLETO",
        "affectedFlag": "NO",
        "landUse": "INFRAESTRUCTURA"
      },
      "geometry": {
        "type": "MultiPolygon",
        "coordinates": [
          [
            [
              [-78.71900519411284, -3.7816694202195893],
              [-78.71898976286418, -3.781680615923782],
              [-78.71870309502961, -3.781888594706817],
              [-78.71826024270247, -3.782209885672993],
              [-78.71800076835767, -3.7818393225775075],
              [-78.71749246390262, -3.7822434197069867],
              [-78.7174444320405, -3.782281604231064],
              [-78.71716210691217, -3.782506049593523],
              [-78.71632344436607, -3.78317277500541],
              [-78.71539196109251, -3.7836558613880618],
              [-78.71426221454064, -3.783905893324361],
              [-78.71329628362804, -3.784493608550234],
              [-78.71274698666602, -3.7846277499437524],
              [-78.7110081381742, -3.7848076292902877],
              [-78.7106680728731, -3.784842807196256],
              [-78.70986653853797, -3.7849093874523736],
              [-78.70945042125284, -3.785730896938443],
              [-78.70879304129973, -3.7860068342255273],
              [-78.70867555434228, -3.7860904289107933],
              [-78.70869233972289, -3.7865514981105344],
              [-78.7082566041047, -3.7879876530914163],
              [-78.70726537868192, -3.7893358876901715],
              [-78.70700868861017, -3.790280418645639],
              [-78.70673640049553, -3.7908441425514985],
              [-78.70664674883098, -3.7910297500953876],
              [-78.7065104998405, -3.7915084909579773],
              [-78.70650853859203, -3.7922522962753678],
              [-78.70797517303141, -3.792323880425687],
              [-78.71229586476946, -3.791921610268203],
              [-78.71361478327637, -3.791236290320144],
              [-78.7146113205843, -3.7909062620561946],
              [-78.71463140236075, -3.790865104032234],
              [-78.71468986524704, -3.79074528089569],
              [-78.71493457881644, -3.7905040567847714],
              [-78.71528762041561, -3.7898210925104863],
              [-78.71520114897558, -3.7893402376771133],
              [-78.7153968867941, -3.7888479591667985],
              [-78.71532557720874, -3.788496242845215],
              [-78.71537988526538, -3.78828157619621],
              [-78.71582364292834, -3.7880381934534895],
              [-78.7161632390673, -3.7874893546588795],
              [-78.71610094552013, -3.7872051013427277],
              [-78.71616858607922, -3.786933539240659],
              [-78.71602850620215, -3.7866285065771423],
              [-78.71604444568449, -3.786265650889748],
              [-78.71616318808609, -3.785947553533526],
              [-78.71618206300244, -3.785613132851638],
              [-78.71666846275042, -3.785442664008433],
              [-78.71651539750866, -3.785276793877831],
              [-78.71655251722036, -3.78504460846201],
              [-78.71688184334182, -3.785045479197913],
              [-78.71704896497168, -3.784727836558488],
              [-78.71745332349037, -3.7847034792231082],
              [-78.7178046184646, -3.784577850997303],
              [-78.71815661910698, -3.7847408675465988],
              [-78.71824573840792, -3.784515738187717],
              [-78.7184443331853, -3.78428122904558],
              [-78.71853583816052, -3.7837029260228143],
              [-78.71873441750752, -3.7834219061272503],
              [-78.71875261994504, -3.783396146572328],
              [-78.71876197382272, -3.783260574828211],
              [-78.7188163229678, -3.7831251218807878],
              [-78.71895140343004, -3.7830893194570305],
              [-78.71897638841199, -3.7829923878437506],
              [-78.7190776740301, -3.7829811756293292],
              [-78.71932083775792, -3.7829094993733126],
              [-78.71933009691881, -3.7828100863812155],
              [-78.71926731633562, -3.7827285627798752],
              [-78.71914163696903, -3.7826107140992535],
              [-78.7191687760038, -3.782556547138895],
              [-78.71934880436406, -3.7825389427580887],
              [-78.71938501336683, -3.7824576804180663],
              [-78.71933113726264, -3.7824123393987388],
              [-78.71941236515654, -3.7823221560953626],
              [-78.71938064905234, -3.7822322044577255],
              [-78.71936770087846, -3.7821954814902474],
              [-78.71941290889644, -3.7821142428861623],
              [-78.71902869876578, -3.7816770322596023],
              [-78.71901546267674, -3.781661970528844],
              [-78.71900891961222, -3.7816667172177945],
              [-78.71900519411284, -3.7816694202195893]
            ]
          ]
        ]
      }
    },
    {
      "type": "Feature",
      "properties": {
        "code": "148",
        "areaM2": 1.0,
        "side": "right",
        "sideSource": "declared",
        "surveyState": "INCOMPLETO",
        "affectedFlag": "SI",
        "landUse": "INFRAESTRUCTURA"
      },
      "geometry": {
        "type": "MultiPolygon",
        "coordinates": [
          [
            [
              [-78.71774076611061, -3.7814680060331325],
              [-78.71800076835767, -3.7818393225775075],
              [-78.71826024270247, -3.782209885672993],
              [-78.71870309502961, -3.781888594706817],
              [-78.71898976286418, -3.781680615923782],
              [-78.71872513330425, -3.7813025254958186],
              [-78.71853123617112, -3.7810254937809056],
              [-78.71847104746317, -3.780939497879955],
              [-78.71774076611061, -3.7814680060331325]
            ]
          ]
        ]
      }
    }
  ]
}
